Workbook

Sheet  2012 MORT INFANTIL CENSO
A1: id | B1: DEPARTAMENTO | C1: PROVINCIA | D1: MUNICIPIO | E1: Tasa de mortalidad infantil (< 1 año) (por 1,000 nacidos vivos) 2012 (CENSO) | F1: Número de niños fallecidos antes de cumplir 1 año 2012 (CENSO) | G1: CENSO NACIDOS VIVOS (CENSO) | J1: Departamento | K1: Número de niños fallecidos antes de cumplir 1 año 2012 | L1: NACIDOS VIVOS 2012 | M1: Tasa de mortalidad infantil (< 1 año) (por 1,000 nacidos vivos) 2012
A2: 10101 | B2: Chuquisaca | C2: Oropeza | D2: Sucre | E2: =(F2/G2)*1000 -> 21.000981 | F2: 107 | G2: 5095 | J2: Chuquisaca | K2: =SUM(F2:F30) -> 287 | L2: =SUM(G2:G30) -> 11564 | M2: =(K2/L2)*1000 -> 24.818402
A3: 10102 | B3: Chuquisaca | C3: Oropeza | D3: Yotala | E3: =(F3/G3)*1000 -> 23.668639 | F3: 4 | G3: 169 | J3: La Paz | K3: =+SUM(F31:F117) -> 1725 | L3: =+SUM(G31:G117) -> 54260 | M3: =(K3/L3)*1000 -> 31.791375
A4: 10103 | B4: Chuquisaca | C4: Oropeza | D4: Poroma | E4: =(F4/G4)*1000 -> 33.163265 | F4: 13 | G4: 392 | J4: Cochabamba | K4: =+SUM(F118:F165) -> 911 | L4: =+SUM(G118:G165) -> 37795 | M4: =(K4/L4)*1000 -> 24.103717
A5: 10201 | B5: Chuquisaca | C5: Azurduy | D5: Villa Azurduy | E5: =(F5/G5)*1000 -> 26.200873 | F5: 6 | G5: 229 | J5: Oruro | K5: =+SUM(F166:F200) -> 209 | L5: =+SUM(G166:G200) -> 10072 | M5: =(K5/L5)*1000 -> 20.750596
A6: 10202 | B6: Chuquisaca | C6: Azurduy | D6: Tarvita | E6: =(F6/G6)*1000 -> 21.582734 | F6: 6 | G6: 278 | J6: Potosi | K6: =+SUM(F201:F242) -> 770 | L6: =+SUM(G201:G242) -> 18587 | M6: =(K6/L6)*1000 -> 41.426804
A7: 10301 | B7: Chuquisaca | C7: Zudáñez | D7: Zudañez | E7: =(F7/G7)*1000 -> 36.199095 | F7: 8 | G7: 221 | J7: Tarija | K7: =+SUM(F243:F253) -> 157 | L7: =+SUM(G243:G253) -> 9314 | M7: =(K7/L7)*1000 -> 16.856345
A8: 10302 | B8: Chuquisaca | C8: Zudáñez | D8: Presto | E8: =(F8/G8)*1000 -> 58.181818 | F8: 16 | G8: 275 | J8: Santa Cruz | K8: =+SUM(F254:F309) -> 965 | L8: =+SUM(G254:G309) -> 62306 | M8: =(K8/L8)*1000 -> 15.488075
A9: 10303 | B9: Chuquisaca | C9: Zudáñez | D9: Villa Mojocoya | E9: =(F9/G9)*1000 -> 53.030303 | F9: 7 | G9: 132 | J9: Beni | K9: =+SUM(F310:F329) -> 322 | L9: =+SUM(G310:G329) -> 12026 | M9: =(K9/L9)*1000 -> 26.77532
A10: 10304 | B10: Chuquisaca | C10: Zudáñez | D10: Icla | E10: =(F10/G10)*1000 -> 14.388489 | F10: 2 | G10: 139 | J10: Pando | K10: =+SUM(F330:F344) -> 15 | L10: =+SUM(G330:G344) -> 3404 | M10: =(K10/L10)*1000 -> 4.4065805
A11: 10401 | B11: Chuquisaca | C11: Tomina | D11: Padilla | E11: =(F11/G11)*1000 -> 37.634409 | F11: 7 | G11: 186 | J11: Bolivia | K11: =SUM(K2:K10) -> 5361 | L11: =SUM(L2:L10) -> 219328 | M11: =(K11/L11)*1000 -> 24.442844
A12: 10402 | B12: Chuquisaca | C12: Tomina | D12: Tomina | E12: =(F12/G12)*1000 -> 30.30303 | F12: 6 | G12: 198 | J12: Gran Chaco | K12: 69 | L12: 3036 | M12: =(K12/L12)*1000 -> 22.727273
A13: 10403 | B13: Chuquisaca | C13: Tomina | D13: Sopachuy | E13: =(F13/G13)*1000 -> 15.503876 | F13: 2 | G13: 129
A14: 10404 | B14: Chuquisaca | C14: Tomina | D14: Villa Alcalá | E14: =(F14/G14)*1000 -> 0 | F14: 0 | G14: 64
A15: 10405 | B15: Chuquisaca | C15: Tomina | D15: El Villar | E15: =(F15/G15)*1000 -> 28.985507 | F15: 2 | G15: 69
A16: 10501 | B16: Chuquisaca | C16: Hernando Siles | D16: Monteagudo | E16: =(F16/G16)*1000 -> 35.789474 | F16: 17 | G16: 475
A17: 10502 | B17: Chuquisaca | C17: Hernando Siles | D17: San Pablo de Huacareta | E17: =(F17/G17)*1000 -> 12.048193 | F17: 2 | G17: 166
A18: 10601 | B18: Chuquisaca | C18: Yamparáez | D18: Tarabuco | E18: =(F18/G18)*1000 -> 42.071197 | F18: 13 | G18: 309
A19: 10602 | B19: Chuquisaca | C19: Yamparáez | D19: Yamparáez | E19: =(F19/G19)*1000 -> 13.157895 | F19: 2 | G19: 152
A20: 10701 | B20: Chuquisaca | C20: Nor Cinti | D20: Camargo | E20: =(F20/G20)*1000 -> 10.452962 | F20: 3 | G20: 287
A21: 10702 | B21: Chuquisaca | C21: Nor Cinti | D21: San Lucas | E21: =(F21/G21)*1000 -> 31.563845 | F21: 22 | G21: 697
A22: 10703 | B22: Chuquisaca | C22: Nor Cinti | D22: Incahuasi | E22: =(F22/G22)*1000 -> 26.470588 | F22: 9 | G22: 340
A23: 10704 | B23: Chuquisaca | C23: Nor Cinti | D23: Villa Charcas | E23: =(F23/G23)*1000 -> 41.564792 | F23: 17 | G23: 409
A24: 10801 | B24: Chuquisaca | C24: Belisario Boeto | D24: Villa Serrano | E24: =(F24/G24)*1000 -> 5 | F24: 1 | G24: 200
... A178: 40503 | B178: Oruro | C178: Litoral | D178: Cruz de Machacamarca | E178: =(F178/G178)*1000 -> 58.823529 | F178: 2 | G178: 34
A179: 40504 | B179: Oruro | C179: Litoral | D179: Yunguyo del Litoral | E179: =(F179/G179)*1000 -> 0 | G179: 8
A180: 40505 | B180: Oruro | C180: Litoral | D180: Esmeralda | E180: =(F180/G180)*1000 -> 0 | F180: 0 | G180: 60
A181: 40601 | B181: Oruro | C181: Poopó | D181: Poopó | E181: =(F181/G181)*1000 -> 84.033613 | F181: 10 | G181: 119
A182: 40602 | B182: Oruro | C182: Poopó | D182: Pazña | E182: =(F182/G182)*1000 -> 26.785714 | F182: 3 | G182: 112
A183: 40603 | B183: Oruro | C183: Poopó | D183: Antequera | E183: =(F183/G183)*1000 -> 16.393443 | F183: 1 | G183: 61
A184: 40701 | B184: Oruro | C184: Pantaleón Dalence | D184: Huanuni | E184: =(F184/G184)*1000 -> 18.975332 | F184: 10 | G184: 527
A185: 40702 | B185: Oruro | C185: Pantaleón Dalence | D185: Machacamarca | E185: =(F185/G185)*1000 -> 22.727273 | F185: 2 | G185: 88
A186: 40801 | B186: Oruro | C186: Ladislao Cabrera | D186: Salinas de Garcí Mendoza | E186: =(F186/G186)*1000 -> 35.714286 | F186: 7 | G186: 196
A187: 40802 | B187: Oruro | C187: Ladislao Cabrera | D187: Pampa Aullagas | E187: =(F187/G187)*1000 -> 0 | F187: 0 | G187: 64
A188: 40901 | B188: Oruro | C188: Sabaya | D188: Sabaya | E188: =(F188/G188)*1000 -> 22.59887 | F188: 4 | G188: 177
A189: 40902 | B189: Oruro | C189: Sabaya | D189: Coipasa | E189: =(F189/G189)*1000 -> 0 | F189: 0 | G189: 18
A190: 40903 | B190: Oruro | C190: Sabaya | D190: Chipaya | E190: =(F190/G190)*1000 -> 58.823529 | F190: 3 | G190: 51
A191: 41001 | B191: Oruro | C191: Saucarí | D191: Toledo | E191: =(F191/G191)*1000 -> 27.586207 | F191: 4 | G191: 145
... A198: 41502 | B198: Oruro | C198: Mejillones | D198: Todos Santos | E198: =(F198/G198)*1000 -> 0 | F198: 0 | G198: 20
A199: 41503 | B199: Oruro | C199: Mejillones | D199: Carangas | E199: =(F199/G199)*1000 -> 0 | G199: 15
A200: 41601 | B200: Oruro | C200: Nor Carangas | D200: Huayllamarca (Santiago de Huayllamarca) | E200: =(F200/G200)*1000 -> 66.666667 | F200: 5 | G200: 75
A201: 50101 | B201: Potosí | C201: Tomás Frías | D201: Potosí | E201: =(F201/G201)*1000 -> 35.079829 | F201: 156 | G201: 4447
A202: 50102 | B202: Potosí | C202: Tomás Frías | D202: Tinguipaya | E202: =(F202/G202)*1000 -> 99.688474 | F202: 64 | G202: 642
A203: 50103 | B203: Potosí | C203: Tomás Frías | D203: Yocalla | E203: =(F203/G203)*1000 -> 6.4516129 | F203: 1 | G203: 155
A204: 50104 | B204: Potosí | C204: Tomás Frías | D204: Belén de Urmiri | E204: =(F204/G204)*1000 -> 16.666667 | F204: 1 | G204: 60
A205: 50201 | B205: Potosí | C205: Rafael Bustillo | D205: Uncía | E205: =(F205/G205)*1000 -> 96.846847 | F205: 43 | G205: 444
A206: 50202 | B206: Potosí | C206: Rafael Bustillo | D206: Chayanta | E206: =(F206/G206)*1000 -> 71.794872 | F206: 28 | G206: 390
A207: 50203 | B207: Potosí | C207: Rafael Bustillo | D207: Llallagua | E207: =(F207/G207)*1000 -> 33.932136 | F207: 34 | G207: 1002
A208: 50204 | B208: Potosí | C208: Rafael Bustillo | D208: Chuquihuta - Ayllu Jucumani | E208: =(F208/G208)*1000 -> 59.288538 | F208: 15 | G208: 253
A209: 50301 | B209: Potosí | C209: Cornelio Saavedra | D209: Betanzos | E209: =(F209/G209)*1000 -> 56.162246 | F209: 36 | G209: 641
A210: 50302 | B210: Potosí | C210: Cornelio Saavedra | D210: Chaquí | E210: =(F210/G210)*1000 -> 52.941176 | F210: 9 | G210: 170
A211: 50303 | B211: Potosí | C211: Cornelio Saavedra | D211: Tacobamba | E211: =(F211/G211)*1000 -> 51.587302 | F211: 13 | G211: 252
... A235: 51203 | B235: Potosí | C235: Antonio Quijarro | D235: Porco | E235: =(F235/G235)*1000 -> 6.2893082 | F235: 2 | G235: 318
A236: 51204 | B236: Potosí | D236: TIOC-Jatun Ayllu Yura | E236: =(F236/G236)*1000 -> 23.076923 | F236: 3 | G236: 130
A237: 51301 | B237: Potosí | C237: General Bilbao | D237: Arampampa | E237: =(F237/G237)*1000 -> 27.272727 | F237: 3 | G237: 110
A238: 51302 | B238: Potosí | C238: General Bilbao | D238: Acasio | E238: =(F238/G238)*1000 -> 23.255814 | F238: 3 | G238: 129
A239: 51401 | B239: Potosí | C239: Daniel Campos | D239: Llica | E239: =(F239/G239)*1000 -> 12.195122 | F239: 1 | G239: 82
A240: 51402 | B240: Potosí | C240: Daniel Campos | D240: Tahua | E240: =(F240/G240)*1000 -> 0 | F240: 0 | G240: 26
A241: 51501 | B241: Potosí | C241: Modesto Omiste | D241: Villazón | E241: =(F241/G241)*1000 -> 3.058104 | F241: 3 | G241: 981
A242: 51601 | B242: Potosí | C242: Enrique Baldivieso | D242: San Agustín | E242: =(F242/G242)*1000 -> 0 | F242: 0 | G242: 19
A243: 60101 | B243: Tarija | C243: Cercado | D243: Tarija | E243: =(F243/G243)*1000 -> 11.360634 | F243: 43 | G243: 3785
A244: 60201 | B244: Tarija | C244: Arce | D244: Padcaya | E244: =(F244/G244)*1000 -> 18.348624 | F244: 6 | G244: 327
A245: 60202 | B245: Tarija | C245: Arce | D245: Bermejo | E245: =(F245/G245)*1000 -> 25.751073 | F245: 18 | G245: 699
A246: 60301 | B246: Tarija | C246: Gran Chaco | D246: Yacuiba | E246: =(F246/G246)*1000 -> 23.006956 | F246: 43 | G246: 1869
A247: 60302 | B247: Tarija | C247: Gran Chaco | D247: Caraparí | E247: =(F247/G247)*1000 -> 7.0671378 | F247: 2 | G247: 283
A248: 60303 | B248: Tarija | C248: Gran Chaco | D248: Villa Montes | E248: =(F248/G248)*1000 -> 27.149321 | F248: 24 | G248: 884
... A328: 80803 | B328: Beni | C328: Iténez | D328: Huacaraje | E328: =(F328/G328)*1000 -> 17.094017 | F328: 2 | G328: 117
A329: 80901 | B329: Beni | D329: TIOC-Territorio Indigena Multiétnico | E329: =(F329/G329)*1000 -> 24.390244 | F329: 3 | G329: 123
A330: 90101 | B330: Pando | C330: Nicolás Suárez | D330: Cobija | E330: =(F330/G330)*1000 -> 5.1736881 | F330: 7 | G330: 1353
A331: 90102 | B331: Pando | C331: Nicolás Suárez | D331: Porvenir | E331: =(F331/G331)*1000 -> 0 | F331: 0 | G331: 201
A332: 90103 | B332: Pando | C332: Nicolás Suárez | D332: Bolpebra | E332: =(F332/G332)*1000 -> 0 | F332: 0 | G332: 74
A333: 90104 | B333: Pando | C333: Nicolás Suárez | D333: Bella Flor | E333: =(F333/G333)*1000 -> 0 | F333: 0 | G333: 115
A334: 90201 | B334: Pando | C334: Manuripi | D334: Puerto Rico | E334: =(F334/G334)*1000 -> 0 | F334: 0 | G334: 213
A335: 90202 | B335: Pando | C335: Manuripi | D335: San Pedro | E335: =(F335/G335)*1000 -> 0 | F335: 0 | G335: 68
A336: 90203 | B336: Pando | C336: Manuripi | D336: Filadelfia | E336: =(F336/G336)*1000 -> 0 | F336: 0 | G336: 214
A337: 90301 | B337: Pando | C337: Madre de Dios | D337: Puerto Gonzalo Moreno | E337: =(F337/G337)*1000 -> 4.587156 | F337: 1 | G337: 218
A338: 90302 | B338: Pando | C338: Madre de Dios | D338: San Lorenzo | E338: =(F338/G338)*1000 -> 0 | F338: 0 | G338: 286
A339: 90303 | B339: Pando | C339: Madre de Dios | D339: Sena | E339: =(F339/G339)*1000 -> 6.4102564 | F339: 2 | G339: 312
A340: 90401 | B340: Pando | C340: Abuná | D340: Santa Rosa del Abuná | E340: =(F340/G340)*1000 -> 0 | F340: 0 | G340: 72
A341: 90402 | B341: Pando | C341: Abuná | D341: Ingavi | E341: =(F341/G341)*1000 -> 19.607843 | F341: 1 | G341: 51
... A344: 90503 | B344: Pando | C344: Federico Román | D344: Santos Mercado | E344: =(F344/G344)*1000 -> 0 | F344: 0 | G344: 78
D346: Gran Chaco | E346: =(F346/G346)*1000 -> 22.727273 | F346: =SUM(F246:F248) -> 69 | G346: =SUM(G246:G248) -> 3036
C353: Promedio | D353: =AVERAGE(E1:E344) -> 26.549999 | F353: =D353+D354 -> 49.43128
C354: Desv.Est. | D354: =STDEV(E1:E344) -> 22.881281 | F354: =D353-D354 -> 3.6687182
C355: Min
C356: Max
C357: Obs

Sheet  2024 MORT INFA
A1: id | B1: DEPARTAMENTO | C1: PROVINCIA | D1: MUNICIPIO | E1: Tasa de mortalidad infantil (< 1 año) (por 1,000 nacidos vivos) 2019-2023 (CENSO) | F1: Número de niños fallecidos antes de cumplir 1 año (2019-2023) (CENSO) | G1: CENSO NACIDOS VIVOS (CENSO)(2019-2023) | H1: Número de niños fallecidos antes de cumplir 1 año (CENSO) PROMEDIO | I1: CENSO NACIDOS VIVOS (CENSO) PROMEDIO | L1: Departamento | M1: Número de niños fallecidos antes de cumplir 1 año (2019-2023) | N1: NACIDOS VIVOS (2019-2023) | O1: Tasa de mortalidad infantil (< 1 año) (por 1,000 nacidos vivos) 2019-2023
A2: 10101 | B2: Chuquisaca | C2: Oropeza | D2: Sucre | E2: =(F2/G2)*1000 -> 7.1390953 | F2: 122 | G2: 17089 | H2: =F2/5 -> 24.4 | I2: =G2/5 -> 3417.8 | L2: Chuquisaca | M2: =SUM(F2:F30) -> 330 | N2: =SUM(G2:G30) -> 35806 | O2: =(M2/N2)*1000 -> 9.2163325
A3: 10102 | B3: Chuquisaca | C3: Oropeza | D3: Yotala | E3: =(F3/G3)*1000 -> 17.34104 | F3: 9 | G3: 519 | H3: =F3/5 -> 1.8 | I3: =G3/5 -> 103.8 | L3: La Paz | M3: =+SUM(F31:F117) -> 2288 | N3: =+SUM(G31:G117) -> 175213 | O3: =(M3/N3)*1000 -> 13.058392
A4: 10103 | B4: Chuquisaca | C4: Oropeza | D4: Poroma | E4: =(F4/G4)*1000 -> 18.454441 | F4: 16 | G4: 867 | H4: =F4/5 -> 3.2 | I4: =G4/5 -> 173.4 | L4: Cochabamba | M4: =+SUM(F118:F165) -> 1317 | N4: =+SUM(G118:G165) -> 128674 | O4: =(M4/N4)*1000 -> 10.235168
A5: 10201 | B5: Chuquisaca | C5: Azurduy | D5: Villa Azurduy | E5: =(F5/G5)*1000 -> 15.296367 | F5: 8 | G5: 523 | H5: =F5/5 -> 1.6 | I5: =G5/5 -> 104.6 | L5: Oruro | M5: =+SUM(F166:F200) -> 455 | N5: =+SUM(G166:G200) -> 35024 | O5: =(M5/N5)*1000 -> 12.991092
A6: 10202 | B6: Chuquisaca | C6: Azurduy | D6: Tarvita | E6: =(F6/G6)*1000 -> 10.587103 | F6: 11 | G6: 1039 | H6: =F6/5 -> 2.2 | I6: =G6/5 -> 207.8 | L6: Potosi | M6: =+SUM(F201:F242) -> 979 | N6: =+SUM(G201:G242) -> 57031 | O6: =(M6/N6)*1000 -> 17.166103
A7: 10301 | B7: Chuquisaca | C7: Zudáñez | D7: Zudañez | E7: =(F7/G7)*1000 -> 3.7313433 | F7: 3 | G7: 804 | H7: =F7/5 -> 0.6 | I7: =G7/5 -> 160.8 | L7: Tarija | M7: =+SUM(F243:F253) -> 201 | N7: =+SUM(G243:G253) -> 31547 | O7: =(M7/N7)*1000 -> 6.3714458
A8: 10302 | B8: Chuquisaca | C8: Zudáñez | D8: Presto | E8: =(F8/G8)*1000 -> 10.269576 | F8: 8 | G8: 779 | H8: =F8/5 -> 1.6 | I8: =G8/5 -> 155.8 | L8: Santa Cruz | M8: =+SUM(F254:F309) -> 1631 | N8: =+SUM(G254:G309) -> 210592 | O8: =(M8/N8)*1000 -> 7.7448336
A9: 10303 | B9: Chuquisaca | C9: Zudáñez | D9: Villa Mojocoya | E9: =(F9/G9)*1000 -> 9.1407678 | F9: 5 | G9: 547 | H9: =F9/5 -> 1 | I9: =G9/5 -> 109.4 | L9: Beni | M9: =+SUM(F310:F329) -> 336 | N9: =+SUM(G310:G329) -> 36199 | O9: =(M9/N9)*1000 -> 9.2820244
A10: 10304 | B10: Chuquisaca | C10: Zudáñez | D10: Icla | E10: =(F10/G10)*1000 -> 9.6339114 | F10: 5 | G10: 519 | H10: =F10/5 -> 1 | I10: =G10/5 -> 103.8 | L10: Pando | M10: =+SUM(F330:F344) -> 71 | N10: =+SUM(G330:G344) -> 9512 | O10: =(M10/N10)*1000 -> 7.4642557
A11: 10401 | B11: Chuquisaca | C11: Tomina | D11: Padilla | E11: =(F11/G11)*1000 -> 5.1369863 | F11: 3 | G11: 584 | H11: =F11/5 -> 0.6 | I11: =G11/5 -> 116.8 | L11: Bolivia | M11: =SUM(M2:M10) -> 7608 | N11: =SUM(N2:N10) -> 719598 | O11: =(M11/N11)*1000 -> 10.57257
A12: 10402 | B12: Chuquisaca | C12: Tomina | D12: Tomina | E12: =(F12/G12)*1000 -> 5.5045872 | F12: 3 | G12: 545 | H12: =F12/5 -> 0.6 | I12: =G12/5 -> 109
A13: 10403 | B13: Chuquisaca | C13: Tomina | D13: Sopachuy | E13: =(F13/G13)*1000 -> 2.3364486 | F13: 1 | G13: 428 | H13: =F13/5 -> 0.2 | I13: =G13/5 -> 85.6
A14: 10404 | B14: Chuquisaca | C14: Tomina | D14: Villa Alcalá | E14: =(F14/G14)*1000 -> 4.9019608 | F14: 1 | G14: 204 | H14: =F14/5 -> 0.2 | I14: =G14/5 -> 40.8
A15: 10405 | B15: Chuquisaca | C15: Tomina | D15: El Villar | E15: =(F15/G15)*1000 -> 11.83432 | F15: 4 | G15: 338 | H15: =F15/5 -> 0.8 | I15: =G15/5 -> 67.6
A16: 10501 | B16: Chuquisaca | C16: Hernando Siles | D16: Monteagudo | E16: =(F16/G16)*1000 -> 6.4102564 | F16: 9 | G16: 1404 | H16: =F16/5 -> 1.8 | I16: =G16/5 -> 280.8 | L16: ID | M16: Departamento | N16: MORTALIDAD INFANTIL (1q0) 2008 | O16: MORTALIDAD INFANTIL (1q0) 2023 * | P16: Diferencia 2008 | Q16: Diferencia 2023 | R16: Nacidos vivos ENDSA 2008 Número de caso sin ponderar | S16: Nacidos vivos ENDSA 2008 Número de casos ponderador | T16: Nacidos vivos EDSA 2023 Número de caso sin ponderar | U16: Nacidos vivos EDSA 2023 Número de casos ponderador
A17: 10502 | B17: Chuquisaca | C17: Hernando Siles | D17: San Pablo de Huacareta | E17: =(F17/G17)*1000 -> 8.5287846 | F17: 4 | G17: 469 | H17: =F17/5 -> 0.8 | I17: =G17/5 -> 93.8 | L17: 1 | M17: Chuquisaca | N17: 22 | O17: 8 | P17: ='Indicador_DEP '!C2-N17 -> 0 | Q17: ='Indicador_DEP '!D2-O17 -> 0 | R17: 1536 | S17: 964 | T17: 571 | U17: 370
A18: 10601 | B18: Chuquisaca | C18: Yamparáez | D18: Tarabuco | E18: =(F18/G18)*1000 -> 18.232819 | F18: 13 | G18: 713 | H18: =F18/5 -> 2.6 | I18: =G18/5 -> 142.6 | L18: 2 | M18: La Paz | N18: 59 | O18: 15 | P18: ='Indicador_DEP '!C3-N18 -> 0 | Q18: ='Indicador_DEP '!D3-O18 -> 2 | R18: 3325 | S18: 5129 | T18: 1226 | U18: 1738
A19: 10602 | B19: Chuquisaca | C19: Yamparáez | D19: Yamparáez | E19: =(F19/G19)*1000 -> 6.5217391 | F19: 3 | G19: 460 | H19: =F19/5 -> 0.6 | I19: =G19/5 -> 92 | L19: 3 | M19: Cochabamba | N19: 57 | O19: 6 | P19: ='Indicador_DEP '!C4-N19 -> 0 | Q19: ='Indicador_DEP '!D4-O19 -> 5 | R19: 2276 | S19: 3081 | T19: 974 | U19: 1257
A20: 10701 | B20: Chuquisaca | C20: Nor Cinti | D20: Camargo | E20: =(F20/G20)*1000 -> 13.414634 | F20: 11 | G20: 820 | H20: =F20/5 -> 2.2 | I20: =G20/5 -> 164 | L20: 4 | M20: Oruro | N20: 51 | O20: 29 | P20: ='Indicador_DEP '!C5-N20 -> 0 | Q20: ='Indicador_DEP '!D5-O20 -> 2 | R20: 1565 | S20: 937 | T20: 628 | U20: 291
A21: 10702 | B21: Chuquisaca | C21: Nor Cinti | D21: San Lucas | E21: =(F21/G21)*1000 -> 15.960374 | F21: 29 | G21: 1817 | H21: =F21/5 -> 5.8 | I21: =G21/5 -> 363.4 | L21: 5 | M21: Potosí | N21: 91 | O21: 21 | P21: ='Indicador_DEP '!C6-N21 -> 0 | Q21: ='Indicador_DEP '!D6-O21 -> 21 | R21: 1779 | S21: 1634 | T21: 727 | U21: 509
A22: 10703 | B22: Chuquisaca | C22: Nor Cinti | D22: Incahuasi | E22: =(F22/G22)*1000 -> 15.355086 | F22: 16 | G22: 1042 | H22: =F22/5 -> 3.2 | I22: =G22/5 -> 208.4 | L22: 6 | M22: Tarija | N22: 33 | O22: 21 | P22: ='Indicador_DEP '!C7-N22 -> 0 | Q22: ='Indicador_DEP '!D7-O22 -> 4 | R22: 1717 | S22: 831 | T22: 527 | U22: 355
A23: 10704 | B23: Chuquisaca | C23: Nor Cinti | D23: Villa Charcas | E23: =(F23/G23)*1000 -> 8.8932806 | F23: 9 | G23: 1012 | H23: =F23/5 -> 1.8 | I23: =G23/5 -> 202.4 | L23: 7 | M23: Santa Cruz | N23: 21 | O23: 6 | P23: ='Indicador_DEP '!C8-N23 -> 0 | Q23: ='Indicador_DEP '!D8-O23 -> 2 | R23: 2933 | S23: 3717 | T23: 1112 | U23: 2087
A24: 10801 | B24: Chuquisaca | C24: Belisario Boeto | D24: Villa Serrano | E24: =(F24/G24)*1000 -> 9.8231827 | F24: 5 | G24: 509 | H24: =F24/5 -> 1 | I24: =G24/5 -> 101.8 | L24: 8 | M24: Beni | N24: 34 | O24: 13 | P24: ='Indicador_DEP '!C9-N24 -> 0 | Q24: ='Indicador_DEP '!D9-O24 -> 11 | R24: 545 | S24: 1431 | T24: 639 | U24: 331
A25: 10901 | B25: Chuquisaca | C25: Sur Cinti | D25: Villa Abecia | E25: =(F25/G25)*1000 -> 3.30033 | F25: 1 | G25: 303 | H25: =F25/5 -> 0.2 | I25: =G25/5 -> 60.6 | L25: 9 | M25: Pando | N25: =43 -> 43 | O25: 10 | P25: ='Indicador_DEP '!C10-N25 -> 0 | Q25: ='Indicador_DEP '!D10-O25 -> 0 | R25: 749 | S25: 99 | T25: 657 | U25: 106
A26: 10902 | B26: Chuquisaca | C26: Sur Cinti | D26: Culpina | E26: =(F26/G26)*1000 -> 15.015015 | F26: 15 | G26: 999 | H26: =F26/5 -> 3 | I26: =G26/5 -> 199.8 | L26: 11 | M26: Bolivia | N26: 50 | O26: 12 | P26: ='Indicador_DEP '!C12-N26 -> 0 | Q26: ='Indicador_DEP '!D12-O26 -> 4 | R26: 16939 | S26: 16939 | T26: 7061 | U26: 7043
A27: 10903 | B27: Chuquisaca | C27: Sur Cinti | D27: Las Carreras | E27: =(F27/G27)*1000 -> 4.1666667 | F27: 1 | G27: 240 | H27: =F27/5 -> 0.2 | I27: =G27/5 -> 48 | L27: (*) Con coeficiente de variación superior a 20% emplearlo solo de forma referencial | M27: urbano | N27: 36 | O27: 9 | Q27: Urbano | R27: 10905 | S27: 11183 | T27: 4821 | U27: 4905
A28: 11001 | B28: Chuquisaca | C28: Luis Calvo | D28: Villa Vaca Guzman | E28: =(F28/G28)*1000 -> 6.2992126 | F28: 4 | G28: 635 | H28: =F28/5 -> 0.8 | I28: =G28/5 -> 127 | M28: Rural | N28: 67 | O28: 17 | Q28: Rural | R28: 6034 | S28: 5756 | T28: 2240 | U28: 2137
A29: 11002 | B29: Chuquisaca | C29: Luis Calvo | D29: Huacaya | E29: =(F29/G29)*1000 -> 17.964072 | F29: 3 | G29: 167 | H29: =F29/5 -> 0.6 | I29: =G29/5 -> 33.4
A30: 11003 | B30: Chuquisaca | C30: Luis Calvo | D30: Macharetí | E30: =(F30/G30)*1000 -> 18.561485 | F30: 8 | G30: 431 | H30: =F30/5 -> 1.6 | I30: =G30/5 -> 86.2
A31: 20101 | B31: La Paz | C31: Murillo | D31: Nuestra Señora de La Paz | E31: =(F31/G31)*1000 -> 10.194625 | F31: 352 | G31: 34528 | H31: =F31/5 -> 70.4 | I31: =G31/5 -> 6905.6
A32: 20102 | B32: La Paz | C32: Murillo | D32: Palca | E32: =(F32/G32)*1000 -> 17.275748 | F32: 26 | G32: 1505 | H32: =F32/5 -> 5.2 | I32: =G32/5 -> 301
A33: 20103 | B33: La Paz | C33: Murillo | D33: Mecapaca | E33: =(F33/G33)*1000 -> 12.100259 | F33: 14 | G33: 1157 | H33: =F33/5 -> 2.8 | I33: =G33/5 -> 231.4
A34: 20104 | B34: La Paz | C34: Murillo | D34: Achocalla | E34: =(F34/G34)*1000 -> 13.062908 | F34: 38 | G34: 2909 | H34: =F34/5 -> 7.6 | I34: =G34/5 -> 581.8
A35: 20105 | B35: La Paz | C35: Murillo | D35: El Alto | E35: =(F35/G35)*1000 -> 13.18608 | F35: 751 | G35: 56954 | H35: =F35/5 -> 150.2 | I35: =G35/5 -> 11390.8
A36: 20201 | B36: La Paz | C36: Omasuyos | D36: Achacachi | E36: =(F36/G36)*1000 -> 16.406563 | F36: 41 | G36: 2499 | H36: =F36/5 -> 8.2 | I36: =G36/5 -> 499.8
A37: 20202 | B37: La Paz | C37: Omasuyos | D37: Ancoraimes | E37: =(F37/G37)*1000 -> 13.398295 | F37: 11 | G37: 821 | H37: =F37/5 -> 2.2 | I37: =G37/5 -> 164.2
A38: 20203 | B38: La Paz | C38: Omasuyos | D38: Chua Cocani | E38: =(F38/G38)*1000 -> 18.018018 | F38: 6 | G38: 333 | H38: =F38/5 -> 1.2 | I38: =G38/5 -> 66.6
A39: 20204 | B39: La Paz | C39: Omasuyos | D39: Huarina | E39: =(F39/G39)*1000 -> 14.354067 | F39: 6 | G39: 418 | H39: =F39/5 -> 1.2 | I39: =G39/5 -> 83.6
A40: 20205 | B40: La Paz | C40: Omasuyos | D40: Santiago de Huata | E40: =(F40/G40)*1000 -> 7.2463768 | F40: 3 | G40: 414 | H40: =F40/5 -> 0.6 | I40: =G40/5 -> 82.8
... A235: 51203 | B235: Potosí | C235: Antonio Quijarro | D235: Porco | E235: =(F235/G235)*1000 -> 10.569106 | F235: 13 | G235: 1230 | H235: =F235/5 -> 2.6 | I235: =G235/5 -> 246
A236: 51204 | B236: Potosí | D236: TIOC-Jatun Ayllu Yura | E236: =(F236/G236)*1000 -> 27.548209 | F236: 10 | G236: 363 | H236: =F236/5 -> 2 | I236: =G236/5 -> 72.6
A237: 51301 | B237: Potosí | C237: General Bilbao | D237: Arampampa | E237: =(F237/G237)*1000 -> 21.929825 | F237: 5 | G237: 228 | H237: =F237/5 -> 1 | I237: =G237/5 -> 45.6
A238: 51302 | B238: Potosí | C238: General Bilbao | D238: Acasio | E238: =(F238/G238)*1000 -> 30.188679 | F238: 8 | G238: 265 | H238: =F238/5 -> 1.6 | I238: =G238/5 -> 53
A239: 51401 | B239: Potosí | C239: Daniel Campos | D239: Llica | E239: =(F239/G239)*1000 -> 28.070175 | F239: 8 | G239: 285 | H239: =F239/5 -> 1.6 | I239: =G239/5 -> 57
A240: 51402 | B240: Potosí | C240: Daniel Campos | D240: Tahua | E240: =(F240/G240)*1000 -> 0 | F240: 0 | G240: 84 | H240: =F240/5 -> 0 | I240: =G240/5 -> 16.8
A241: 51501 | B241: Potosí | C241: Modesto Omiste | D241: Villazón | E241: =(F241/G241)*1000 -> 12.358049 | F241: 37 | G241: 2994 | H241: =F241/5 -> 7.4 | I241: =G241/5 -> 598.8
A242: 51601 | B242: Potosí | C242: Enrique Baldivieso | D242: San Agustín | E242: =(F242/G242)*1000 -> 15.625 | F242: 2 | G242: 128 | H242: =F242/5 -> 0.4 | I242: =G242/5 -> 25.6
A243: 60101 | B243: Tarija | C243: Cercado | D243: Tarija | E243: =(F243/G243)*1000 -> 5.4260604 | F243: 71 | G243: 13085 | H243: =F243/5 -> 14.2 | I243: =G243/5 -> 2617
A244: 60201 | B244: Tarija | C244: Arce | D244: Padcaya | E244: =(F244/G244)*1000 -> 5.9760956 | F244: 6 | G244: 1004 | H244: =F244/5 -> 1.2 | I244: =G244/5 -> 200.8
A245: 60202 | B245: Tarija | C245: Arce | D245: Bermejo | E245: =(F245/G245)*1000 -> 4.4326241 | F245: 10 | G245: 2256 | H245: =F245/5 -> 2 | I245: =G245/5 -> 451.2
A246: 60301 | B246: Tarija | C246: Gran Chaco | D246: Yacuiba | E246: =(F246/G246)*1000 -> 9.8007712 | F246: 61 | G246: 6224 | H246: =F246/5 -> 12.2 | I246: =G246/5 -> 1244.8
A247: 60302 | B247: Tarija | C247: Gran Chaco | D247: Caraparí | E247: =(F247/G247)*1000 -> 6.5176909 | F247: 7 | G247: 1074 | H247: =F247/5 -> 1.4 | I247: =G247/5 -> 214.8
A248: 60303 | B248: Tarija | C248: Gran Chaco | D248: Villa Montes | E248: =(F248/G248)*1000 -> 5.60871 | F248: 17 | G248: 3031 | H248: =F248/5 -> 3.4 | I248: =G248/5 -> 606.2
... A328: 80803 | B328: Beni | C328: Iténez | D328: Huacaraje | E328: =(F328/G328)*1000 -> 3.0395137 | F328: 1 | G328: 329 | H328: =F328/5 -> 0.2 | I328: =G328/5 -> 65.8
A329: 80901 | B329: Beni | D329: TIOC-Territorio Indigena Multiétnico | E329: =(F329/G329)*1000 -> 27.777778 | F329: 11 | G329: 396 | H329: =F329/5 -> 2.2 | I329: =G329/5 -> 79.2
A330: 90101 | B330: Pando | C330: Nicolás Suárez | D330: Cobija | E330: =(F330/G330)*1000 -> 8.8913587 | F330: 32 | G330: 3599 | H330: =F330/5 -> 6.4 | I330: =G330/5 -> 719.8
A331: 90102 | B331: Pando | C331: Nicolás Suárez | D331: Porvenir | E331: =(F331/G331)*1000 -> 1.6 | F331: 1 | G331: 625 | H331: =F331/5 -> 0.2 | I331: =G331/5 -> 125
A332: 90103 | B332: Pando | C332: Nicolás Suárez | D332: Bolpebra | E332: =(F332/G332)*1000 -> 0 | F332: 0 | G332: 152 | H332: =F332/5 -> 0 | I332: =G332/5 -> 30.4
A333: 90104 | B333: Pando | C333: Nicolás Suárez | D333: Bella Flor | E333: =(F333/G333)*1000 -> 3.8022814 | F333: 1 | G333: 263 | H333: =F333/5 -> 0.2 | I333: =G333/5 -> 52.6
A334: 90201 | B334: Pando | C334: Manuripi | D334: Puerto Rico | E334: =(F334/G334)*1000 -> 6.6225166 | F334: 4 | G334: 604 | H334: =F334/5 -> 0.8 | I334: =G334/5 -> 120.8
A335: 90202 | B335: Pando | C335: Manuripi | D335: San Pedro | E335: =(F335/G335)*1000 -> 0 | F335: 0 | G335: 262 | H335: =F335/5 -> 0 | I335: =G335/5 -> 52.4
A336: 90203 | B336: Pando | C336: Manuripi | D336: Filadelfia | E336: =(F336/G336)*1000 -> 4.6511628 | F336: 3 | G336: 645 | H336: =F336/5 -> 0.6 | I336: =G336/5 -> 129
A337: 90301 | B337: Pando | C337: Madre de Dios | D337: Puerto Gonzalo Moreno | E337: =(F337/G337)*1000 -> 8.9020772 | F337: 6 | G337: 674 | H337: =F337/5 -> 1.2 | I337: =G337/5 -> 134.8
A338: 90302 | B338: Pando | C338: Madre de Dios | D338: San Lorenzo | E338: =(F338/G338)*1000 -> 2.5380711 | F338: 2 | G338: 788 | H338: =F338/5 -> 0.4 | I338: =G338/5 -> 157.6
A339: 90303 | B339: Pando | C339: Madre de Dios | D339: Sena | E339: =(F339/G339)*1000 -> 11.702128 | F339: 11 | G339: 940 | H339: =F339/5 -> 2.2 | I339: =G339/5 -> 188
A340: 90401 | B340: Pando | C340: Abuná | D340: Santa Rosa del Abuná | E340: =(F340/G340)*1000 -> 4.3478261 | F340: 1 | G340: 230 | H340: =F340/5 -> 0.2 | I340: =G340/5 -> 46
A341: 90402 | B341: Pando | C341: Abuná | D341: Ingavi | E341: =(F341/G341)*1000 -> 9.478673 | F341: 2 | G341: 211 | H341: =F341/5 -> 0.4 | I341: =G341/5 -> 42.2
... A344: 90503 | B344: Pando | C344: Federico Román | D344: Santos Mercado | E344: =(F344/G344)*1000 -> 22.346369 | F344: 4 | G344: 179 | H344: =F344/5 -> 0.8 | I344: =G344/5 -> 35.8
F345: 7608 | G345: 719598 | H345: =F345/5 -> 1521.6 | I345: =G345/5 -> 143919.6 | L345: =G345+J345 -> 719598
D346: Gran Chaco | E346: =(F346/G346)*1000 -> 8.2292574 | F346: =AVERAGE(F246:F248) -> 28.333333 | G346: =AVERAGE(G246:G248) -> 3443
M350: =E354*100 -> 0 | O350: =M350+M351 -> 0
M351: =E355*100 -> 0 | O351: =M350-M351 -> 0
C353: Promedio | D353: =AVERAGE(E1:E344) -> 12.731281 | F353: =D353+D354 -> 21.070308
C354: Desv.Est. | D354: =STDEV(E1:E344) -> 8.3390272 | F354: =D353-D354 -> 4.3922533
C355: Min
C356: Max
C357: Obs

Sheet Datos procesados_EDSA_y_Cen2012
A1: id | B1: DEPARTAMENTO | C1: PROVINCIA | D1: MUNICIPIO | E1: Número de niños fallecidos antes de cumplir 1 año (CENSO) PROMEDIO | F1: CENSO NACIDOS VIVOS (CENSO) PROMEDIO | G1: Porcentaje de fallecidos por municipio | H1: Estimados fallecidos por municipio con EDSA | I1: Porcentaje de nacidos por municipio | J1: Estimados nacidos por municipio con EDSA | K1: Tasa de mortalidad acorde a EDSA distribuido por censo 2024 | M1: id_departamento | N1: Departamento | O1: Tasa de mortalidad infantil (< 1 año) (por 1,000 nacidos vivos) 2012 | P1: Tasa de mortalidad infantil (< 1 año) (por 1,000 nacidos vivos) 2024 | Q1: Departamento | R1: Número de niños fallecidos antes de cumplir 1 año 2012 CENSO | S1: CENSO NACIDOS VIVOS 2012 | T1: MORTALIDAD INFANTIL (1q0) 2008
A2: 10101 | B2: Chuquisaca | C2: Oropeza | D2: Sucre | E2: 107 | F2: 5095 | G2: =E2/$R$2 -> 0.3728223 | H2: =$S$17*G2 -> 7.9068153 | I2: =F2/$S$2 -> 0.44059149 | J2: =I2*$U$17 -> 424.7302 | K2: =1000*H2/J2 -> 18.616089 | M2: 1 | N2: Chuquisaca | O2: 24.818402 | P2: 8.8076422 | Q2: Chuquisaca | R2: 287 | S2: 11564 | T2: 22
A3: 10102 | B3: Chuquisaca | C3: Oropeza | D3: Yotala | E3: 4 | F3: 169 | G3: =E3/$R$2 -> 0.013937282 | H3: =$S$17*G3 -> 0.29558188 | I3: =F3/$S$2 -> 0.01461432 | J3: =I3*$U$17 -> 14.088205 | K3: =1000*H3/J3 -> 20.980805 | M3: 2 | N3: La Paz | O3: 31.791375 | P3: 12.522002 | Q3: La Paz | R3: 1725 | S3: 54260 | T3: 59
A4: 10103 | B4: Chuquisaca | C4: Oropeza | D4: Poroma | E4: 13 | F4: 392 | G4: =E4/$R$2 -> 0.045296167 | H4: =$S$17*G4 -> 0.96064112 | I4: =F4/$S$2 -> 0.033898305 | J4: =I4*$U$17 -> 32.677966 | K4: =1000*H4/J4 -> 29.397213 | M4: 3 | N4: Cochabamba | O4: 24.103717 | P4: 9.8247123 | Q4: Cochabamba | R4: 911 | S4: 37795 | T4: 57
A5: 10201 | B5: Chuquisaca | C5: Azurduy | D5: Villa Azurduy | E5: 6 | F5: 229 | G5: =E5/$R$2 -> 0.020905923 | H5: =$S$17*G5 -> 0.44337282 | I5: =F5/$S$2 -> 0.019802836 | J5: =I5*$U$17 -> 19.089934 | K5: =1000*H5/J5 -> 23.225477 | M5: 4 | N5: Oruro | O5: 20.750596 | P5: 12.381883 | Q5: Oruro | R5: 209 | S5: 10072 | T5: 51
A6: 10202 | B6: Chuquisaca | C6: Azurduy | D6: Tarvita | E6: 6 | F6: 278 | G6: =E6/$R$2 -> 0.020905923 | H6: =$S$17*G6 -> 0.44337282 | I6: =F6/$S$2 -> 0.024040125 | J6: =I6*$U$17 -> 23.17468 | K6: =1000*H6/J6 -> 19.131777 | M6: 5 | N6: Potosí | O6: 41.426804 | P6: 16.377842 | Q6: Potosi | R6: 770 | S6: 18587 | T6: 91
A7: 10301 | B7: Chuquisaca | C7: Zudáñez | D7: Zudañez | E7: 8 | F7: 221 | G7: =E7/$R$2 -> 0.027874564 | H7: =$S$17*G7 -> 0.59116376 | I7: =F7/$S$2 -> 0.019111034 | J7: =I7*$U$17 -> 18.423037 | K7: =1000*H7/J7 -> 32.08829 | M7: 6 | N7: Tarija | O7: 16.856345 | P7: 6.115097 | Q7: Tarija | R7: 157 | S7: 9314 | T7: 33
A8: 10302 | B8: Chuquisaca | C8: Zudáñez | D8: Presto | E8: 16 | F8: 275 | G8: =E8/$R$2 -> 0.055749129 | H8: =$S$17*G8 -> 1.1823275 | I8: =F8/$S$2 -> 0.023780699 | J8: =I8*$U$17 -> 22.924594 | K8: =1000*H8/J8 -> 51.574634 | M8: 7 | N8: Santa Cruz | O8: 15.488075 | P8: 7.3922008 | Q8: Santa Cruz | R8: 965 | S8: 62306 | T8: 21
A9: 10303 | B9: Chuquisaca | C9: Zudáñez | D9: Villa Mojocoya | E9: 7 | F9: 132 | G9: =E9/$R$2 -> 0.024390244 | H9: =$S$17*G9 -> 0.51726829 | I9: =F9/$S$2 -> 0.011414735 | J9: =I9*$U$17 -> 11.003805 | K9: =1000*H9/J9 -> 47.00813 | M9: 8 | N9: Beni | O9: 26.77532 | P9: 8.8360995 | Q9: Beni | R9: 322 | S9: 12026 | T9: 34
A10: 10304 | B10: Chuquisaca | C10: Zudáñez | D10: Icla | E10: 2 | F10: 139 | G10: =E10/$R$2 -> 0.0069686411 | H10: =$S$17*G10 -> 0.14779094 | I10: =F10/$S$2 -> 0.012020062 | J10: =I10*$U$17 -> 11.58734 | K10: =1000*H10/J10 -> 12.754518 | M10: 9 | N10: Pando | O10: 4.4065805 | P10: 7.2927073 | Q10: Pando | R10: 15 | S10: 3404 | T10: =43 -> 43
A11: 10401 | B11: Chuquisaca | C11: Tomina | D11: Padilla | E11: 7 | F11: 186 | G11: =E11/$R$2 -> 0.024390244 | H11: =$S$17*G11 -> 0.51726829 | I11: =F11/$S$2 -> 0.0160844 | J11: =I11*$U$17 -> 15.505361 | K11: =1000*H11/J11 -> 33.360608 | M11: 10 | N11: Gran Chaco | O11: 22.727273 | P11: 8.2292574 | Q11: Gran Chaco | R11: 69 | S11: 3036 | T11: =SUM(H246:H248)/SUM(J246:J248)*1000 -> 44.493631
A12: 10402 | B12: Chuquisaca | C12: Tomina | D12: Tomina | E12: 6 | F12: 198 | G12: =E12/$R$2 -> 0.020905923 | H12: =$S$17*G12 -> 0.44337282 | I12: =F12/$S$2 -> 0.017122103 | J12: =I12*$U$17 -> 16.505707 | K12: =1000*H12/J12 -> 26.861789 | M12: 11 | N12: Bolivia | O12: 24.442844 | P12: 10.114268 | Q12: Bolivia | R12: 5361 | S12: 219328 | T12: 50
A13: 10403 | B13: Chuquisaca | C13: Tomina | D13: Sopachuy | E13: 2 | F13: 129 | G13: =E13/$R$2 -> 0.0069686411 | H13: =$S$17*G13 -> 0.14779094 | I13: =F13/$S$2 -> 0.01115531 | J13: =I13*$U$17 -> 10.753718 | K13: =1000*H13/J13 -> 13.743241
A14: 10404 | B14: Chuquisaca | C14: Tomina | D14: Villa Alcalá | E14: 0 | F14: 64 | G14: =E14/$R$2 -> 0 | H14: =$S$17*G14 -> 0 | I14: =F14/$S$2 -> 0.0055344172 | J14: =I14*$U$17 -> 5.3351781 | K14: =1000*H14/J14 -> 0
A15: 10405 | B15: Chuquisaca | C15: Tomina | D15: El Villar | E15: 2 | F15: 69 | G15: =E15/$R$2 -> 0.0069686411 | H15: =$S$17*G15 -> 0.14779094 | I15: =F15/$S$2 -> 0.0059667935 | J15: =I15*$U$17 -> 5.7519889 | K15: =1000*H15/J15 -> 25.693885
A16: 10501 | B16: Chuquisaca | C16: Hernando Siles | D16: Monteagudo | E16: 17 | F16: 475 | G16: =E16/$R$2 -> 0.059233449 | H16: =$S$17*G16 -> 1.256223 | I16: =F16/$S$2 -> 0.041075752 | J16: =I16*$U$17 -> 39.597025 | K16: =1000*H16/J16 -> 31.725186 | M16: ID | N16: Departamento | O16: MORTALIDAD INFANTIL (1q0) 2008 | P16: MORTALIDAD INFANTIL (1q0) 2023 * | Q16: Diferencia 2008 | R16: Diferencia 2023 | S16: Defunciones aproximadas con EDSA 2023 | T16: Nacidos vivos ENDSA 2008 Número de caso sin ponderar | U16: Nacidos vivos ENDSA 2008 Número de casos ponderador
A17: 10502 | B17: Chuquisaca | C17: Hernando Siles | D17: San Pablo de Huacareta | E17: 2 | F17: 166 | G17: =E17/$R$2 -> 0.0069686411 | H17: =$S$17*G17 -> 0.14779094 | I17: =F17/$S$2 -> 0.014354894 | J17: =I17*$U$17 -> 13.838118 | K17: =1000*H17/J17 -> 10.679988 | M17: 1 | N17: Chuquisaca | O17: 22 | P17: 8 | Q17: =O2-O17 -> 2.8184019 | R17: =P2-P17 -> 0.80764216 | S17: =O17*U17/1000 -> 21.208 | T17: 1536 | U17: 964
A18: 10601 | B18: Chuquisaca | C18: Yamparáez | D18: Tarabuco | E18: 13 | F18: 309 | G18: =E18/$R$2 -> 0.045296167 | H18: =$S$17*G18 -> 0.96064112 | I18: =F18/$S$2 -> 0.026720858 | J18: =I18*$U$17 -> 25.758907 | K18: =1000*H18/J18 -> 37.293551 | M18: 2 | N18: La Paz | O18: 59 | P18: 15 | Q18: =O3-O18 -> -27.208625 | R18: =P3-P18 -> -2.4779982 | S18: =O18*U18/1000 -> 302.611 | T18: 3325 | U18: 5129
A19: 10602 | B19: Chuquisaca | C19: Yamparáez | D19: Yamparáez | E19: 2 | F19: 152 | G19: =E19/$R$2 -> 0.0069686411 | H19: =$S$17*G19 -> 0.14779094 | I19: =F19/$S$2 -> 0.013144241 | J19: =I19*$U$17 -> 12.671048 | K19: =1000*H19/J19 -> 11.663671 | M19: 3 | N19: Cochabamba | O19: 57 | P19: 6 | Q19: =O4-O19 -> -32.896283 | R19: =P4-P19 -> 3.8247123 | S19: =O19*U19/1000 -> 175.617 | T19: 2276 | U19: 3081
A20: 10701 | B20: Chuquisaca | C20: Nor Cinti | D20: Camargo | E20: 3 | F20: 287 | G20: =E20/$R$2 -> 0.010452962 | H20: =$S$17*G20 -> 0.22168641 | I20: =F20/$S$2 -> 0.024818402 | J20: =I20*$U$17 -> 23.924939 | K20: =1000*H20/J20 -> 9.2659131 | M20: 4 | N20: Oruro | O20: 51 | P20: 29 | Q20: =O5-O20 -> -30.249404 | R20: =P5-P20 -> -16.618117 | S20: =O20*U20/1000 -> 47.787 | T20: 1565 | U20: 937
A21: 10702 | B21: Chuquisaca | C21: Nor Cinti | D21: San Lucas | E21: 22 | F21: 697 | G21: =E21/$R$2 -> 0.076655052 | H21: =$S$17*G21 -> 1.6257003 | I21: =F21/$S$2 -> 0.060273262 | J21: =I21*$U$17 -> 58.103424 | K21: =1000*H21/J21 -> 27.979424 | M21: 5 | N21: Potosí | O21: 91 | P21: 21 | Q21: =O6-O21 -> -49.573196 | R21: =P6-P21 -> -4.6221577 | S21: =O21*U21/1000 -> 148.694 | T21: 1779 | U21: 1634
A22: 10703 | B22: Chuquisaca | C22: Nor Cinti | D22: Incahuasi | E22: 9 | F22: 340 | G22: =E22/$R$2 -> 0.031358885 | H22: =$S$17*G22 -> 0.66505923 | I22: =F22/$S$2 -> 0.029401591 | J22: =I22*$U$17 -> 28.343134 | K22: =1000*H22/J22 -> 23.464562 | M22: 6 | N22: Tarija | O22: 33 | P22: 21 | Q22: =O7-O22 -> -16.143655 | R22: =P7-P22 -> -14.884903 | S22: =O22*U22/1000 -> 27.423 | T22: 1717 | U22: 831
A23: 10704 | B23: Chuquisaca | C23: Nor Cinti | D23: Villa Charcas | E23: 17 | F23: 409 | G23: =E23/$R$2 -> 0.059233449 | H23: =$S$17*G23 -> 1.256223 | I23: =F23/$S$2 -> 0.035368385 | J23: =I23*$U$17 -> 34.095123 | K23: =1000*H23/J23 -> 36.844654 | M23: 7 | N23: Santa Cruz | O23: 21 | P23: 6 | Q23: =O8-O23 -> -5.511925 | R23: =P8-P23 -> 1.3922008 | S23: =O23*U23/1000 -> 78.057 | T23: 2933 | U23: 3717
A24: 10801 | B24: Chuquisaca | C24: Belisario Boeto | D24: Villa Serrano | E24: 1 | F24: 200 | G24: =E24/$R$2 -> 0.0034843206 | H24: =$S$17*G24 -> 0.07389547 | I24: =F24/$S$2 -> 0.017295054 | J24: =I24*$U$17 -> 16.672432 | K24: =1000*H24/J24 -> 4.4321951 | M24: 8 | N24: Beni | O24: 34 | P24: 13 | Q24: =O9-O24 -> -7.2246799 | R24: =P9-P24 -> -4.1639005 | S24: =O24*U24/1000 -> 48.654 | T24: 545 | U24: 1431
A25: 10901 | B25: Chuquisaca | C25: Sur Cinti | D25: Villa Abecia | E25: 1 | F25: 66 | G25: =E25/$R$2 -> 0.0034843206 | H25: =$S$17*G25 -> 0.07389547 | I25: =F25/$S$2 -> 0.0057073677 | J25: =I25*$U$17 -> 5.5019025 | K25: =1000*H25/J25 -> 13.430894 | M25: 9 | N25: Pando | O25: =43 -> 43 | P25: 10 | Q25: =O10-O25 -> -38.59342 | R25: =P10-P25 -> -2.7072927 | S25: =O25*U25/1000 -> 4.257 | T25: 749 | U25: 99
A26: 10902 | B26: Chuquisaca | C26: Sur Cinti | D26: Culpina | E26: 7 | F26: 410 | G26: =E26/$R$2 -> 0.024390244 | H26: =$S$17*G26 -> 0.51726829 | I26: =F26/$S$2 -> 0.03545486 | J26: =I26*$U$17 -> 34.178485 | K26: =1000*H26/J26 -> 15.134325 | M26: 11 | N26: Bolivia | O26: 50 | P26: 12 | Q26: =O12-O26 -> -25.557156 | R26: =P12-P26 -> -1.885732 | S26: =O26*U26/1000 -> 846.95 | T26: 16939 | U26: 16939
A27: 10903 | B27: Chuquisaca | C27: Sur Cinti | D27: Las Carreras | E27: 1 | F27: 69 | G27: =E27/$R$2 -> 0.0034843206 | H27: =$S$17*G27 -> 0.07389547 | I27: =F27/$S$2 -> 0.0059667935 | J27: =I27*$U$17 -> 5.7519889 | K27: =1000*H27/J27 -> 12.846942 | M27: (*) Con coeficiente de variación superior a 20% emplearlo solo de forma referencial | N27: urbano | O27: 36 | P27: 9 | S27: =O27*U27/1000 -> 402.588 | T27: 10905 | U27: 11183
A28: 11001 | B28: Chuquisaca | C28: Luis Calvo | D28: Villa Vaca Guzman | E28: 4 | F28: 206 | G28: =E28/$R$2 -> 0.013937282 | H28: =$S$17*G28 -> 0.29558188 | I28: =F28/$S$2 -> 0.017813905 | J28: =I28*$U$17 -> 17.172605 | K28: =1000*H28/J28 -> 17.212408 | N28: Rural | O28: 67 | P28: 17 | S28: =O28*U28/1000 -> 385.652 | T28: 6034 | U28: 5756
A29: 11002 | B29: Chuquisaca | C29: Luis Calvo | D29: Huacaya | E29: 1 | F29: 59 | G29: =E29/$R$2 -> 0.0034843206 | H29: =$S$17*G29 -> 0.07389547 | I29: =F29/$S$2 -> 0.0051020408 | J29: =I29*$U$17 -> 4.9183673 | K29: =1000*H29/J29 -> 15.02439
A30: 11003 | B30: Chuquisaca | C30: Luis Calvo | D30: Macharetí | E30: 1 | F30: 143 | G30: =E30/$R$2 -> 0.0034843206 | H30: =$S$17*G30 -> 0.07389547 | I30: =F30/$S$2 -> 0.012365963 | J30: =I30*$U$17 -> 11.920789 | K30: =1000*H30/J30 -> 6.1988743
A31: 20101 | B31: La Paz | C31: Murillo | D31: Nuestra Señora de La Paz | E31: 398 | F31: 12733 | G31: =E31/$R$3 -> 0.23072464 | H31: =$S$18*G31 -> 69.819813 | I31: =F31/$S$3 -> 0.23466642 | J31: =I31*$U$18 -> 1203.6041 | K31: =1000*H31/J31 -> 58.008954
A32: 20102 | B32: La Paz | C32: Murillo | D32: Palca | E32: 23 | F32: 376 | G32: =E32/$R$3 -> 0.013333333 | H32: =$S$18*G32 -> 4.0348133 | I32: =F32/$S$3 -> 0.0069295982 | J32: =I32*$U$18 -> 35.541909 | K32: =1000*H32/J32 -> 113.52269
A33: 20103 | B33: La Paz | C33: Murillo | D33: Mecapaca | E33: 11 | F33: 293 | G33: =E33/$R$3 -> 0.0063768116 | H33: =$S$18*G33 -> 1.9296933 | I33: =F33/$S$3 -> 0.0053999263 | J33: =I33*$U$18 -> 27.696222 | K33: =1000*H33/J33 -> 69.673522
A34: 20104 | B34: La Paz | C34: Murillo | D34: Achocalla | E34: 25 | F34: 467 | G34: =E34/$R$3 -> 0.014492754 | H34: =$S$18*G34 -> 4.3856667 | I34: =F34/$S$3 -> 0.0086067084 | J34: =I34*$U$18 -> 44.143808 | K34: =1000*H34/J34 -> 99.349533
A35: 20105 | B35: La Paz | C35: Murillo | D35: El Alto | E35: 575 | F35: 19194 | G35: =E35/$R$3 -> 0.33333333 | H35: =$S$18*G35 -> 100.87033 | I35: =F35/$S$3 -> 0.35374125 | J35: =I35*$U$18 -> 1814.3389 | K35: =1000*H35/J35 -> 55.596193
A36: 20201 | B36: La Paz | C36: Omasuyos | D36: Achacachi | E36: 3 | F36: 792 | G36: =E36/$R$3 -> 0.0017391304 | H36: =$S$18*G36 -> 0.52628 | I36: =F36/$S$3 -> 0.014596388 | J36: =I36*$U$18 -> 74.864873 | K36: =1000*H36/J36 -> 7.0297321
A37: 20202 | B37: La Paz | C37: Omasuyos | D37: Ancoraimes | E37: 7 | F37: 218 | G37: =E37/$R$3 -> 0.004057971 | H37: =$S$18*G37 -> 1.2279867 | I37: =F37/$S$3 -> 0.0040176926 | J37: =I37*$U$18 -> 20.606745 | K37: =1000*H37/J37 -> 59.59149
A38: 20203 | B38: La Paz | C38: Omasuyos | D38: Chua Cocani | E38: 3 | F38: 99 | G38: =E38/$R$3 -> 0.0017391304 | H38: =$S$18*G38 -> 0.52628 | I38: =F38/$S$3 -> 0.0018245485 | J38: =I38*$U$18 -> 9.3581091 | K38: =1000*H38/J38 -> 56.237857
A39: 20204 | B39: La Paz | C39: Omasuyos | D39: Huarina | E39: 4 | F39: 110 | G39: =E39/$R$3 -> 0.0023188406 | H39: =$S$18*G39 -> 0.70170667 | I39: =F39/$S$3 -> 0.0020272761 | J39: =I39*$U$18 -> 10.397899 | K39: =1000*H39/J39 -> 67.485428
A40: 20205 | B40: La Paz | C40: Omasuyos | D40: Santiago de Huata | E40: 0 | F40: 58 | G40: =E40/$R$3 -> 0 | H40: =$S$18*G40 -> 0 | I40: =F40/$S$3 -> 0.0010689274 | J40: =I40*$U$18 -> 5.4825286 | K40: =1000*H40/J40 -> 0
A41: 20206 | B41: La Paz | C41: Omasuyos | D41: Huatajata | E41: 2 | F41: 74 | G41: =E41/$R$3 -> 0.0011594203 | H41: =$S$18*G41 -> 0.35085333 | I41: =F41/$S$3 -> 0.0013638039 | J41: =I41*$U$18 -> 6.9949502 | K41: =1000*H41/J41 -> 50.158089
A42: 20301 | B42: La Paz | C42: Pacajes | D42: Coro Coro | E42: 2 | F42: 179 | G42: =E42/$R$3 -> 0.0011594203 | H42: =$S$18*G42 -> 0.35085333 | I42: =F42/$S$3 -> 0.0032989311 | J42: =I42*$U$18 -> 16.920217 | K42: =1000*H42/J42 -> 20.735746
... A117: 22002 | B117: La Paz | C117: Caranavi | D117: Alto Beni | E117: 13 | F117: 296 | G117: =E117/$R$3 -> 0.0075362319 | H117: =$S$18*G117 -> 2.2805467 | I117: =F117/$S$3 -> 0.0054552156 | J117: =I117*$U$18 -> 27.979801 | K117: =1000*H117/J117 -> 81.506894
A118: 30101 | B118: Cochabamba | C118: Cercado | D118: Cochabamba | E118: 288 | F118: 12726 | G118: =E118/$R$4 -> 0.31613611 | H118: =$S$19*G118 -> 55.518876 | I118: =F118/$S$4 -> 0.33671121 | J118: =I118*$U$19 -> 1037.4072 | K118: =1000*H118/J118 -> 53.516955
A119: 30201 | B119: Cochabamba | C119: Campero | D119: Aiquile | E119: 14 | F119: 486 | G119: =E119/$R$4 -> 0.015367728 | H119: =$S$19*G119 -> 2.6988342 | I119: =F119/$S$4 -> 0.012858844 | J119: =I119*$U$19 -> 39.618098 | K119: =1000*H119/J119 -> 68.121248
A120: 30202 | B120: Cochabamba | C120: Campero | D120: Pasorapa | E120: 0 | F120: 111 | G120: =E120/$R$4 -> 0 | H120: =$S$19*G120 -> 0 | I120: =F120/$S$4 -> 0.0029368964 | J120: =I120*$U$19 -> 9.0485779 | K120: =1000*H120/J120 -> 0
A121: 30203 | B121: Cochabamba | C121: Campero | D121: Omereque | E121: 3 | F121: 133 | G121: =E121/$R$4 -> 0.0032930845 | H121: =$S$19*G121 -> 0.57832162 | I121: =F121/$S$4 -> 0.003518984 | J121: =I121*$U$19 -> 10.84199 | K121: =1000*H121/J121 -> 53.340913
A122: 30301 | B122: Cochabamba | C122: Ayopaya | D122: Independencia | E122: 41 | F122: 585 | G122: =E122/$R$4 -> 0.045005488 | H122: =$S$19*G122 -> 7.9037289 | I122: =F122/$S$4 -> 0.015478238 | J122: =I122*$U$19 -> 47.688451 | K122: =1000*H122/J122 -> 165.73675
A123: 30302 | B123: Cochabamba | C123: Ayopaya | D123: Morochata | E123: 18 | F123: 309 | G123: =E123/$R$4 -> 0.019758507 | H123: =$S$19*G123 -> 3.4699297 | I123: =F123/$S$4 -> 0.0081756846 | J123: =I123*$U$19 -> 25.189284 | K123: =1000*H123/J123 -> 137.7542
A124: 30303 | B124: Cochabamba | C124: Ayopaya | D124: Cocapata | E124: 29 | F124: 513 | G124: =E124/$R$4 -> 0.03183315 | H124: =$S$19*G124 -> 5.5904424 | I124: =F124/$S$4 -> 0.013573224 | J124: =I124*$U$19 -> 41.819103 | K124: =1000*H124/J124 -> 133.68155
A125: 30401 | B125: Cochabamba | C125: Esteban Arze | D125: Tarata | E125: 8 | F125: 162 | G125: =E125/$R$4 -> 0.0087815587 | H125: =$S$19*G125 -> 1.542191 | I125: =F125/$S$4 -> 0.0042862813 | J125: =I125*$U$19 -> 13.206033 | K125: =1000*H125/J125 -> 116.77928
A126: 30402 | B126: Cochabamba | C126: Esteban Arze | D126: Anzaldo | E126: 3 | F126: 137 | G126: =E126/$R$4 -> 0.0032930845 | H126: =$S$19*G126 -> 0.57832162 | I126: =F126/$S$4 -> 0.0036248181 | J126: =I126*$U$19 -> 11.168065 | K126: =1000*H126/J126 -> 51.783514
A127: 30403 | B127: Cochabamba | C127: Esteban Arze | D127: Arbieto | E127: 26 | F127: 361 | G127: =E127/$R$4 -> 0.028540066 | H127: =$S$19*G127 -> 5.0121207 | I127: =F127/$S$4 -> 0.009551528 | J127: =I127*$U$19 -> 29.428258 | K127: =1000*H127/J127 -> 170.3166
A128: 30404 | B128: Cochabamba | C128: Esteban Arze | D128: Sacabamba | E128: 0 | F128: 93 | G128: =E128/$R$4 -> 0 | H128: =$S$19*G128 -> 0 | I128: =F128/$S$4 -> 0.0024606429 | J128: =I128*$U$19 -> 7.5812409 | K128: =1000*H128/J128 -> 0
A129: 30501 | B129: Cochabamba | C129: Arani | D129: Arani | E129: 12 | F129: 139 | G129: =E129/$R$4 -> 0.013172338 | H129: =$S$19*G129 -> 2.3132865 | I129: =F129/$S$4 -> 0.0036777351 | J129: =I129*$U$19 -> 11.331102 | K129: =1000*H129/J129 -> 204.15371
... A165: 31602 | B165: Cochabamba | C165: Tiraque | D165: Shinahota | E165: 5 | F165: 560 | G165: =E165/$R$4 -> 0.0054884742 | H165: =$S$19*G165 -> 0.96386937 | I165: =F165/$S$4 -> 0.014816775 | J165: =I165*$U$19 -> 45.650483 | K165: =1000*H165/J165 -> 21.114111
A166: 40101 | B166: Oruro | C166: Cercado | D166: Oruro | E166: 29 | F166: 5654 | G166: =E166/$R$5 -> 0.13875598 | H166: =$S$20*G166 -> 6.6307321 | I166: =F166/$S$5 -> 0.56135822 | J166: =I166*$U$20 -> 525.99265 | K166: =1000*H166/J166 -> 12.606131
A167: 40102 | B167: Oruro | C167: Cercado | D167: Caracollo | E167: 25 | F167: 458 | G167: =E167/$R$5 -> 0.11961722 | H167: =$S$20*G167 -> 5.7161483 | I167: =F167/$S$5 -> 0.045472597 | J167: =I167*$U$20 -> 42.607824 | K167: =1000*H167/J167 -> 134.15725
A168: 40103 | B168: Oruro | C168: Cercado | D168: El Choro | E168: 4 | F168: 147 | G168: =E168/$R$5 -> 0.019138756 | H168: =$S$20*G168 -> 0.91458373 | I168: =F168/$S$5 -> 0.014594917 | J168: =I168*$U$20 -> 13.675437 | K168: =1000*H168/J168 -> 66.877844
A169: 40104 | B169: Oruro | C169: Cercado | D169: Soracachi | E169: 16 | F169: 265 | G169: =E169/$R$5 -> 0.076555024 | H169: =$S$20*G169 -> 3.6583349 | I169: =F169/$S$5 -> 0.026310564 | J169: =I169*$U$20 -> 24.652998 | K169: =1000*H169/J169 -> 148.3931
A170: 40201 | B170: Oruro | C170: Abaroa | D170: Challapata | E170: 43 | F170: 684 | G170: =E170/$R$5 -> 0.20574163 | H170: =$S$20*G170 -> 9.8317751 | I170: =F170/$S$5 -> 0.067911041 | J170: =I170*$U$20 -> 63.632645 | K170: =1000*H170/J170 -> 154.50835
A171: 40202 | B171: Oruro | C171: Abaroa | D171: Santuario de Quillacas | E171: 5 | F171: 81 | G171: =E171/$R$5 -> 0.023923445 | H171: =$S$20*G171 -> 1.1432297 | I171: =F171/$S$5 -> 0.0080420969 | J171: =I171*$U$20 -> 7.5354448 | K171: =1000*H171/J171 -> 151.71363
A172: 40301 | B172: Oruro | C172: Carangas | D172: Corque | E172: 2 | F172: 163 | G172: =E172/$R$5 -> 0.009569378 | H172: =$S$20*G172 -> 0.45729187 | I172: =F172/$S$5 -> 0.016183479 | J172: =I172*$U$20 -> 15.16392 | K172: =1000*H172/J172 -> 30.156574
A173: 40302 | B173: Oruro | C173: Carangas | D173: Choquecota | E173: 1 | F173: 30 | G173: =E173/$R$5 -> 0.004784689 | H173: =$S$20*G173 -> 0.22864593 | I173: =F173/$S$5 -> 0.0029785544 | J173: =I173*$U$20 -> 2.7909055 | K173: =1000*H173/J173 -> 81.925359
A174: 40401 | B174: Oruro | C174: Sajama | D174: Curahuara de Carangas | E174: 5 | F174: 78 | G174: =E174/$R$5 -> 0.023923445 | H174: =$S$20*G174 -> 1.1432297 | I174: =F174/$S$5 -> 0.0077442415 | J174: =I174*$U$20 -> 7.2563542 | K174: =1000*H174/J174 -> 157.54877
A175: 40402 | B175: Oruro | C175: Sajama | D175: Turco | E175: 7 | F175: 96 | G175: =E175/$R$5 -> 0.033492823 | H175: =$S$20*G175 -> 1.6005215 | I175: =F175/$S$5 -> 0.0095313741 | J175: =I175*$U$20 -> 8.9308975 | K175: =1000*H175/J175 -> 179.21172
A176: 40501 | B176: Oruro | C176: Litoral | D176: Huachacalla | E176: 0 | F176: 11 | G176: =E176/$R$5 -> 0 | H176: =$S$20*G176 -> 0 | I176: =F176/$S$5 -> 0.0010921366 | J176: =I176*$U$20 -> 1.023332 | K176: =1000*H176/J176 -> 0
A177: 40502 | B177: Oruro | C177: Litoral | D177: Escara | E177: 2 | F177: 78 | G177: =E177/$R$5 -> 0.009569378 | H177: =$S$20*G177 -> 0.45729187 | I177: =F177/$S$5 -> 0.0077442415 | J177: =I177*$U$20 -> 7.2563542 | K177: =1000*H177/J177 -> 63.019507
A178: 40503 | B178: Oruro | C178: Litoral | D178: Cruz de Machacamarca | E178: 2 | F178: 34 | G178: =E178/$R$5 -> 0.009569378 | H178: =$S$20*G178 -> 0.45729187 | I178: =F178/$S$5 -> 0.003375695 | J178: =I178*$U$20 -> 3.1630262 | K178: =1000*H178/J178 -> 144.57416
A179: 40504 | B179: Oruro | C179: Litoral | D179: Yunguyo del Litoral | F179: 8 | G179: =E179/$R$5 -> 0 | H179: =$S$20*G179 -> 0 | I179: =F179/$S$5 -> 0.00079428118 | J179: =I179*$U$20 -> 0.74424146 | K179: =1000*H179/J179 -> 0
A180: 40505 | B180: Oruro | C180: Litoral | D180: Esmeralda | E180: 0 | F180: 60 | G180: =E180/$R$5 -> 0 | H180: =$S$20*G180 -> 0 | I180: =F180/$S$5 -> 0.0059571088 | J180: =I180*$U$20 -> 5.581811 | K180: =1000*H180/J180 -> 0
A181: 40601 | B181: Oruro | C181: Poopó | D181: Poopó | E181: 10 | F181: 119 | G181: =E181/$R$5 -> 0.04784689 | H181: =$S$20*G181 -> 2.2864593 | I181: =F181/$S$5 -> 0.011814932 | J181: =I181*$U$20 -> 11.070592 | K181: =1000*H181/J181 -> 206.53452
A182: 40602 | B182: Oruro | C182: Poopó | D182: Pazña | E182: 3 | F182: 112 | G182: =E182/$R$5 -> 0.014354067 | H182: =$S$20*G182 -> 0.6859378 | I182: =F182/$S$5 -> 0.011119936 | J182: =I182*$U$20 -> 10.41938 | K182: =1000*H182/J182 -> 65.832878
A183: 40603 | B183: Oruro | C183: Poopó | D183: Antequera | E183: 1 | F183: 61 | G183: =E183/$R$5 -> 0.004784689 | H183: =$S$20*G183 -> 0.22864593 | I183: =F183/$S$5 -> 0.006056394 | J183: =I183*$U$20 -> 5.6748411 | K183: =1000*H183/J183 -> 40.29116
A184: 40701 | B184: Oruro | C184: Pantaleón Dalence | D184: Huanuni | E184: 10 | F184: 527 | G184: =E184/$R$5 -> 0.04784689 | H184: =$S$20*G184 -> 2.2864593 | I184: =F184/$S$5 -> 0.052323272 | J184: =I184*$U$20 -> 49.026906 | K184: =1000*H184/J184 -> 46.636827
A185: 40702 | B185: Oruro | C185: Pantaleón Dalence | D185: Machacamarca | E185: 2 | F185: 88 | G185: =E185/$R$5 -> 0.009569378 | H185: =$S$20*G185 -> 0.45729187 | I185: =F185/$S$5 -> 0.0087370929 | J185: =I185*$U$20 -> 8.1866561 | K185: =1000*H185/J185 -> 55.858199
A186: 40801 | B186: Oruro | C186: Ladislao Cabrera | D186: Salinas de Garcí Mendoza | E186: 7 | F186: 196 | G186: =E186/$R$5 -> 0.033492823 | H186: =$S$20*G186 -> 1.6005215 | I186: =F186/$S$5 -> 0.019459889 | J186: =I186*$U$20 -> 18.233916 | K186: =1000*H186/J186 -> 87.77717
A187: 40802 | B187: Oruro | C187: Ladislao Cabrera | D187: Pampa Aullagas | E187: 0 | F187: 64 | G187: =E187/$R$5 -> 0 | H187: =$S$20*G187 -> 0 | I187: =F187/$S$5 -> 0.0063542494 | J187: =I187*$U$20 -> 5.9539317 | K187: =1000*H187/J187 -> 0
A188: 40901 | B188: Oruro | C188: Sabaya | D188: Sabaya | E188: 4 | F188: 177 | G188: =E188/$R$5 -> 0.019138756 | H188: =$S$20*G188 -> 0.91458373 | I188: =F188/$S$5 -> 0.017573471 | J188: =I188*$U$20 -> 16.466342 | K188: =1000*H188/J188 -> 55.542616
A189: 40902 | B189: Oruro | C189: Sabaya | D189: Coipasa | E189: 0 | F189: 18 | G189: =E189/$R$5 -> 0 | H189: =$S$20*G189 -> 0 | I189: =F189/$S$5 -> 0.0017871326 | J189: =I189*$U$20 -> 1.6745433 | K189: =1000*H189/J189 -> 0
A190: 40903 | B190: Oruro | C190: Sabaya | D190: Chipaya | E190: 3 | F190: 51 | G190: =E190/$R$5 -> 0.014354067 | H190: =$S$20*G190 -> 0.6859378 | I190: =F190/$S$5 -> 0.0050635425 | J190: =I190*$U$20 -> 4.7445393 | K190: =1000*H190/J190 -> 144.57416
A191: 41001 | B191: Oruro | C191: Saucarí | D191: Toledo | E191: 4 | F191: 145 | G191: =E191/$R$5 -> 0.019138756 | H191: =$S$20*G191 -> 0.91458373 | I191: =F191/$S$5 -> 0.014396346 | J191: =I191*$U$20 -> 13.489376 | K191: =1000*H191/J191 -> 67.800297
... A198: 41502 | B198: Oruro | C198: Mejillones | D198: Todos Santos | E198: 0 | F198: 20 | G198: =E198/$R$5 -> 0 | H198: =$S$20*G198 -> 0 | I198: =F198/$S$5 -> 0.0019857029 | J198: =I198*$U$20 -> 1.8606037 | K198: =1000*H198/J198 -> 0
A199: 41503 | B199: Oruro | C199: Mejillones | D199: Carangas | F199: 15 | G199: =E199/$R$5 -> 0 | H199: =$S$20*G199 -> 0 | I199: =F199/$S$5 -> 0.0014892772 | J199: =I199*$U$20 -> 1.3954527 | K199: =1000*H199/J199 -> 0
A200: 41601 | B200: Oruro | C200: Nor Carangas | D200: Huayllamarca (Santiago de Huayllamarca) | E200: 5 | F200: 75 | G200: =E200/$R$5 -> 0.023923445 | H200: =$S$20*G200 -> 1.1432297 | I200: =F200/$S$5 -> 0.007446386 | J200: =I200*$U$20 -> 6.9772637 | K200: =1000*H200/J200 -> 163.85072
A201: 50101 | B201: Potosí | C201: Tomás Frías | D201: Potosí | E201: 156 | F201: 4447 | G201: =E201/$R$6 -> 0.2025974 | H201: =$S$21*G201 -> 30.125018 | I201: =F201/$S$6 -> 0.23925324 | J201: =I201*$U$21 -> 390.9398 | K201: =1000*H201/J201 -> 77.057947
A202: 50102 | B202: Potosí | C202: Tomás Frías | D202: Tinguipaya | E202: 64 | F202: 642 | G202: =E202/$R$6 -> 0.083116883 | H202: =$S$21*G202 -> 12.358982 | I202: =F202/$S$6 -> 0.03454027 | J202: =I202*$U$21 -> 56.438801 | K202: =1000*H202/J202 -> 218.98023
A203: 50103 | B203: Potosí | C203: Tomás Frías | D203: Yocalla | E203: 1 | F203: 155 | G203: =E203/$R$6 -> 0.0012987013 | H203: =$S$21*G203 -> 0.19310909 | I203: =F203/$S$6 -> 0.0083391618 | J203: =I203*$U$21 -> 13.62619 | K203: =1000*H203/J203 -> 14.171906
A204: 50104 | B204: Potosí | C204: Tomás Frías | D204: Belén de Urmiri | E204: 1 | F204: 60 | G204: =E204/$R$6 -> 0.0012987013 | H204: =$S$21*G204 -> 0.19310909 | I204: =F204/$S$6 -> 0.0032280626 | J204: =I204*$U$21 -> 5.2746543 | K204: =1000*H204/J204 -> 36.610758
A205: 50201 | B205: Potosí | C205: Rafael Bustillo | D205: Uncía | E205: 43 | F205: 444 | G205: =E205/$R$6 -> 0.055844156 | H205: =$S$21*G205 -> 8.3036909 | I205: =F205/$S$6 -> 0.023887663 | J205: =I205*$U$21 -> 39.032442 | K205: =1000*H205/J205 -> 212.73819
A206: 50202 | B206: Potosí | C206: Rafael Bustillo | D206: Chayanta | E206: 28 | F206: 390 | G206: =E206/$R$6 -> 0.036363636 | H206: =$S$21*G206 -> 5.4070545 | I206: =F206/$S$6 -> 0.020982407 | J206: =I206*$U$21 -> 34.285253 | K206: =1000*H206/J206 -> 157.70788
A207: 50203 | B207: Potosí | C207: Rafael Bustillo | D207: Llallagua | E207: 34 | F207: 1002 | G207: =E207/$R$6 -> 0.044155844 | H207: =$S$21*G207 -> 6.5657091 | I207: =F207/$S$6 -> 0.053908646 | J207: =I207*$U$21 -> 88.086727 | K207: =1000*H207/J207 -> 74.536872
A208: 50204 | B208: Potosí | C208: Rafael Bustillo | D208: Chuquihuta - Ayllu Jucumani | E208: 15 | F208: 253 | G208: =E208/$R$6 -> 0.019480519 | H208: =$S$21*G208 -> 2.8966364 | I208: =F208/$S$6 -> 0.013611664 | J208: =I208*$U$21 -> 22.241459 | K208: =1000*H208/J208 -> 130.2359
A209: 50301 | B209: Potosí | C209: Cornelio Saavedra | D209: Betanzos | E209: 36 | F209: 641 | G209: =E209/$R$6 -> 0.046753247 | H209: =$S$21*G209 -> 6.9519273 | I209: =F209/$S$6 -> 0.034486469 | J209: =I209*$U$21 -> 56.35089 | K209: =1000*H209/J209 -> 123.36854
A210: 50302 | B210: Potosí | C210: Cornelio Saavedra | D210: Chaquí | E210: 9 | F210: 170 | G210: =E210/$R$6 -> 0.011688312 | H210: =$S$21*G210 -> 1.7379818 | I210: =F210/$S$6 -> 0.0091461774 | J210: =I210*$U$21 -> 14.944854 | K210: =1000*H210/J210 -> 116.29299
A211: 50303 | B211: Potosí | C211: Cornelio Saavedra | D211: Tacobamba | E211: 13 | F211: 252 | G211: =E211/$R$6 -> 0.016883117 | H211: =$S$21*G211 -> 2.5104182 | I211: =F211/$S$6 -> 0.013557863 | J211: =I211*$U$21 -> 22.153548 | K211: =1000*H211/J211 -> 113.31901
A212: 50401 | B212: Potosí | C212: Chayanta | D212: Colquechaca | E212: 54 | F212: 378 | G212: =E212/$R$6 -> 0.07012987 | H212: =$S$21*G212 -> 10.427891 | I212: =F212/$S$6 -> 0.020336795 | J212: =I212*$U$21 -> 33.230322 | K212: =1000*H212/J212 -> 313.80649
... A235: 51203 | B235: Potosí | C235: Antonio Quijarro | D235: Porco | E235: 2 | F235: 318 | G235: =E235/$R$6 -> 0.0025974026 | H235: =$S$21*G235 -> 0.38621818 | I235: =F235/$S$6 -> 0.017108732 | J235: =I235*$U$21 -> 27.955668 | K235: =1000*H235/J235 -> 13.81538
A236: 51204 | B236: Potosí | D236: TIOC-Jatun Ayllu Yura | E236: 3 | F236: 130 | G236: =E236/$R$6 -> 0.0038961039 | H236: =$S$21*G236 -> 0.57932727 | I236: =F236/$S$6 -> 0.0069941357 | J236: =I236*$U$21 -> 11.428418 | K236: =1000*H236/J236 -> 50.691818
A237: 51301 | B237: Potosí | C237: General Bilbao | D237: Arampampa | E237: 3 | F237: 110 | G237: =E237/$R$6 -> 0.0038961039 | H237: =$S$21*G237 -> 0.57932727 | I237: =F237/$S$6 -> 0.0059181148 | J237: =I237*$U$21 -> 9.6701996 | K237: =1000*H237/J237 -> 59.908512
...

Sheet Datos procesados_EDSA_y_Cen2024
A1: id | B1: DEPARTAMENTO | C1: PROVINCIA | D1: MUNICIPIO | E1: Número de niños fallecidos antes de cumplir 1 año (2019-2023) (CENSO) | F1: CENSO NACIDOS VIVOS (CENSO)(2019-2023) | G1: Porcentaje de fallecidos por municipio | H1: Estimados fallecidos por municipio con EDSA | I1: Porcentaje de nacidos por municipio | J1: Estimados nacidos por municipio con EDSA | K1: Tasa de mortalidad acorde a EDSA distribuido por censo 2024 | M1: id_departamento | N1: Departamento | O1: Tasa de mortalidad infantil (< 1 año) (por 1,000 nacidos vivos) 2012 | P1: Tasa de mortalidad infantil (< 1 año) (por 1,000 nacidos vivos) 2024 | Q1: Departamento | R1: Número de niños fallecidos antes de cumplir 1 año 2012 CENSO | S1: NACIDOS VIVOS (2019-2023) | T1: MORTALIDAD INFANTIL (1q0) 2023 *
A2: 10101 | B2: Chuquisaca | C2: Oropeza | D2: Sucre | E2: 122 | F2: 17089 | G2: =E2/$R$2 -> 0.36969697 | H2: =$S$17*G2 -> 1.094303 | I2: =F2/$S$2 -> 0.47726638 | J2: =I2*$U$17 -> 176.58856 | K2: =1000*H2/J2 -> 6.1969078 | M2: 1 | N2: Chuquisaca | O2: 24.818402 | P2: 8.8076422 | Q2: Chuquisaca | R2: 330 | S2: 35806 | T2: 8
A3: 10102 | B3: Chuquisaca | C3: Oropeza | D3: Yotala | E3: 9 | F3: 519 | G3: =E3/$R$2 -> 0.027272727 | H3: =$S$17*G3 -> 0.080727273 | I3: =F3/$S$2 -> 0.014494777 | J3: =I3*$U$17 -> 5.3630676 | K3: =1000*H3/J3 -> 15.052444 | M3: 2 | N3: La Paz | O3: 31.791375 | P3: 12.522002 | Q3: La Paz | R3: 2288 | S3: 175213 | T3: 17
A4: 10103 | B4: Chuquisaca | C4: Oropeza | D4: Poroma | E4: 16 | F4: 867 | G4: =E4/$R$2 -> 0.048484848 | H4: =$S$17*G4 -> 0.14351515 | I4: =F4/$S$2 -> 0.024213819 | J4: =I4*$U$17 -> 8.959113 | K4: =1000*H4/J4 -> 16.018902 | M4: 3 | N4: Cochabamba | O4: 24.103717 | P4: 9.8247123 | Q4: Cochabamba | R4: 1317 | S4: 128674 | T4: 11
A5: 10201 | B5: Chuquisaca | C5: Azurduy | D5: Villa Azurduy | E5: 8 | F5: 523 | G5: =E5/$R$2 -> 0.024242424 | H5: =$S$17*G5 -> 0.071757576 | I5: =F5/$S$2 -> 0.014606491 | J5: =I5*$U$17 -> 5.4044015 | K5: =1000*H5/J5 -> 13.277617 | M5: 4 | N5: Oruro | O5: 20.750596 | P5: 12.381883 | Q5: Oruro | R5: 455 | S5: 35024 | T5: 31
A6: 10202 | B6: Chuquisaca | C6: Azurduy | D6: Tarvita | E6: 11 | F6: 1039 | G6: =E6/$R$2 -> 0.033333333 | H6: =$S$17*G6 -> 0.098666667 | I6: =F6/$S$2 -> 0.029017483 | J6: =I6*$U$17 -> 10.736469 | K6: =1000*H6/J6 -> 9.189862 | M6: 5 | N6: Potosí | O6: 41.426804 | P6: 16.377842 | Q6: Potosi | R6: 979 | S6: 57031 | T6: 42
A7: 10301 | B7: Chuquisaca | C7: Zudáñez | D7: Zudañez | E7: 3 | F7: 804 | G7: =E7/$R$2 -> 0.0090909091 | H7: =$S$17*G7 -> 0.026909091 | I7: =F7/$S$2 -> 0.022454337 | J7: =I7*$U$17 -> 8.3081048 | K7: =1000*H7/J7 -> 3.2388964 | M7: 6 | N7: Tarija | O7: 16.856345 | P7: 6.115097 | Q7: Tarija | R7: 201 | S7: 31547 | T7: 25
A8: 10302 | B8: Chuquisaca | C8: Zudáñez | D8: Presto | E8: 8 | F8: 779 | G8: =E8/$R$2 -> 0.024242424 | H8: =$S$17*G8 -> 0.071757576 | I8: =F8/$S$2 -> 0.02175613 | J8: =I8*$U$17 -> 8.0497682 | K8: =1000*H8/J8 -> 8.9142413 | M8: 7 | N8: Santa Cruz | O8: 15.488075 | P8: 7.3922008 | Q8: Santa Cruz | R8: 1631 | S8: 210592 | T8: 8
A9: 10303 | B9: Chuquisaca | C9: Zudáñez | D9: Villa Mojocoya | E9: 5 | F9: 547 | G9: =E9/$R$2 -> 0.015151515 | H9: =$S$17*G9 -> 0.044848485 | I9: =F9/$S$2 -> 0.015276769 | J9: =I9*$U$17 -> 5.6524046 | K9: =1000*H9/J9 -> 7.9344081 | M9: 8 | N9: Beni | O9: 26.77532 | P9: 8.8360995 | Q9: Beni | R9: 336 | S9: 36199 | T9: 24
A10: 10304 | B10: Chuquisaca | C10: Zudáñez | D10: Icla | E10: 5 | F10: 519 | G10: =E10/$R$2 -> 0.015151515 | H10: =$S$17*G10 -> 0.044848485 | I10: =F10/$S$2 -> 0.014494777 | J10: =I10*$U$17 -> 5.3630676 | K10: =1000*H10/J10 -> 8.3624686 | M10: 9 | N10: Pando | O10: 4.4065805 | P10: 7.2927073 | Q10: Pando | R10: 71 | S10: 9512 | T10: 10
A11: 10401 | B11: Chuquisaca | C11: Tomina | D11: Padilla | E11: 3 | F11: 584 | G11: =E11/$R$2 -> 0.0090909091 | H11: =$S$17*G11 -> 0.026909091 | I11: =F11/$S$2 -> 0.016310116 | J11: =I11*$U$17 -> 6.0347428 | K11: =1000*H11/J11 -> 4.4590286 | M11: 10 | N11: Gran Chaco | O11: 22.727273 | P11: 8.2292574 | Q11: Gran Chaco | R11: =SUM(E246:E248) -> 85 | S11: =SUM(F246:F248) -> 10329 | T11: =SUM(H246:H248)/SUM(J246:J248)*1000 -> 27.123264
A12: 10402 | B12: Chuquisaca | C12: Tomina | D12: Tomina | E12: 3 | F12: 545 | G12: =E12/$R$2 -> 0.0090909091 | H12: =$S$17*G12 -> 0.026909091 | I12: =F12/$S$2 -> 0.015220913 | J12: =I12*$U$17 -> 5.6317377 | K12: =1000*H12/J12 -> 4.7781151 | M12: 11 | N12: Bolivia | O12: 24.442844 | P12: 10.114268 | Q12: Bolivia | R12: 7608 | S12: 719598 | T12: 16
A13: 10403 | B13: Chuquisaca | C13: Tomina | D13: Sopachuy | E13: 1 | F13: 428 | G13: =E13/$R$2 -> 0.003030303 | H13: =$S$17*G13 -> 0.008969697 | I13: =F13/$S$2 -> 0.011953304 | J13: =I13*$U$17 -> 4.4227224 | K13: =1000*H13/J13 -> 2.028094
A14: 10404 | B14: Chuquisaca | C14: Tomina | D14: Villa Alcalá | E14: 1 | F14: 204 | G14: =E14/$R$2 -> 0.003030303 | H14: =$S$17*G14 -> 0.008969697 | I14: =F14/$S$2 -> 0.0056973692 | J14: =I14*$U$17 -> 2.1080266 | K14: =1000*H14/J14 -> 4.2550208
A15: 10405 | B15: Chuquisaca | C15: Tomina | D15: El Villar | E15: 4 | F15: 338 | G15: =E15/$R$2 -> 0.012121212 | H15: =$S$17*G15 -> 0.035878788 | I15: =F15/$S$2 -> 0.0094397587 | J15: =I15*$U$17 -> 3.4927107 | K15: =1000*H15/J15 -> 10.272476
A16: 10501 | B16: Chuquisaca | C16: Hernando Siles | D16: Monteagudo | E16: 9 | F16: 1404 | G16: =E16/$R$2 -> 0.027272727 | H16: =$S$17*G16 -> 0.080727273 | I16: =F16/$S$2 -> 0.039211305 | J16: =I16*$U$17 -> 14.508183 | K16: =1000*H16/J16 -> 5.564258 | M16: ID | N16: Departamento | O16: MORTALIDAD INFANTIL (1q0) 2008 | P16: MORTALIDAD INFANTIL (1q0) 2023 * | Q16: Diferencia 2008 | R16: Diferencia 2023 | S16: Defunciones aproximadas con EDSA 2023 | T16: Nacidos vivos EDSA 2023 Número de caso sin ponderar | U16: Nacidos vivos EDSA 2023 Número de casos ponderador
A17: 10502 | B17: Chuquisaca | C17: Hernando Siles | D17: San Pablo de Huacareta | E17: 4 | F17: 469 | G17: =E17/$R$2 -> 0.012121212 | H17: =$S$17*G17 -> 0.035878788 | I17: =F17/$S$2 -> 0.013098363 | J17: =I17*$U$17 -> 4.8463945 | K17: =1000*H17/J17 -> 7.4031918 | M17: 1 | N17: Chuquisaca | O17: 22 | P17: 8 | Q17: =O2-O17 -> 2.8184019 | R17: =P2-P17 -> 0.80764216 | S17: =P17*U17/1000 -> 2.96 | T17: 571 | U17: 370
A18: 10601 | B18: Chuquisaca | C18: Yamparáez | D18: Tarabuco | E18: 13 | F18: 713 | G18: =E18/$R$2 -> 0.039393939 | H18: =$S$17*G18 -> 0.11660606 | I18: =F18/$S$2 -> 0.019912864 | J18: =I18*$U$17 -> 7.3677596 | K18: =1000*H18/J18 -> 15.826529 | M18: 2 | N18: La Paz | O18: 59 | P18: 15 | Q18: =O3-O18 -> -27.208625 | R18: =P3-P18 -> -2.4779982 | S18: =P18*U18/1000 -> 26.07 | T18: 1226 | U18: 1738
A19: 10602 | B19: Chuquisaca | C19: Yamparáez | D19: Yamparáez | E19: 3 | F19: 460 | G19: =E19/$R$2 -> 0.0090909091 | H19: =$S$17*G19 -> 0.026909091 | I19: =F19/$S$2 -> 0.012847009 | J19: =I19*$U$17 -> 4.7533933 | K19: =1000*H19/J19 -> 5.6610277 | M19: 3 | N19: Cochabamba | O19: 57 | P19: 6 | Q19: =O4-O19 -> -32.896283 | R19: =P4-P19 -> 3.8247123 | S19: =P19*U19/1000 -> 7.542 | T19: 974 | U19: 1257
A20: 10701 | B20: Chuquisaca | C20: Nor Cinti | D20: Camargo | E20: 11 | F20: 820 | G20: =E20/$R$2 -> 0.033333333 | H20: =$S$17*G20 -> 0.098666667 | I20: =F20/$S$2 -> 0.02290119 | J20: =I20*$U$17 -> 8.4734402 | K20: =1000*H20/J20 -> 11.644228 | M20: 4 | N20: Oruro | O20: 51 | P20: 29 | Q20: =O5-O20 -> -30.249404 | R20: =P5-P20 -> -16.618117 | S20: =P20*U20/1000 -> 8.439 | T20: 628 | U20: 291
A21: 10702 | B21: Chuquisaca | C21: Nor Cinti | D21: San Lucas | E21: 29 | F21: 1817 | G21: =E21/$R$2 -> 0.087878788 | H21: =$S$17*G21 -> 0.26012121 | I21: =F21/$S$2 -> 0.050745685 | J21: =I21*$U$17 -> 18.775903 | K21: =1000*H21/J21 -> 13.853992 | M21: 5 | N21: Potosí | O21: 91 | P21: 21 | Q21: =O6-O21 -> -49.573196 | R21: =P6-P21 -> -4.6221577 | S21: =P21*U21/1000 -> 10.689 | T21: 727 | U21: 509
A22: 10703 | B22: Chuquisaca | C22: Nor Cinti | D22: Incahuasi | E22: 16 | F22: 1042 | G22: =E22/$R$2 -> 0.048484848 | H22: =$S$17*G22 -> 0.14351515 | I22: =F22/$S$2 -> 0.029101268 | J22: =I22*$U$17 -> 10.767469 | K22: =1000*H22/J22 -> 13.328587 | M22: 6 | N22: Tarija | O22: 33 | P22: 21 | Q22: =O7-O22 -> -16.143655 | R22: =P7-P22 -> -14.884903 | S22: =P22*U22/1000 -> 7.455 | T22: 527 | U22: 355
A23: 10704 | B23: Chuquisaca | C23: Nor Cinti | D23: Villa Charcas | E23: 9 | F23: 1012 | G23: =E23/$R$2 -> 0.027272727 | H23: =$S$17*G23 -> 0.080727273 | I23: =F23/$S$2 -> 0.02826342 | J23: =I23*$U$17 -> 10.457465 | K23: =1000*H23/J23 -> 7.7195832 | M23: 7 | N23: Santa Cruz | O23: 21 | P23: 6 | Q23: =O8-O23 -> -5.511925 | R23: =P8-P23 -> 1.3922008 | S23: =P23*U23/1000 -> 12.522 | T23: 1112 | U23: 2087
A24: 10801 | B24: Chuquisaca | C24: Belisario Boeto | D24: Villa Serrano | E24: 5 | F24: 509 | G24: =E24/$R$2 -> 0.015151515 | H24: =$S$17*G24 -> 0.044848485 | I24: =F24/$S$2 -> 0.014215495 | J24: =I24*$U$17 -> 5.259733 | K24: =1000*H24/J24 -> 8.5267607 | M24: 8 | N24: Beni | O24: 34 | P24: 13 | Q24: =O9-O24 -> -7.2246799 | R24: =P9-P24 -> -4.1639005 | S24: =P24*U24/1000 -> 4.303 | T24: 639 | U24: 331
A25: 10901 | B25: Chuquisaca | C25: Sur Cinti | D25: Villa Abecia | E25: 1 | F25: 303 | G25: =E25/$R$2 -> 0.003030303 | H25: =$S$17*G25 -> 0.008969697 | I25: =F25/$S$2 -> 0.0084622689 | J25: =I25*$U$17 -> 3.1310395 | K25: =1000*H25/J25 -> 2.8647665 | M25: 9 | N25: Pando | O25: =43 -> 43 | P25: 10 | Q25: =O10-O25 -> -38.59342 | R25: =P10-P25 -> -2.7072927 | S25: =P25*U25/1000 -> 1.06 | T25: 657 | U25: 106
A26: 10902 | B26: Chuquisaca | C26: Sur Cinti | D26: Culpina | E26: 15 | F26: 999 | G26: =E26/$R$2 -> 0.045454545 | H26: =$S$17*G26 -> 0.13454545 | I26: =F26/$S$2 -> 0.027900352 | J26: =I26*$U$17 -> 10.32313 | K26: =1000*H26/J26 -> 13.033397 | M26: 11 | N26: Bolivia | O26: 50 | P26: 12 | Q26: =O12-O26 -> -25.557156 | R26: =P12-P26 -> -1.885732 | S26: =P26*U26/1000 -> 84.516 | T26: 7061 | U26: 7043
A27: 10903 | B27: Chuquisaca | C27: Sur Cinti | D27: Las Carreras | E27: 1 | F27: 240 | G27: =E27/$R$2 -> 0.003030303 | H27: =$S$17*G27 -> 0.008969697 | I27: =F27/$S$2 -> 0.0067027872 | J27: =I27*$U$17 -> 2.4800313 | K27: =1000*H27/J27 -> 3.6167677 | M27: (*) Con coeficiente de variación superior a 20% emplearlo solo de forma referencial | N27: urbano | O27: 36 | P27: 9 | S27: =P27*U27/1000 -> 44.145 | T27: 4821 | U27: 4905
A28: 11001 | B28: Chuquisaca | C28: Luis Calvo | D28: Villa Vaca Guzman | E28: 4 | F28: 635 | G28: =E28/$R$2 -> 0.012121212 | H28: =$S$17*G28 -> 0.035878788 | I28: =F28/$S$2 -> 0.017734458 | J28: =I28*$U$17 -> 6.5617494 | K28: =1000*H28/J28 -> 5.4678692 | N28: Rural | O28: 67 | P28: 17 | S28: =P28*U28/1000 -> 36.329 | T28: 2240 | U28: 2137
A29: 11002 | B29: Chuquisaca | C29: Luis Calvo | D29: Huacaya | E29: 3 | F29: 167 | G29: =E29/$R$2 -> 0.0090909091 | H29: =$S$17*G29 -> 0.026909091 | I29: =F29/$S$2 -> 0.0046640228 | J29: =I29*$U$17 -> 1.7256884 | K29: =1000*H29/J29 -> 15.59325
A30: 11003 | B30: Chuquisaca | C30: Luis Calvo | D30: Macharetí | E30: 8 | F30: 431 | G30: =E30/$R$2 -> 0.024242424 | H30: =$S$17*G30 -> 0.071757576 | I30: =F30/$S$2 -> 0.012037089 | J30: =I30*$U$17 -> 4.4537228 | K30: =1000*H30/J30 -> 16.111819
A31: 20101 | B31: La Paz | C31: Murillo | D31: Nuestra Señora de La Paz | E31: 352 | F31: 34528 | G31: =E31/$R$3 -> 0.15384615 | H31: =$S$18*G31 -> 4.0107692 | I31: =F31/$S$3 -> 0.197063 | J31: =I31*$U$18 -> 342.4955 | K31: =1000*H31/J31 -> 11.710429
A32: 20102 | B32: La Paz | C32: Murillo | D32: Palca | E32: 26 | F32: 1505 | G32: =E32/$R$3 -> 0.011363636 | H32: =$S$18*G32 -> 0.29625 | I32: =F32/$S$3 -> 0.0085895453 | J32: =I32*$U$18 -> 14.92863 | K32: =1000*H32/J32 -> 19.84442
A33: 20103 | B33: La Paz | C33: Murillo | D33: Mecapaca | E33: 14 | F33: 1157 | G33: =E33/$R$3 -> 0.0061188811 | H33: =$S$18*G33 -> 0.15951923 | I33: =F33/$S$3 -> 0.0066033913 | J33: =I33*$U$18 -> 11.476694 | K33: =1000*H33/J33 -> 13.899406
A34: 20104 | B34: La Paz | C34: Murillo | D34: Achocalla | E34: 38 | F34: 2909 | G34: =E34/$R$3 -> 0.016608392 | H34: =$S$18*G34 -> 0.43298077 | I34: =F34/$S$3 -> 0.016602649 | J34: =I34*$U$18 -> 28.855405 | K34: =1000*H34/J34 -> 15.005188
A35: 20105 | B35: La Paz | C35: Murillo | D35: El Alto | E35: 751 | F35: 56954 | G35: =E35/$R$3 -> 0.32823427 | H35: =$S$18*G35 -> 8.5570673 | I35: =F35/$S$3 -> 0.32505579 | J35: =I35*$U$18 -> 564.94696 | K35: =1000*H35/J35 -> 15.146674
A36: 20201 | B36: La Paz | C36: Omasuyos | D36: Achacachi | E36: 41 | F36: 2499 | G36: =E36/$R$3 -> 0.01791958 | H36: =$S$18*G36 -> 0.46716346 | I36: =F36/$S$3 -> 0.01426264 | J36: =I36*$U$18 -> 24.788469 | K36: =1000*H36/J36 -> 18.845999
A37: 20202 | B37: La Paz | C37: Omasuyos | D37: Ancoraimes | E37: 11 | F37: 821 | G37: =E37/$R$3 -> 0.0048076923 | H37: =$S$18*G37 -> 0.12533654 | I37: =F37/$S$3 -> 0.0046857254 | J37: =I37*$U$18 -> 8.1437907 | K37: =1000*H37/J37 -> 15.390442
A38: 20203 | B38: La Paz | C38: Omasuyos | D38: Chua Cocani | E38: 6 | F38: 333 | G38: =E38/$R$3 -> 0.0026223776 | H38: =$S$18*G38 -> 0.068365385 | I38: =F38/$S$3 -> 0.0019005439 | J38: =I38*$U$18 -> 3.3031453 | K38: =1000*H38/J38 -> 20.697056
A39: 20204 | B39: La Paz | C39: Omasuyos | D39: Huarina | E39: 6 | F39: 418 | G39: =E39/$R$3 -> 0.0026223776 | H39: =$S$18*G39 -> 0.068365385 | I39: =F39/$S$3 -> 0.0023856677 | J39: =I39*$U$18 -> 4.1462905 | K39: =1000*H39/J39 -> 16.488325
A40: 20205 | B40: La Paz | C40: Omasuyos | D40: Santiago de Huata | E40: 3 | F40: 414 | G40: =E40/$R$3 -> 0.0013111888 | H40: =$S$18*G40 -> 0.034182692 | I40: =F40/$S$3 -> 0.0023628384 | J40: =I40*$U$18 -> 4.1066131 | K40: =1000*H40/J40 -> 8.3238161
A41: 20206 | B41: La Paz | C41: Omasuyos | D41: Huatajata | E41: 7 | F41: 188 | G41: =E41/$R$3 -> 0.0030594406 | H41: =$S$18*G41 -> 0.079759615 | I41: =F41/$S$3 -> 0.0010729797 | J41: =I41*$U$18 -> 1.8648388 | K41: =1000*H41/J41 -> 42.770247
A42: 20301 | B42: La Paz | C42: Pacajes | D42: Coro Coro | E42: 15 | F42: 655 | G42: =E42/$R$3 -> 0.0065559441 | H42: =$S$18*G42 -> 0.17091346 | I42: =F42/$S$3 -> 0.0037383071 | J42: =I42*$U$18 -> 6.4971777 | K42: =1000*H42/J42 -> 26.305801
... A117: 22002 | B117: La Paz | C117: Caranavi | D117: Alto Beni | E117: 12 | F117: 684 | G117: =E117/$R$3 -> 0.0052447552 | H117: =$S$18*G117 -> 0.13673077 | I117: =F117/$S$3 -> 0.0039038199 | J117: =I117*$U$18 -> 6.784839 | K117: =1000*H117/J117 -> 20.152397
A118: 30101 | B118: Cochabamba | C118: Cercado | D118: Cochabamba | E118: 299 | F118: 37662 | G118: =E118/$R$4 -> 0.22703113 | H118: =$S$19*G118 -> 1.7122688 | I118: =F118/$S$4 -> 0.29269316 | J118: =I118*$U$19 -> 367.91531 | K118: =1000*H118/J118 -> 4.6539754
A119: 30201 | B119: Cochabamba | C119: Campero | D119: Aiquile | E119: 7 | F119: 1388 | G119: =E119/$R$4 -> 0.0053151101 | H119: =$S$19*G119 -> 0.04008656 | I119: =F119/$S$4 -> 0.01078695 | J119: =I119*$U$19 -> 13.559196 | K119: =1000*H119/J119 -> 2.9564113
A120: 30202 | B120: Cochabamba | C120: Campero | D120: Pasorapa | E120: 1 | F120: 318 | G120: =E120/$R$4 -> 0.00075930144 | H120: =$S$19*G120 -> 0.0057266515 | I120: =F120/$S$4 -> 0.0024713617 | J120: =I120*$U$19 -> 3.1065017 | K120: =1000*H120/J120 -> 1.8434406
A121: 30203 | B121: Cochabamba | C121: Campero | D121: Omereque | E121: 1 | F121: 465 | G121: =E121/$R$4 -> 0.00075930144 | H121: =$S$19*G121 -> 0.0057266515 | I121: =F121/$S$4 -> 0.0036137837 | J121: =I121*$U$19 -> 4.5425261 | K121: =1000*H121/J121 -> 1.2606755
A122: 30301 | B122: Cochabamba | C122: Ayopaya | D122: Independencia | E122: 26 | F122: 1506 | G122: =E122/$R$4 -> 0.019741838 | H122: =$S$19*G122 -> 0.14889294 | I122: =F122/$S$4 -> 0.011703996 | J122: =I122*$U$19 -> 14.711923 | K122: =1000*H122/J122 -> 10.120563
A123: 30302 | B123: Cochabamba | C123: Ayopaya | D123: Morochata | E123: 12 | F123: 918 | G123: =E123/$R$4 -> 0.0091116173 | H123: =$S$19*G123 -> 0.068719818 | I123: =F123/$S$4 -> 0.0071343084 | J123: =I123*$U$19 -> 8.9678257 | K123: =1000*H123/J123 -> 7.6629297
A124: 30303 | B124: Cochabamba | C124: Ayopaya | D124: Cocapata | E124: 41 | F124: 1526 | G124: =E124/$R$4 -> 0.031131359 | H124: =$S$19*G124 -> 0.23479271 | I124: =F124/$S$4 -> 0.011859428 | J124: =I124*$U$19 -> 14.907301 | K124: =1000*H124/J124 -> 15.750183
A125: 30401 | B125: Cochabamba | C125: Esteban Arze | D125: Tarata | E125: 11 | F125: 692 | G125: =E125/$R$4 -> 0.0083523159 | H125: =$S$19*G125 -> 0.062993166 | I125: =F125/$S$4 -> 0.0053779318 | J125: =I125*$U$19 -> 6.7600603 | K125: =1000*H125/J125 -> 9.3184326
A126: 30402 | B126: Cochabamba | C126: Esteban Arze | D126: Anzaldo | E126: 8 | F126: 400 | G126: =E126/$R$4 -> 0.0060744115 | H126: =$S$19*G126 -> 0.045813212 | I126: =F126/$S$4 -> 0.0031086311 | J126: =I126*$U$19 -> 3.9075493 | K126: =1000*H126/J126 -> 11.724282
A127: 30403 | B127: Cochabamba | C127: Esteban Arze | D127: Arbieto | E127: 22 | F127: 2327 | G127: =E127/$R$4 -> 0.016704632 | H127: =$S$19*G127 -> 0.12598633 | I127: =F127/$S$4 -> 0.018084462 | J127: =I127*$U$19 -> 22.732168 | K127: =1000*H127/J127 -> 5.5422049
A128: 30404 | B128: Cochabamba | C128: Esteban Arze | D128: Sacabamba | E128: 7 | F128: 282 | G128: =E128/$R$4 -> 0.0053151101 | H128: =$S$19*G128 -> 0.04008656 | I128: =F128/$S$4 -> 0.0021915849 | J128: =I128*$U$19 -> 2.7548223 | K128: =1000*H128/J128 -> 14.551414
A129: 30501 | B129: Cochabamba | C129: Arani | D129: Arani | E129: 10 | F129: 623 | G129: =E129/$R$4 -> 0.0075930144 | H129: =$S$19*G129 -> 0.057266515 | I129: =F129/$S$4 -> 0.004841693 | J129: =I129*$U$19 -> 6.0860081 | K129: =1000*H129/J129 -> 9.4095365
... A165: 31602 | B165: Cochabamba | C165: Tiraque | D165: Shinahota | E165: 24 | F165: 2091 | G165: =E165/$R$4 -> 0.018223235 | H165: =$S$19*G165 -> 0.13743964 | I165: =F165/$S$4 -> 0.016250369 | J165: =I165*$U$19 -> 20.426714 | K165: =1000*H165/J165 -> 6.7284261
A166: 40101 | B166: Oruro | C166: Cercado | D166: Oruro | E166: 246 | F166: 19429 | G166: =E166/$R$5 -> 0.54065934 | H166: =$S$20*G166 -> 4.5626242 | I166: =F166/$S$5 -> 0.5547339 | J166: =I166*$U$20 -> 161.42756 | K166: =1000*H166/J166 -> 28.26422
A167: 40102 | B167: Oruro | C167: Cercado | D167: Caracollo | E167: 28 | F167: 1427 | G167: =E167/$R$5 -> 0.061538462 | H167: =$S$20*G167 -> 0.51932308 | I167: =F167/$S$5 -> 0.04074349 | J167: =I167*$U$20 -> 11.856356 | K167: =1000*H167/J167 -> 43.80124
A168: 40103 | B168: Oruro | C168: Cercado | D168: El Choro | E168: 3 | F168: 395 | G168: =E168/$R$5 -> 0.0065934066 | H168: =$S$20*G168 -> 0.055641758 | I168: =F168/$S$5 -> 0.011277981 | J168: =I168*$U$20 -> 3.2818924 | K168: =1000*H168/J168 -> 16.954169
A169: 40104 | B169: Oruro | C169: Cercado | D169: Soracachi | E169: 11 | F169: 1046 | G169: =E169/$R$5 -> 0.024175824 | H169: =$S$20*G169 -> 0.20401978 | I169: =F169/$S$5 -> 0.029865235 | J169: =I169*$U$20 -> 8.6907835 | K169: =1000*H169/J169 -> 23.475419
A170: 40201 | B170: Oruro | C170: Abaroa | D170: Challapata | E170: 31 | F170: 2387 | G170: =E170/$R$5 -> 0.068131868 | H170: =$S$20*G170 -> 0.57496484 | I170: =F170/$S$5 -> 0.068153266 | J170: =I170*$U$20 -> 19.832601 | K170: =1000*H170/J170 -> 28.990895
A171: 40202 | B171: Oruro | C171: Abaroa | D171: Santuario de Quillacas | E171: 5 | F171: 239 | G171: =E171/$R$5 -> 0.010989011 | H171: =$S$20*G171 -> 0.092736264 | I171: =F171/$S$5 -> 0.0068238922 | J171: =I171*$U$20 -> 1.9857526 | K171: =1000*H171/J171 -> 46.700814
A172: 40301 | B172: Oruro | C172: Carangas | D172: Corque | E172: 10 | F172: 854 | G172: =E172/$R$5 -> 0.021978022 | H172: =$S$20*G172 -> 0.18547253 | I172: =F172/$S$5 -> 0.02438328 | J172: =I172*$U$20 -> 7.0955345 | K172: =1000*H172/J172 -> 26.139331
A173: 40302 | B173: Oruro | C173: Carangas | D173: Choquecota | E173: 1 | F173: 122 | G173: =E173/$R$5 -> 0.0021978022 | H173: =$S$20*G173 -> 0.018547253 | I173: =F173/$S$5 -> 0.0034833257 | J173: =I173*$U$20 -> 1.0136478 | K173: =1000*H173/J173 -> 18.297532
A174: 40401 | B174: Oruro | C174: Sajama | D174: Curahuara de Carangas | E174: 9 | F174: 351 | G174: =E174/$R$5 -> 0.01978022 | H174: =$S$20*G174 -> 0.16692527 | I174: =F174/$S$5 -> 0.010021699 | J174: =I174*$U$20 -> 2.9163145 | K174: =1000*H174/J174 -> 57.238433
A175: 40402 | B175: Oruro | C175: Sajama | D175: Turco | E175: 2 | F175: 305 | G175: =E175/$R$5 -> 0.0043956044 | H175: =$S$20*G175 -> 0.037094505 | I175: =F175/$S$5 -> 0.0087083143 | J175: =I175*$U$20 -> 2.5341195 | K175: =1000*H175/J175 -> 14.638026
A176: 40501 | B176: Oruro | C176: Litoral | D176: Huachacalla | E176: 1 | F176: 224 | G176: =E176/$R$5 -> 0.0021978022 | H176: =$S$20*G176 -> 0.018547253 | I176: =F176/$S$5 -> 0.0063956144 | J176: =I176*$U$20 -> 1.8611238 | K176: =1000*H176/J176 -> 9.9656201
A177: 40502 | B177: Oruro | C177: Litoral | D177: Escara | E177: 1 | F177: 218 | G177: =E177/$R$5 -> 0.0021978022 | H177: =$S$20*G177 -> 0.018547253 | I177: =F177/$S$5 -> 0.0062243033 | J177: =I177*$U$20 -> 1.8112723 | K177: =1000*H177/J177 -> 10.239903
... A200: 41601 | B200: Oruro | C200: Nor Carangas | D200: Huayllamarca (Santiago de Huayllamarca) | E200: 6 | F200: 246 | G200: =E200/$R$5 -> 0.013186813 | H200: =$S$20*G200 -> 0.11128352 | I200: =F200/$S$5 -> 0.0070237551 | J200: =I200*$U$20 -> 2.0439127 | K200: =1000*H200/J200 -> 54.446315
A201: 50101 | B201: Potosí | C201: Tomás Frías | D201: Potosí | E201: 191 | F201: 16092 | G201: =E201/$R$6 -> 0.19509704 | H201: =$S$21*G201 -> 2.0853922 | I201: =F201/$S$6 -> 0.28216233 | J201: =I201*$U$21 -> 143.62063 | K201: =1000*H201/J201 -> 14.520144
A202: 50102 | B202: Potosí | C202: Tomás Frías | D202: Tinguipaya | E202: 54 | F202: 1914 | G202: =E202/$R$6 -> 0.055158325 | H202: =$S$21*G202 -> 0.58958733 | I202: =F202/$S$6 -> 0.033560695 | J202: =I202*$U$21 -> 17.082394 | K202: =1000*H202/J202 -> 34.514328
A203: 50103 | B203: Potosí | C203: Tomás Frías | D203: Yocalla | E203: 12 | F203: 718 | G203: =E203/$R$6 -> 0.012257406 | H203: =$S$21*G203 -> 0.13101941 | I203: =F203/$S$6 -> 0.012589644 | J203: =I203*$U$21 -> 6.4081289 | K203: =1000*H203/J203 -> 20.445813
A204: 50104 | B204: Potosí | C204: Tomás Frías | D204: Belén de Urmiri | E204: 1 | F204: 147 | G204: =E204/$R$6 -> 0.0010214505 | H204: =$S$21*G204 -> 0.010918284 | I204: =F204/$S$6 -> 0.0025775455 | J204: =I204*$U$21 -> 1.3119707 | K204: =1000*H204/J204 -> 8.3220487
A205: 50201 | B205: Potosí | C205: Rafael Bustillo | D205: Uncía | E205: 37 | F205: 1465 | G205: =E205/$R$6 -> 0.037793667 | H205: =$S$21*G205 -> 0.40397651 | I205: =F205/$S$6 -> 0.025687784 | J205: =I205*$U$21 -> 13.075082 | K205: =1000*H205/J205 -> 30.896671
A206: 50202 | B206: Potosí | C206: Rafael Bustillo | D206: Chayanta | E206: 34 | F206: 1011 | G206: =E206/$R$6 -> 0.034729316 | H206: =$S$21*G206 -> 0.37122165 | I206: =F206/$S$6 -> 0.017727201 | J206: =I206*$U$21 -> 9.0231453 | K206: =1000*H206/J206 -> 41.141048
A207: 50203 | B207: Potosí | C207: Rafael Bustillo | D207: Llallagua | E207: 43 | F207: 2810 | G207: =E207/$R$6 -> 0.04392237 | H207: =$S$21*G207 -> 0.46948621 | I207: =F207/$S$6 -> 0.049271449 | J207: =I207*$U$21 -> 25.079167 | K207: =1000*H207/J207 -> 18.720167
A208: 50204 | B208: Potosí | C208: Rafael Bustillo | D208: Chuquihuta - Ayllu Jucumani | E208: 14 | F208: 570 | G208: =E208/$R$6 -> 0.014300306 | H208: =$S$21*G208 -> 0.15285598 | I208: =F208/$S$6 -> 0.0099945644 | J208: =I208*$U$21 -> 5.0872333 | K208: =1000*H208/J208 -> 30.046976
A209: 50301 | B209: Potosí | C209: Cornelio Saavedra | D209: Betanzos | E209: 38 | F209: 2050 | G209: =E209/$R$6 -> 0.038815117 | H209: =$S$21*G209 -> 0.41489479 | I209: =F209/$S$6 -> 0.035945363 | J209: =I209*$U$21 -> 18.29619 | K209: =1000*H209/J209 -> 22.676568
A210: 50302 | B210: Potosí | C210: Cornelio Saavedra | D210: Chaquí | E210: 8 | F210: 556 | G210: =E210/$R$6 -> 0.0081716037 | H210: =$S$21*G210 -> 0.087346272 | I210: =F210/$S$6 -> 0.0097490838 | J210: =I210*$U$21 -> 4.9622837 | K210: =1000*H210/J210 -> 17.602031
A211: 50303 | B211: Potosí | C211: Cornelio Saavedra | D211: Tacobamba | E211: 6 | F211: 896 | G211: =E211/$R$6 -> 0.0061287028 | H211: =$S$21*G211 -> 0.065509704 | I211: =F211/$S$6 -> 0.015710754 | J211: =I211*$U$21 -> 7.9967737 | K211: =1000*H211/J211 -> 8.1920167
A212: 50401 | B212: Potosí | C212: Chayanta | D212: Colquechaca | E212: 45 | F212: 1044 | G212: =E212/$R$6 -> 0.045965271 | H212: =$S$21*G212 -> 0.49132278 | I212: =F212/$S$6 -> 0.018305834 | J212: =I212*$U$21 -> 9.3176693 | K212: =1000*H212/J212 -> 52.730223
... A235: 51203 | B235: Potosí | C235: Antonio Quijarro | D235: Porco | E235: 13 | F235: 1230 | G235: =E235/$R$6 -> 0.013278856 | H235: =$S$21*G235 -> 0.14193769 | I235: =F235/$S$6 -> 0.021567218 | J235: =I235*$U$21 -> 10.977714 | K235: =1000*H235/J235 -> 12.929622
A236: 51204 | B236: Potosí | D236: TIOC-Jatun Ayllu Yura | E236: 10 | F236: 363 | G236: =E236/$R$6 -> 0.010214505 | H236: =$S$21*G236 -> 0.10918284 | I236: =F236/$S$6 -> 0.0063649594 | J236: =I236*$U$21 -> 3.2397643 | K236: =1000*H236/J236 -> 33.700859
A237: 51301 | B237: Potosí | C237: General Bilbao | D237: Arampampa | E237: 5 | F237: 228 | G237: =E237/$R$6 -> 0.0051072523 | H237: =$S$21*G237 -> 0.05459142 | I237: =F237/$S$6 -> 0.0039978257 | J237: =I237*$U$21 -> 2.0348933 | K237: =1000*H237/J237 -> 26.827657
A238: 51302 | B238: Potosí | C238: General Bilbao | D238: Acasio | E238: 8 | F238: 265 | G238: =E238/$R$6 -> 0.0081716037 | H238: =$S$21*G238 -> 0.087346272 | I238: =F238/$S$6 -> 0.0046465957 | J238: =I238*$U$21 -> 2.3651172 | K238: =1000*H238/J238 -> 36.931054
A239: 51401 | B239: Potosí | C239: Daniel Campos | D239: Llica | E239: 8 | F239: 285 | G239: =E239/$R$6 -> 0.0081716037 | H239: =$S$21*G239 -> 0.087346272 | I239: =F239/$S$6 -> 0.0049972822 | J239: =I239*$U$21 -> 2.5436166 | K239: =1000*H239/J239 -> 34.339401
A240: 51402 | B240: Potosí | C240: Daniel Campos | D240: Tahua | E240: 0 | F240: 84 | G240: =E240/$R$6 -> 0 | H240: =$S$21*G240 -> 0 | I240: =F240/$S$6 -> 0.0014728832 | J240: =I240*$U$21 -> 0.74969753 | K240: =1000*H240/J240 -> 0
A241: 51501 | B241: Potosí | C241: Modesto Omiste | D241: Villazón | E241: 37 | F241: 2994 | G241: =E241/$R$6 -> 0.037793667 | H241: =$S$21*G241 -> 0.40397651 | I241: =F241/$S$6 -> 0.052497764 | J241: =I241*$U$21 -> 26.721362 | K241: =1000*H241/J241 -> 15.118111
A242: 51601 | B242: Potosí | C242: Enrique Baldivieso | D242: San Agustín | E242: 2 | F242: 128 | G242: =E242/$R$6 -> 0.0020429009 | H242: =$S$21*G242 -> 0.021836568 | I242: =F242/$S$6 -> 0.0022443934 | J242: =I242*$U$21 -> 1.1423962 | K242: =1000*H242/J242 -> 19.114706
A243: 60101 | B243: Tarija | C243: Cercado | D243: Tarija | E243: 71 | F243: 13085 | G243: =E243/$R$7 -> 0.35323383 | H243: =$S$22*G243 -> 2.6333582 | I243: =F243/$S$7 -> 0.41477795 | J243: =I243*$U$22 -> 147.24617 | K243: =1000*H243/J243 -> 17.884052
A244: 60201 | B244: Tarija | C244: Arce | D244: Padcaya | E244: 6 | F244: 1004 | G244: =E244/$R$7 -> 0.029850746 | H244: =$S$22*G244 -> 0.22253731 | I244: =F244/$S$7 -> 0.03182553 | J244: =I244*$U$22 -> 11.298063 | K244: =1000*H244/J244 -> 19.696944
A245: 60202 | B245: Tarija | C245: Arce | D245: Bermejo | E245: 10 | F245: 2256 | G245: =E245/$R$7 -> 0.049751244 | H245: =$S$22*G245 -> 0.37089552 | I245: =F245/$S$7 -> 0.071512347 | J245: =I245*$U$22 -> 25.386883 | K245: =1000*H245/J245 -> 14.609731
A246: 60301 | B246: Tarija | C246: Gran Chaco | D246: Yacuiba | E246: 61 | F246: 6224 | G246: =E246/$R$7 -> 0.30348259 | H246: =$S$22*G246 -> 2.2624627 | I246: =F246/$S$7 -> 0.19729293 | J246: =I246*$U$22 -> 70.038989 | K246: =1000*H246/J246 -> 32.302903
A247: 60302 | B247: Tarija | C247: Gran Chaco | D247: Caraparí | E247: 7 | F247: 1074 | G247: =E247/$R$7 -> 0.034825871 | H247: =$S$22*G247 -> 0.25962687 | I247: =F247/$S$7 -> 0.034044442 | J247: =I247*$U$22 -> 12.085777 | K247: =1000*H247/J247 -> 21.482017
A248: 60303 | B248: Tarija | C248: Gran Chaco | D248: Villa Montes | E248: 17 | F248: 3031 | G248: =E248/$R$7 -> 0.084577114 | H248: =$S$22*G248 -> 0.63052239 | I248: =F248/$S$7 -> 0.096078866 | J248: =I248*$U$22 -> 34.107998 | K248: =1000*H248/J248 -> 18.486057
A249: 60401 | B249: Tarija | C249: Avilés | D249: Uriondo | E249: 5 | F249: 964 | G249: =E249/$R$7 -> 0.024875622 | H249: =$S$22*G249 -> 0.18544776 | I249: =F249/$S$7 -> 0.030557581 | J249: =I249*$U$22 -> 10.847941 | K249: =1000*H249/J249 -> 17.095203
A250: 60402 | B250: Tarija | C250: Avilés | D250: Yunchará | E250: 2 | F250: 311 | G250: =E250/$R$7 -> 0.0099502488 | H250: =$S$22*G250 -> 0.074179104 | I250: =F250/$S$7 -> 0.0098583067 | J250: =I250*$U$22 -> 3.4996989 | K250: =1000*H250/J250 -> 21.195854
A251: 60501 | B251: Tarija | C251: Méndez | D251: Villa San Lorenzo | E251: 8 | F251: 1741 | G251: =E251/$R$7 -> 0.039800995 | H251: =$S$22*G251 -> 0.29671642 | I251: =F251/$S$7 -> 0.055187498 | J251: =I251*$U$22 -> 19.591562 | K251: =1000*H251/J251 -> 15.145113
A252: 60502 | B252: Tarija | C252: Méndez | D252: El Puente | E252: 5 | F252: 561 | G252: =E252/$R$7 -> 0.024875622 | H252: =$S$22*G252 -> 0.18544776 | I252: =F252/$S$7 -> 0.01778299 | J252: =I252*$U$22 -> 6.3129616 | K252: =1000*H252/J252 -> 29.375715
A253: 60601 | B253: Tarija | C253: O'Connor | D253: Entre Ríos | E253: 9 | F253: 1296 | G253: =E253/$R$7 -> 0.044776119 | H253: =$S$22*G253 -> 0.33380597 | I253: =F253/$S$7 -> 0.041081561 | J253: =I253*$U$22 -> 14.583954 | K253: =1000*H253/J253 -> 22.888578
...

Sheet Indicador_MUN
A1: id | B1: MUNICIPIO | C1: Tasa de mortalidad acorde a EDSA distribuido por censo 2012 | D1: Tasa de mortalidad acorde a EDSA distribuido por censo 2024
A2: 10101 | B2: Sucre | C2: 18.616089 | D2: 6.1969078
A3: 10102 | B3: Yotala | C3: 20.980805 | D3: 15.052444
A4: 10103 | B4: Poroma | C4: 29.397213 | D4: 16.018902
A5: 10201 | B5: Villa Azurduy | C5: 23.225477 | D5: 13.277617
A6: 10202 | B6: Tarvita | C6: 19.131778 | D6: 9.189862
A7: 10301 | B7: Zudañez | C7: 32.08829 | D7: 3.2388964
A8: 10302 | B8: Presto | C8: 51.574634 | D8: 8.9142413
A9: 10303 | B9: Villa Mojocoya | C9: 47.00813 | D9: 7.9344081
A10: 10304 | B10: Icla | C10: 12.754518 | D10: 8.3624686
A11: 10401 | B11: Padilla | C11: 33.360608 | D11: 4.4590286
A12: 10402 | B12: Tomina | C12: 26.861789 | D12: 4.7781151
A13: 10403 | B13: Sopachuy | C13: 13.743241 | D13: 2.028094
... A344: 90503 | B344: Santos Mercado | C344: 0 | D344: 29.937839

Sheet INFANTIL Absoluto_MUN
A1: id | B1: MUNICIPIO | C1: INFANTIL Número de niños fallecidos antes de cumplir 1 año 2012 | D1: INFANTIL Número de niños fallecidos antes de cumplir 1 año 2024
A2: 10101 | B2: Sucre | C2: 106 | D2: 132
A3: 10102 | B3: Yotala | C3: 4 | D3: 9
A4: 10103 | B4: Poroma | C4: 14 | D4: 17
A5: 10201 | B5: Villa Azurduy | C5: 6 | D5: 9
A6: 10202 | B6: Tarvita | C6: 6 | D6: 12
A7: 10301 | B7: Zudañez | C7: 8 | D7: 3
A8: 10302 | B8: Presto | C8: 16 | D8: 8
A9: 10303 | B9: Villa Mojocoya | C9: 7 | D9: 5
A10: 10304 | B10: Icla | C10: 2 | D10: 5
A11: 10401 | B11: Padilla | C11: 7 | D11: 3
A12: 10402 | B12: Tomina | C12: 6 | D12: 3
A13: 10403 | B13: Sopachuy | C13: 2 | D13: 3
... A344: 90503 | B344: Santos Mercado | C344: 0 | D344: 4
C345: 0

Sheet NIÑEZ Absoluto_MUN 
A1: id | B1: MUNICIPIO | C1: NIÑEZ Número de niños fallecidos antes de cumplir 5 años 2012 | D1: NIÑEZ Número de niños fallecidos antes de cumplir 5 años 2024
A2: 10101 | B2: Sucre | C2: 222 | D2: 233
A3: 10102 | B3: Yotala | C3: 10 | D3: 7
A4: 10103 | B4: Poroma | C4: 36 | D4: 16
A5: 10201 | B5: Villa Azurduy | C5: 12 | D5: 3
A6: 10202 | B6: Tarvita | C6: 24 | D6: 16
A7: 10301 | B7: Zudañez | C7: 13 | D7: 4
A8: 10302 | B8: Presto | C8: 34 | D8: 10
A9: 10303 | B9: Villa Mojocoya | C9: 13 | D9: 3
A10: 10304 | B10: Icla | C10: 4 | D10: 3
A11: 10401 | B11: Padilla | C11: 8 | D11: 11
A12: 10402 | B12: Tomina | C12: 10 | D12: 13
A13: 10403 | B13: Sopachuy | C13: 2 | D13: 5
... A344: 90503 | B344: Santos Mercado | C344: 6 | D344: 14
C345: 0

Sheet Absoluto_MUN
A1: id | B1: MUNICIPIO | C1: Número de niños fallecidos antes de cumplir 1 año 2012 | D1: Número de niños fallecidos antes de cumplir 1 año 2024
A2: 10101 | B2: Sucre
A3: 10102 | B3: Yotala
A4: 10103 | B4: Poroma
A5: 10201 | B5: Villa Azurduy
A6: 10202 | B6: Tarvita
A7: 10301 | B7: Zudañez
A8: 10302 | B8: Presto
A9: 10303 | B9: Villa Mojocoya
A10: 10304 | B10: Icla
A11: 10401 | B11: Padilla
A12: 10402 | B12: Tomina
A13: 10403 | B13: Sopachuy
... A344: 90503 | B344: Santos Mercado

Sheet Indicador_DEP 
A1: id_departamento | B1: Departamento | C1: Tasa de mortalidad INFANTIL (< 1 año) (por 1,000 nacidos vivos) EDSA 2008 | D1: Tasa de mortalidad INFANTIL (< 1 año) (por 1,000 nacidos vivos) EDSA 2023
A2: 1 | B2: Chuquisaca | C2: 22 | D2: 8
A3: 2 | B3: La Paz | C3: 59 | D3: 17
A4: 3 | B4: Cochabamba | C4: 57 | D4: 11
A5: 4 | B5: Oruro | C5: 51 | D5: 31
A6: 5 | B6: Potosí | C6: 91 | D6: 42
A7: 6 | B7: Tarija | C7: 33 | D7: 25
A8: 7 | B8: Santa Cruz | C8: 21 | D8: 8
A9: 8 | B9: Beni | C9: 34 | D9: 24
A10: 9 | B10: Pando | C10: 43 | D10: 10
A11: 10 | B11: Gran Chaco | C11: 44.493631 | D11: 27.123264
A12: 11 | B12: Bolivia | C12: 50 | D12: 16

Sheet Absoluto_DEP
A1: id_departamento | B1: Departamento | C1: Número de niños fallecidos antes de cumplir 1 año 2012 | D1: Número de niños fallecidos antes de cumplir 1 año 2024
A2: 1 | B2: Chuquisaca
A3: 2 | B3: La Paz
A4: 3 | B4: Cochabamba
A5: 4 | B5: Oruro
A6: 5 | B6: Potosí
A7: 6 | B7: Tarija
A8: 7 | B8: Santa Cruz
A9: 8 | B9: Beni
A10: 9 | B10: Pando
A11: 10 | B11: Gran Chaco
A12: 11 | B12: Bolivia

Sheet Umbral
A1: ODS | B1: Indicador | C1: Meta Alcanzada max | D1: Meta Alcanzada min | E1: Próximo a Alcanzarse max | F1: Próximo a Alcanzarse min | G1: Quedan Retos Importantes max | H1: Quedan Retos Importantes min | I1: Quedan Retos Grandes max | J1: Quedan Retos Grandes min | K1: Criterio Umbral Verde
A2: 3 | B2: Tasa de mortalidad infantil (< 1 año) (por 1,000 nacidos vivos) | C2: 0 | D2: 12 | E2: 12 | F2: 16 | G2: 16 | H2: 20 | I2: 20 | J2: 400 | K2: Atlas Municipal de los ODS 2020

Sheet Mapa
