Workbook

Sheet Datos procesados
A1: id | B1: Municipio | C1: atendidas2012 | D1: noatendidas2012 | E1: mujer15parto_2012 | F1: atendidas_2024 | G1: noatendidas_2024 | H1: mujer15parto_2024 | I1: cobertura2012 | J1: cobertura2024 | K1: =COUNTIF(K2:K344,"mejoro") -> 337 | M1: idep | N1: Departamento | O1: atendidas2012 | P1: noatendidos2012 | Q1: mujer15aparto_2012 | R1: atendidas2024 | S1: noatendidas2024 | T1: mujer15aparto_2024 | U1: cobertura2012 | V1: cobertura2024
A2: 10101 | B2: Sucre | C2: 7156 | D2: 404 | E2: ='Datos procesados'!$C2+'Datos procesados'!$D2 -> 7560 | F2: 5816 | G2: 148 | H2: ='Datos procesados'!$F2+'Datos procesados'!$G2 -> 5964 | I2: ='Datos procesados'!$C2/'Datos procesados'!$E2*100 -> 94.656085 | J2: ='Datos procesados'!$F2/'Datos procesados'!$H2*100 -> 97.518444 | K2: =IF(J2>I2,"mejoro","empeoro") -> mejoro | M2: 1 | N2: Chuquisaca | O2: =SUM(C2:C30) -> 12305 | P2: =SUM(D2:D30) -> 1723 | Q2: =O2+P2 -> 14028 | R2: =SUM(F2:F30) -> 11435 | S2: =SUM(G2:G30) -> 636 | T2: =R2+S2 -> 12071 | U2: =(O2/Q2)*100 -> 87.717422 | V2: =(R2/T2)*100 -> 94.731174
A3: 10102 | B3: Yotala | C3: 200 | D3: 10 | E3: ='Datos procesados'!$C3+'Datos procesados'!$D3 -> 210 | F3: 165 | G3: 1 | H3: ='Datos procesados'!$F3+'Datos procesados'!$G3 -> 166 | I3: ='Datos procesados'!$C3/'Datos procesados'!$E3*100 -> 95.238095 | J3: ='Datos procesados'!$F3/'Datos procesados'!$H3*100 -> 99.39759 | K3: =IF(J3>I3,"mejoro","empeoro") -> mejoro | M3: 2 | N3: La Paz | O3: =+SUM(C31:C117) -> 54271 | P3: =+SUM(D31:D117) -> 13225 | Q3: =O3+P3 -> 67496 | R3: =+SUM(F31:F117) -> 52818 | S3: =+SUM(G31:G117) -> 5289 | T3: =R3+S3 -> 58107 | U3: =(O3/Q3)*100 -> 80.406246 | V3: =(R3/T3)*100 -> 90.897826
A4: 10103 | B4: Poroma | C4: 176 | D4: 113 | E4: ='Datos procesados'!$C4+'Datos procesados'!$D4 -> 289 | F4: 243 | G4: 40 | H4: ='Datos procesados'!$F4+'Datos procesados'!$G4 -> 283 | I4: ='Datos procesados'!$C4/'Datos procesados'!$E4*100 -> 60.899654 | J4: ='Datos procesados'!$F4/'Datos procesados'!$H4*100 -> 85.865724 | K4: =IF(J4>I4,"mejoro","empeoro") -> mejoro | M4: 3 | N4: Cochabamba | O4: =+SUM(C118:C165) -> 41441 | P4: =+SUM(D118:D165) -> 5315 | Q4: =O4+P4 -> 46756 | R4: =+SUM(F118:F165) -> 39967 | S4: =+SUM(G118:G165) -> 2087 | T4: =R4+S4 -> 42054 | U4: =(O4/Q4)*100 -> 88.632475 | V4: =(R4/T4)*100 -> 95.037333
A5: 10201 | B5: Villa Azurduy | C5: 103 | D5: 79 | E5: ='Datos procesados'!$C5+'Datos procesados'!$D5 -> 182 | F5: 127 | G5: 29 | H5: ='Datos procesados'!$F5+'Datos procesados'!$G5 -> 156 | I5: ='Datos procesados'!$C5/'Datos procesados'!$E5*100 -> 56.593407 | J5: ='Datos procesados'!$F5/'Datos procesados'!$H5*100 -> 81.410256 | K5: =IF(J5>I5,"mejoro","empeoro") -> mejoro | M5: 4 | N5: Oruro | O5: =+SUM(C166:C200) -> 10686 | P5: =+SUM(D166:D200) -> 2197 | Q5: =O5+P5 -> 12883 | R5: =+SUM(F166:F200) -> 10279 | S5: =+SUM(G166:G200) -> 858 | T5: =R5+S5 -> 11137 | U5: =(O5/Q5)*100 -> 82.946519 | V5: =(R5/T5)*100 -> 92.29595
A6: 10202 | B6: Tarvita | C6: 190 | D6: 44 | E6: ='Datos procesados'!$C6+'Datos procesados'!$D6 -> 234 | F6: 305 | G6: 18 | H6: ='Datos procesados'!$F6+'Datos procesados'!$G6 -> 323 | I6: ='Datos procesados'!$C6/'Datos procesados'!$E6*100 -> 81.196581 | J6: ='Datos procesados'!$F6/'Datos procesados'!$H6*100 -> 94.427245 | K6: =IF(J6>I6,"mejoro","empeoro") -> mejoro | M6: 5 | N6: Potosí | O6: =+SUM(C201:C242) -> 14342 | P6: =+SUM(D201:D242) -> 4719 | Q6: =O6+P6 -> 19061 | R6: =+SUM(F201:F242) -> 15591 | S6: =+SUM(G201:G242) -> 1980 | T6: =R6+S6 -> 17571 | U6: =(O6/Q6)*100 -> 75.242642 | V6: =(R6/T6)*100 -> 88.731432
A7: 10301 | B7: Zudañez | C7: 231 | D7: 36 | E7: ='Datos procesados'!$C7+'Datos procesados'!$D7 -> 267 | F7: 303 | G7: 14 | H7: ='Datos procesados'!$F7+'Datos procesados'!$G7 -> 317 | I7: ='Datos procesados'!$C7/'Datos procesados'!$E7*100 -> 86.516854 | J7: ='Datos procesados'!$F7/'Datos procesados'!$H7*100 -> 95.583596 | K7: =IF(J7>I7,"mejoro","empeoro") -> mejoro | M7: 6 | N7: Tarija | O7: =+SUM(C243:C253) -> 13561 | P7: =+SUM(D243:D253) -> 992 | Q7: =O7+P7 -> 14553 | R7: =+SUM(F243:F253) -> 10208 | S7: =+SUM(G243:G253) -> 248 | T7: =R7+S7 -> 10456 | U7: =(O7/Q7)*100 -> 93.183536 | V7: =(R7/T7)*100 -> 97.628156
A8: 10302 | B8: Presto | C8: 189 | D8: 103 | E8: ='Datos procesados'!$C8+'Datos procesados'!$D8 -> 292 | F8: 206 | G8: 47 | H8: ='Datos procesados'!$F8+'Datos procesados'!$G8 -> 253 | I8: ='Datos procesados'!$C8/'Datos procesados'!$E8*100 -> 64.726027 | J8: ='Datos procesados'!$F8/'Datos procesados'!$H8*100 -> 81.422925 | K8: =IF(J8>I8,"mejoro","empeoro") -> mejoro | M8: 7 | N8: Santa Cruz | O8: =+SUM(C254:C309) -> 72406 | P8: =+SUM(D254:D309) -> 4505 | Q8: =O8+P8 -> 76911 | R8: =+SUM(F254:F309) -> 62899 | S8: =+SUM(G254:G309) -> 1254 | T8: =R8+S8 -> 64153 | U8: =(O8/Q8)*100 -> 94.14258 | V8: =(R8/T8)*100 -> 98.045298
A9: 10303 | B9: Villa Mojocoya | C9: 121 | D9: 37 | E9: ='Datos procesados'!$C9+'Datos procesados'!$D9 -> 158 | F9: 159 | G9: 5 | H9: ='Datos procesados'!$F9+'Datos procesados'!$G9 -> 164 | I9: ='Datos procesados'!$C9/'Datos procesados'!$E9*100 -> 76.582278 | J9: ='Datos procesados'!$F9/'Datos procesados'!$H9*100 -> 96.95122 | K9: =IF(J9>I9,"mejoro","empeoro") -> mejoro | M9: 8 | N9: Beni | O9: =+SUM(C310:C329) -> 10166 | P9: =+SUM(D310:D329) -> 1173 | Q9: =O9+P9 -> 11339 | R9: =+SUM(F310:F329) -> 9579 | S9: =+SUM(G310:G329) -> 657 | T9: =R9+S9 -> 10236 | U9: =(O9/Q9)*100 -> 89.655172 | V9: =(R9/T9)*100 -> 93.581477
A10: 10304 | B10: Icla | C10: 86 | D10: 27 | E10: ='Datos procesados'!$C10+'Datos procesados'!$D10 -> 113 | F10: 194 | G10: 15 | H10: ='Datos procesados'!$F10+'Datos procesados'!$G10 -> 209 | I10: ='Datos procesados'!$C10/'Datos procesados'!$E10*100 -> 76.106195 | J10: ='Datos procesados'!$F10/'Datos procesados'!$H10*100 -> 92.822967 | K10: =IF(J10>I10,"mejoro","empeoro") -> mejoro | M10: 9 | N10: Pando | O10: =+SUM(C330:C344) -> 2739 | P10: =+SUM(D330:D344) -> 347 | Q10: =O10+P10 -> 3086 | R10: =+SUM(F330:F344) -> 2665 | S10: =+SUM(G330:G344) -> 124 | T10: =R10+S10 -> 2789 | U10: =(O10/Q10)*100 -> 88.755671 | V10: =(R10/T10)*100 -> 95.553962
A11: 10401 | B11: Padilla | C11: 227 | D11: 10 | E11: ='Datos procesados'!$C11+'Datos procesados'!$D11 -> 237 | F11: 180 | G11: 3 | H11: ='Datos procesados'!$F11+'Datos procesados'!$G11 -> 183 | I11: ='Datos procesados'!$C11/'Datos procesados'!$E11*100 -> 95.780591 | J11: ='Datos procesados'!$F11/'Datos procesados'!$H11*100 -> 98.360656 | K11: =IF(J11>I11,"mejoro","empeoro") -> mejoro | M11: 10 | N11: Gran Chaco | O11: 3937 | P11: 280 | Q11: 4217 | R11: 3074 | S11: 73 | T11: 3147 | U11: =(O11/Q11)*100 -> 93.360209 | V11: =(R11/T11)*100 -> 97.68033
A12: 10402 | B12: Tomina | C12: 178 | D12: 12 | E12: ='Datos procesados'!$C12+'Datos procesados'!$D12 -> 190 | F12: 207 | G12: 4 | H12: ='Datos procesados'!$F12+'Datos procesados'!$G12 -> 211 | I12: ='Datos procesados'!$C12/'Datos procesados'!$E12*100 -> 93.684211 | J12: ='Datos procesados'!$F12/'Datos procesados'!$H12*100 -> 98.104265 | K12: =IF(J12>I12,"mejoro","empeoro") -> mejoro | M12: 11 | N12: Bolivia | O12: =SUM(O2:O10) -> 231917 | P12: =SUM(P2:P10) -> 34196 | Q12: =SUM(Q2:Q10) -> 266113 | R12: =SUM(R2:R10) -> 215441 | S12: =SUM(S2:S10) -> 13133 | T12: =SUM(T2:T10) -> 228574 | U12: =(O12/Q12)*100 -> 87.14982 | V12: =(R12/T12)*100 -> 94.254377
A13: 10403 | B13: Sopachuy | C13: 113 | D13: 29 | E13: ='Datos procesados'!$C13+'Datos procesados'!$D13 -> 142 | F13: 141 | G13: 10 | H13: ='Datos procesados'!$F13+'Datos procesados'!$G13 -> 151 | I13: ='Datos procesados'!$C13/'Datos procesados'!$E13*100 -> 79.577465 | J13: ='Datos procesados'!$F13/'Datos procesados'!$H13*100 -> 93.377483 | K13: =IF(J13>I13,"mejoro","empeoro") -> mejoro
A14: 10404 | B14: Villa Alcalá | C14: 108 | D14: 8 | E14: ='Datos procesados'!$C14+'Datos procesados'!$D14 -> 116 | F14: 71 | G14: 2 | H14: ='Datos procesados'!$F14+'Datos procesados'!$G14 -> 73 | I14: ='Datos procesados'!$C14/'Datos procesados'!$E14*100 -> 93.103448 | J14: ='Datos procesados'!$F14/'Datos procesados'!$H14*100 -> 97.260274 | K14: =IF(J14>I14,"mejoro","empeoro") -> mejoro
A15: 10405 | B15: El Villar | C15: 81 | D15: 7 | E15: ='Datos procesados'!$C15+'Datos procesados'!$D15 -> 88 | F15: 117 | G15: 1 | H15: ='Datos procesados'!$F15+'Datos procesados'!$G15 -> 118 | I15: ='Datos procesados'!$C15/'Datos procesados'!$E15*100 -> 92.045455 | J15: ='Datos procesados'!$F15/'Datos procesados'!$H15*100 -> 99.152542 | K15: =IF(J15>I15,"mejoro","empeoro") -> mejoro
A16: 10501 | B16: Monteagudo | C16: 513 | D16: 35 | E16: ='Datos procesados'!$C16+'Datos procesados'!$D16 -> 548 | F16: 438 | G16: 9 | H16: ='Datos procesados'!$F16+'Datos procesados'!$G16 -> 447 | I16: ='Datos procesados'!$C16/'Datos procesados'!$E16*100 -> 93.613139 | J16: ='Datos procesados'!$F16/'Datos procesados'!$H16*100 -> 97.986577 | K16: =IF(J16>I16,"mejoro","empeoro") -> mejoro
A17: 10502 | B17: San Pablo de Huacareta | C17: 126 | D17: 25 | E17: ='Datos procesados'!$C17+'Datos procesados'!$D17 -> 151 | F17: 106 | G17: 2 | H17: ='Datos procesados'!$F17+'Datos procesados'!$G17 -> 108 | I17: ='Datos procesados'!$C17/'Datos procesados'!$E17*100 -> 83.443709 | J17: ='Datos procesados'!$F17/'Datos procesados'!$H17*100 -> 98.148148 | K17: =IF(J17>I17,"mejoro","empeoro") -> mejoro
A18: 10601 | B18: Tarabuco | C18: 220 | D18: 75 | E18: ='Datos procesados'!$C18+'Datos procesados'!$D18 -> 295 | F18: 220 | G18: 30 | H18: ='Datos procesados'!$F18+'Datos procesados'!$G18 -> 250 | I18: ='Datos procesados'!$C18/'Datos procesados'!$E18*100 -> 74.576271 | J18: ='Datos procesados'!$F18/'Datos procesados'!$H18*100 -> 88 | K18: =IF(J18>I18,"mejoro","empeoro") -> mejoro
A19: 10602 | B19: Yamparáez | C19: 149 | D19: 17 | E19: ='Datos procesados'!$C19+'Datos procesados'!$D19 -> 166 | F19: 156 | G19: 7 | H19: ='Datos procesados'!$F19+'Datos procesados'!$G19 -> 163 | I19: ='Datos procesados'!$C19/'Datos procesados'!$E19*100 -> 89.759036 | J19: ='Datos procesados'!$F19/'Datos procesados'!$H19*100 -> 95.705521 | K19: =IF(J19>I19,"mejoro","empeoro") -> mejoro
A20: 10701 | B20: Camargo | C20: 304 | D20: 48 | E20: ='Datos procesados'!$C20+'Datos procesados'!$D20 -> 352 | F20: 245 | G20: 10 | H20: ='Datos procesados'!$F20+'Datos procesados'!$G20 -> 255 | I20: ='Datos procesados'!$C20/'Datos procesados'!$E20*100 -> 86.363636 | J20: ='Datos procesados'!$F20/'Datos procesados'!$H20*100 -> 96.078431 | K20: =IF(J20>I20,"mejoro","empeoro") -> mejoro
A21: 10702 | B21: San Lucas | C21: 374 | D21: 194 | E21: ='Datos procesados'!$C21+'Datos procesados'!$D21 -> 568 | F21: 489 | G21: 66 | H21: ='Datos procesados'!$F21+'Datos procesados'!$G21 -> 555 | I21: ='Datos procesados'!$C21/'Datos procesados'!$E21*100 -> 65.84507 | J21: ='Datos procesados'!$F21/'Datos procesados'!$H21*100 -> 88.108108 | K21: =IF(J21>I21,"mejoro","empeoro") -> mejoro
A22: 10703 | B22: Incahuasi | C22: 205 | D22: 119 | E22: ='Datos procesados'!$C22+'Datos procesados'!$D22 -> 324 | F22: 261 | G22: 65 | H22: ='Datos procesados'!$F22+'Datos procesados'!$G22 -> 326 | I22: ='Datos procesados'!$C22/'Datos procesados'!$E22*100 -> 63.271605 | J22: ='Datos procesados'!$F22/'Datos procesados'!$H22*100 -> 80.06135 | K22: =IF(J22>I22,"mejoro","empeoro") -> mejoro
A23: 10704 | B23: Villa Charcas | C23: 248 | D23: 117 | E23: ='Datos procesados'!$C23+'Datos procesados'!$D23 -> 365 | F23: 316 | G23: 37 | H23: ='Datos procesados'!$F23+'Datos procesados'!$G23 -> 353 | I23: ='Datos procesados'!$C23/'Datos procesados'!$E23*100 -> 67.945205 | J23: ='Datos procesados'!$F23/'Datos procesados'!$H23*100 -> 89.518414 | K23: =IF(J23>I23,"mejoro","empeoro") -> mejoro
A24: 10801 | B24: Villa Serrano | C24: 194 | D24: 25 | E24: ='Datos procesados'!$C24+'Datos procesados'!$D24 -> 219 | F24: 156 | G24: 3 | H24: ='Datos procesados'!$F24+'Datos procesados'!$G24 -> 159 | I24: ='Datos procesados'!$C24/'Datos procesados'!$E24*100 -> 88.584475 | J24: ='Datos procesados'!$F24/'Datos procesados'!$H24*100 -> 98.113208 | K24: =IF(J24>I24,"mejoro","empeoro") -> mejoro
... A344: 90503 | B344: Santos Mercado | C344: 39 | D344: 6 | E344: ='Datos procesados'!$C344+'Datos procesados'!$D344 -> 45 | F344: 44 | G344: 0 | H344: ='Datos procesados'!$F344+'Datos procesados'!$G344 -> 44 | I344: ='Datos procesados'!$C344/'Datos procesados'!$E344*100 -> 86.666667 | J344: ='Datos procesados'!$F344/'Datos procesados'!$H344*100 -> 100 | K344: =IF(J344>I344,"mejoro","empeoro") -> mejoro
A345: 10 | B345: Gran Chaco | C345: =SUM(C246:C248) -> 3937 | D345: =SUM(D246:D248) -> 280 | E345: =C345+D345 -> 4217 | F345: =SUM(F246:F248) -> 3074 | G345: =SUM(G246:G248) -> 73 | H345: =SUM(H246:H248) -> 3147 | I345: =C345/E345*100 -> 93.360209 | J345: =F345/H345*100 -> 97.68033 | K345: =IF(J345>I345,"mejoro","empeoro") -> mejoro

Sheet Indicador_MUN
A1: id | B1: Municipio | C1: Cobertura de partos atendidos por personal de salud calificado(%), 2012 | D1: Cobertura de partos atendidos por personal de salud calificado(%), 2024
A2: 10101 | B2: Sucre | C2: 94.656085 | D2: 97.518444
A3: 10102 | B3: Yotala | C3: 95.238095 | D3: 99.39759
A4: 10103 | B4: Poroma | C4: 60.899654 | D4: 85.865724
A5: 10201 | B5: Villa Azurduy | C5: 56.593407 | D5: 81.410256
A6: 10202 | B6: Tarvita | C6: 81.196581 | D6: 94.427245
A7: 10301 | B7: Zudañez | C7: 86.516854 | D7: 95.583596
A8: 10302 | B8: Presto | C8: 64.726027 | D8: 81.422925
A9: 10303 | B9: Villa Mojocoya | C9: 76.582278 | D9: 96.95122
A10: 10304 | B10: Icla | C10: 76.106195 | D10: 92.822967
A11: 10401 | B11: Padilla | C11: 95.780591 | D11: 98.360656
A12: 10402 | B12: Tomina | C12: 93.684211 | D12: 98.104265
A13: 10403 | B13: Sopachuy | C13: 79.577465 | D13: 93.377483
... A344: 90503 | B344: Santos Mercado | C344: 86.666667 | D344: 100

Sheet Absoluto_MUN
A1: id | B1: Municipio | C1: Número de partos no atentidos por personal de salud calificado, 2012 | D1: Número de partos no atentidos por personal de salud calificado, 2024
A2: 10101 | B2: Sucre | C2: 404 | D2: 148
A3: 10102 | B3: Yotala | C3: 10 | D3: 1
A4: 10103 | B4: Poroma | C4: 113 | D4: 40
A5: 10201 | B5: Villa Azurduy | C5: 79 | D5: 29
A6: 10202 | B6: Tarvita | C6: 44 | D6: 18
A7: 10301 | B7: Zudañez | C7: 36 | D7: 14
A8: 10302 | B8: Presto | C8: 103 | D8: 47
A9: 10303 | B9: Villa Mojocoya | C9: 37 | D9: 5
A10: 10304 | B10: Icla | C10: 27 | D10: 15
A11: 10401 | B11: Padilla | C11: 10 | D11: 3
A12: 10402 | B12: Tomina | C12: 12 | D12: 4
A13: 10403 | B13: Sopachuy | C13: 29 | D13: 10
... A344: 90503 | B344: Santos Mercado | C344: 6 | D344: 0

Sheet Indicador_DEP
A1: idep | B1: Departamento | C1: Cobertura de partos atendidos por personal de salud calificado(%), 2012 | D1: Cobertura de partos atendidos por personal de salud calificado(%), 2024
A2: 1 | B2: Chuquisaca | C2: 87.717422 | D2: 94.731174
A3: 2 | B3: La Paz | C3: 80.406246 | D3: 90.897826
A4: 3 | B4: Cochabamba | C4: 88.632475 | D4: 95.037333
A5: 4 | B5: Oruro | C5: 82.946519 | D5: 92.29595
A6: 5 | B6: Potosí | C6: 75.242642 | D6: 88.731432
A7: 6 | B7: Tarija | C7: 93.183536 | D7: 97.628156
A8: 7 | B8: Santa Cruz | C8: 94.14258 | D8: 98.045298
A9: 8 | B9: Beni | C9: 89.655172 | D9: 93.581477
A10: 9 | B10: Pando | C10: 88.755671 | D10: 95.553962
A11: 10 | B11: Gran Chaco | C11: 93.360209 | D11: 97.68033
A12: 11 | B12: Bolivia | C12: 87.14982 | D12: 94.254377

Sheet Absoluto_DEP
A1: idep | B1: Departamento | C1: Número de partos no atentidos por personal de salud calificado, 2012 | D1: Número de partos no atentidos por personal de salud calificado, 2024
A2: 1 | B2: Chuquisaca | C2: 1723 | D2: 636
A3: 2 | B3: La Paz | C3: 13225 | D3: 5289
A4: 3 | B4: Cochabamba | C4: 5315 | D4: 2087
A5: 4 | B5: Oruro | C5: 2197 | D5: 858
A6: 5 | B6: Potosí | C6: 4719 | D6: 1980
A7: 6 | B7: Tarija | C7: 992 | D7: 248
A8: 7 | B8: Santa Cruz | C8: 4505 | D8: 1254
A9: 8 | B9: Beni | C9: 1173 | D9: 657
A10: 9 | B10: Pando | C10: 347 | D10: 124
A11: 10 | B11: Gran Chaco | C11: 280 | D11: 73
A12: 11 | B12: Bolivia | C12: 34196 | D12: 13133

Sheet Umbral
A1: ODS | B1: Indicador | C1: Meta Alcanzada max | D1: Meta Alcanzada min | E1: Próximo a Alcanzarse max | F1: Próximo a Alcanzarse min | G1: Quedan Retos Importantes max | H1: Quedan Retos Importantes min | I1: Quedan Retos Grandes max | J1: Quedan Retos Grandes min | K1: Criterio Umbral Verde
A2: 3 | B2: Cobertura de partos atendidos por personal de salud calificado(%) | C2: 100 | D2: 90 | E2: 90 | F2: 80 | G2: 80 | H2: 70 | I2: 70 | J2: 0 | K2: SDG Index Global
