Workbook

Sheet datos_2016
A1: DEP | B1: COD_MUNI | C1: n_id_unicos | D1: n_id_zero_1_12 | E1: n_id_zero_6_12 | F1: n_id_zero_12 | G1: Porcentaje de medidores eléctricos residenciales con consumo cero 2016 | K1: Etiquetas de fila | L1: Suma de n_id_unicos | M1: Suma de n_id_zero_6_12 | N1: Porcentaje de medidores eléctricos residenciales con consumo cero 2016
A2: =VALUE(MID(B2,1,1)) -> 1 | B2: 10101 | C2: 67379 | D2: 8920 | E2: 2422 | F2: 560 | G2: =100*E2/C2 -> 3.5945918 | K2: 1 | L2: 111655 | M2: 6852 | N2: =100*M2/L2 -> 6.1367606
A3: =VALUE(MID(B3,1,1)) -> 1 | B3: 10102 | C3: 2450 | D3: 828 | E3: 281 | F3: 79 | G3: =100*E3/C3 -> 11.469388 | K3: 2 | L3: 770786 | M3: 67975 | N3: =100*M3/L3 -> 8.8189199
A4: =VALUE(MID(B4,1,1)) -> 1 | B4: 10103 | C4: 930 | D4: 662 | E4: 139 | F4: 11 | G4: =100*E4/C4 -> 14.946237 | K4: 3 | L4: 496463 | M4: 29528 | N4: =100*M4/L4 -> 5.9476738
A5: =VALUE(MID(B5,1,1)) -> 1 | B5: 10201 | C5: 752 | D5: 332 | E5: 81 | F5: 1 | G5: =100*E5/C5 -> 10.771277 | K5: 4 | L5: 134420 | M5: 9955 | N5: =100*M5/L5 -> 7.405892
A6: =VALUE(MID(B6,1,1)) -> 1 | B6: 10202 | C6: 1610 | D6: 817 | E6: 198 | F6: 22 | G6: =100*E6/C6 -> 12.298137 | K6: 5 | L6: 149452 | M6: 14789 | N6: =100*M6/L6 -> 9.8954848
A7: =VALUE(MID(B7,1,1)) -> 1 | B7: 10301 | C7: 1089 | D7: 458 | E7: 149 | F7: 35 | G7: =100*E7/C7 -> 13.682277 | K7: 6 | L7: 116430 | M7: 5886 | N7: =100*M7/L7 -> 5.0553981
A8: =VALUE(MID(B8,1,1)) -> 1 | B8: 10302 | C8: 1059 | D8: 416 | E8: 86 | F8: 16 | G8: =100*E8/C8 -> 8.1208687 | K8: 7 | L8: 555861 | M8: 22903 | N8: =100*M8/L8 -> 4.1202747
A9: =VALUE(MID(B9,1,1)) -> 1 | B9: 10303 | C9: 1280 | D9: 538 | E9: 121 | F9: 14 | G9: =100*E9/C9 -> 9.453125 | K9: 8 | L9: 111161 | M9: 921 | N9: =100*M9/L9 -> 0.82852799
A10: =VALUE(MID(B10,1,1)) -> 1 | B10: 10304 | C10: 1292 | D10: 566 | E10: 137 | F10: 28 | G10: =100*E10/C10 -> 10.603715 | K10: 9 | L10: 15192 | M10: 325 | N10: =100*M10/L10 -> 2.1392838
A11: =VALUE(MID(B11,1,1)) -> 1 | B11: 10401 | C11: 1775 | D11: 628 | E11: 158 | F11: 36 | G11: =100*E11/C11 -> 8.9014085 | K11: Total general | L11: 2461420 | M11: 159134 | N11: =100*M11/L11 -> 6.4651299
A12: =VALUE(MID(B12,1,1)) -> 1 | B12: 10402 | C12: 1455 | D12: 516 | E12: 125 | F12: 21 | G12: =100*E12/C12 -> 8.5910653
A13: =VALUE(MID(B13,1,1)) -> 1 | B13: 10403 | C13: 798 | D13: 209 | E13: 40 | F13: 5 | G13: =100*E13/C13 -> 5.0125313
A14: =VALUE(MID(B14,1,1)) -> 1 | B14: 10404 | C14: 850 | D14: 307 | E14: 85 | F14: 13 | G14: =100*E14/C14 -> 10 | K14: Etiquetas de fila | L14: Suma de n_id_unicos | M14: Suma de n_id_zero_6_12
A15: =VALUE(MID(B15,1,1)) -> 1 | B15: 10405 | C15: 865 | D15: 533 | E15: 176 | F15: 22 | G15: =100*E15/C15 -> 20.346821 | K15: 60301 | L15: 19947 | M15: 582 | N15: =100*M15/L15 -> 2.917732
A16: =VALUE(MID(B16,1,1)) -> 1 | B16: 10501 | C16: 4277 | D16: 823 | E16: 183 | F16: 37 | G16: =100*E16/C16 -> 4.2787 | K16: 60302 | L16: 3549 | M16: 216 | N16: =100*M16/L16 -> 6.0862215
A17: =VALUE(MID(B17,1,1)) -> 1 | B17: 10502 | C17: 1001 | D17: 230 | E17: 32 | F17: 3 | G17: =100*E17/C17 -> 3.1968032 | K17: 60303 | L17: 11124 | M17: 419 | N17: =100*M17/L17 -> 3.7666307
A18: =VALUE(MID(B18,1,1)) -> 1 | B18: 10601 | C18: 2434 | D18: 974 | E18: 212 | F18: 26 | G18: =100*E18/C18 -> 8.7099425 | K18: Total general | L18: 34620 | M18: 1217 | N18: =100*M18/L18 -> 3.5153091
A19: =VALUE(MID(B19,1,1)) -> 1 | B19: 10602 | C19: 1742 | D19: 941 | E19: 198 | F19: 18 | G19: =100*E19/C19 -> 11.366246
A20: =VALUE(MID(B20,1,1)) -> 1 | B20: 10701 | C20: 3571 | D20: 1288 | E20: 385 | F20: 48 | G20: =100*E20/C20 -> 10.781294
A21: =VALUE(MID(B21,1,1)) -> 1 | B21: 10702 | C21: 3813 | D21: 1809 | E21: 670 | F21: 185 | G21: =100*E21/C21 -> 17.571466
A22: =VALUE(MID(B22,1,1)) -> 1 | B22: 10703 | C22: 951 | D22: 290 | E22: 73 | F22: 9 | G22: =100*E22/C22 -> 7.6761304
A23: =VALUE(MID(B23,1,1)) -> 1 | B23: 10704 | C23: 1836 | D23: 555 | E23: 173 | F23: 27 | G23: =100*E23/C23 -> 9.422658
A24: =VALUE(MID(B24,1,1)) -> 1 | B24: 10801 | C24: 2232 | D24: 842 | E24: 244 | F24: 48 | G24: =100*E24/C24 -> 10.9319
A25: =VALUE(MID(B25,1,1)) -> 1 | B25: 10901 | C25: 825 | D25: 350 | E25: 98 | F25: 9 | G25: =100*E25/C25 -> 11.878788
A26: =VALUE(MID(B26,1,1)) -> 1 | B26: 10902 | C26: 2341 | D26: 670 | E26: 203 | F26: 36 | G26: =100*E26/C26 -> 8.6715079
A27: =VALUE(MID(B27,1,1)) -> 1 | B27: 10903 | C27: 796 | D27: 329 | E27: 89 | F27: 14 | G27: =100*E27/C27 -> 11.180905
A28: =VALUE(MID(B28,1,1)) -> 1 | B28: 11001 | C28: 1150 | D28: 165 | E28: 19 | F28: 1 | G28: =100*E28/C28 -> 1.6521739
A29: =VALUE(MID(B29,1,1)) -> 1 | B29: 11002 | C29: 263 | D29: 53 | E29: 20 | F29: 4 | G29: =100*E29/C29 -> 7.6045627
A30: =VALUE(MID(B30,1,1)) -> 1 | B30: 11003 | C30: 839 | D30: 258 | E30: 55 | F30: 4 | G30: =100*E30/C30 -> 6.5554231
... A330: =VALUE(MID(B330,1,1)) -> 9 | B330: 90502 | C330: 113 | D330: 0 | E330: 0 | F330: 0 | G330: =100*E330/C330 -> 0

Sheet datos_2024
A1: DEP | B1: COD_MUNI | C1: n_id_unicos | D1: n_id_zero_1_12 | E1: n_id_zero_6_12 | F1: n_id_zero_12 | G1: Porcentaje de medidores eléctricos residenciales con consumo cero 2016 | K1: Etiquetas de fila | L1: Suma de n_id_unicos | M1: Suma de n_id_zero_6_12 | N1: Porcentaje de medidores eléctricos residenciales con consumo cero 2016
A2: =VALUE(MID(B2,1,1)) -> 1 | B2: 10101 | C2: 94916 | D2: 14317 | E2: 5007 | F2: 1073 | G2: =100*E2/C2 -> 5.2751907 | K2: 1 | L2: 161477 | M2: 14070 | N2: =100*M2/L2 -> 8.7133152
A3: =VALUE(MID(B3,1,1)) -> 1 | B3: 10102 | C3: 3342 | D3: 1247 | E3: 492 | F3: 93 | G3: =100*E3/C3 -> 14.721724 | K3: 2 | L3: 939628 | M3: 85646 | N3: =100*M3/L3 -> 9.1148838
A4: =VALUE(MID(B4,1,1)) -> 1 | B4: 10103 | C4: 2176 | D4: 1035 | E4: 300 | F4: 47 | G4: =100*E4/C4 -> 13.786765 | K4: 3 | L4: 644512 | M4: 43576 | N4: =100*M4/L4 -> 6.7610844
A5: =VALUE(MID(B5,1,1)) -> 1 | B5: 10201 | C5: 1449 | D5: 615 | E5: 239 | F5: 60 | G5: =100*E5/C5 -> 16.494134 | K5: 4 | L5: 157865 | M5: 15874 | N5: =100*M5/L5 -> 10.055427
A6: =VALUE(MID(B6,1,1)) -> 1 | B6: 10202 | C6: 2476 | D6: 1087 | E6: 358 | F6: 63 | G6: =100*E6/C6 -> 14.458805 | K6: 5 | L6: 191598 | M6: 22042 | N6: =100*M6/L6 -> 11.504295
A7: =VALUE(MID(B7,1,1)) -> 1 | B7: 10301 | C7: 1931 | D7: 672 | E7: 265 | F7: 60 | G7: =100*E7/C7 -> 13.723459 | K7: 6 | L7: 147330 | M7: 10572 | N7: =100*M7/L7 -> 7.175728
A8: =VALUE(MID(B8,1,1)) -> 1 | B8: 10302 | C8: 1472 | D8: 442 | E8: 116 | F8: 14 | G8: =100*E8/C8 -> 7.8804348 | K8: 7 | L8: 663439 | M8: 45446 | N8: =100*M8/L8 -> 6.8500646
A9: =VALUE(MID(B9,1,1)) -> 1 | B9: 10303 | C9: 1832 | D9: 496 | E9: 211 | F9: 28 | G9: =100*E9/C9 -> 11.517467 | K9: 8 | L9: 99658 | M9: 1957 | N9: =100*M9/L9 -> 1.9637159
A10: =VALUE(MID(B10,1,1)) -> 1 | B10: 10304 | C10: 1496 | D10: 504 | E10: 156 | F10: 16 | G10: =100*E10/C10 -> 10.427807 | K10: 9 | L10: 21843 | M10: 471 | N10: =100*M10/L10 -> 2.1562972
A11: =VALUE(MID(B11,1,1)) -> 1 | B11: 10401 | C11: 2762 | D11: 773 | E11: 300 | F11: 82 | G11: =100*E11/C11 -> 10.861694 | K11: Total general | L11: 3027350 | M11: 239654 | N11: =100*M11/L11 -> 7.9162964
A12: =VALUE(MID(B12,1,1)) -> 1 | B12: 10402 | C12: 2052 | D12: 626 | E12: 256 | F12: 61 | G12: =100*E12/C12 -> 12.475634
A13: =VALUE(MID(B13,1,1)) -> 1 | B13: 10403 | C13: 1572 | D13: 590 | E13: 216 | F13: 27 | G13: =100*E13/C13 -> 13.740458
A14: =VALUE(MID(B14,1,1)) -> 1 | B14: 10404 | C14: 1105 | D14: 395 | E14: 167 | F14: 57 | G14: =100*E14/C14 -> 15.113122 | K14: Etiquetas de fila | L14: Suma de n_id_unicos | M14: Suma de n_id_zero_6_12
A15: =VALUE(MID(B15,1,1)) -> 1 | B15: 10405 | C15: 1059 | D15: 352 | E15: 143 | F15: 24 | G15: =100*E15/C15 -> 13.503305 | K15: 60301 | L15: 25327 | M15: 1144 | N15: =100*M15/L15 -> 4.5169187
A16: =VALUE(MID(B16,1,1)) -> 1 | B16: 10501 | C16: 6554 | D16: 1305 | E16: 412 | F16: 114 | G16: =100*E16/C16 -> 6.2862374 | K16: 60302 | L16: 4392 | M16: 418 | N16: =100*M16/L16 -> 9.5173042
A17: =VALUE(MID(B17,1,1)) -> 1 | B17: 10502 | C17: 2047 | D17: 635 | E17: 150 | F17: 10 | G17: =100*E17/C17 -> 7.3277968 | K17: 60303 | L17: 13201 | M17: 718 | N17: =100*M17/L17 -> 5.4389819
A18: =VALUE(MID(B18,1,1)) -> 1 | B18: 10601 | C18: 3684 | D18: 1640 | E18: 580 | F18: 93 | G18: =100*E18/C18 -> 15.743757 | K18: Total general | L18: 42920 | M18: 2280 | N18: =100*M18/L18 -> 5.3122088
A19: =VALUE(MID(B19,1,1)) -> 1 | B19: 10602 | C19: 2243 | D19: 981 | E19: 402 | F19: 81 | G19: =100*E19/C19 -> 17.922425
A20: =VALUE(MID(B20,1,1)) -> 1 | B20: 10701 | C20: 4518 | D20: 1791 | E20: 719 | F20: 1 | G20: =100*E20/C20 -> 15.914121
A21: =VALUE(MID(B21,1,1)) -> 1 | B21: 10702 | C21: 7228 | D21: 3746 | E21: 1677 | F21: 0 | G21: =100*E21/C21 -> 23.201439
A22: =VALUE(MID(B22,1,1)) -> 1 | B22: 10703 | C22: 1425 | D22: 460 | E22: 153 | F22: 0 | G22: =100*E22/C22 -> 10.736842
A23: =VALUE(MID(B23,1,1)) -> 1 | B23: 10704 | C23: 2650 | D23: 1154 | E23: 357 | F23: 0 | G23: =100*E23/C23 -> 13.471698
A24: =VALUE(MID(B24,1,1)) -> 1 | B24: 10801 | C24: 3340 | D24: 1195 | E24: 524 | F24: 119 | G24: =100*E24/C24 -> 15.688623
A25: =VALUE(MID(B25,1,1)) -> 1 | B25: 10901 | C25: 1080 | D25: 500 | E25: 191 | F25: 0 | G25: =100*E25/C25 -> 17.685185
A26: =VALUE(MID(B26,1,1)) -> 1 | B26: 10902 | C26: 2888 | D26: 833 | E26: 295 | F26: 0 | G26: =100*E26/C26 -> 10.214681
A27: =VALUE(MID(B27,1,1)) -> 1 | B27: 10903 | C27: 997 | D27: 450 | E27: 190 | F27: 0 | G27: =100*E27/C27 -> 19.057172
A28: =VALUE(MID(B28,1,1)) -> 1 | B28: 11001 | C28: 2147 | D28: 503 | E28: 115 | F28: 10 | G28: =100*E28/C28 -> 5.3563111
A29: =VALUE(MID(B29,1,1)) -> 1 | B29: 11002 | C29: 70 | D29: 19 | E29: 8 | F29: 5 | G29: =100*E29/C29 -> 11.428571
A30: =VALUE(MID(B30,1,1)) -> 1 | B30: 11003 | C30: 966 | D30: 263 | E30: 71 | F30: 15 | G30: =100*E30/C30 -> 7.3498965
... A326: =VALUE(MID(B326,1,1)) -> 9 | B326: 90401 | C326: 476 | D326: 100 | E326: 34 | F326: 11 | G326: =100*E326/C326 -> 7.1428571

Sheet Indicador_MUN
A1: COD | B1: Name | C1: Porcentaje de medidores eléctricos residenciales con consumo cero 2016 (%) | D1: Porcentaje de medidores eléctricos residenciales con consumo cero 2023 (%)
A2: 10101 | B2: Sucre | C2: =IFERROR(VLOOKUP(A2,datos_2016!$B$1:$G$330,6,FALSE),"") -> 3.5945918 | D2: =IFERROR(VLOOKUP(A2,datos_2024!$B$1:$G$322,6,FALSE),"") -> 5.2751907
A3: 10102 | B3: Yotala | C3: =IFERROR(VLOOKUP(A3,datos_2016!$B$1:$G$330,6,FALSE),"") -> 11.469388 | D3: =IFERROR(VLOOKUP(A3,datos_2024!$B$1:$G$322,6,FALSE),"") -> 14.721724
A4: 10103 | B4: Poroma | C4: =IFERROR(VLOOKUP(A4,datos_2016!$B$1:$G$330,6,FALSE),"") -> 14.946237 | D4: =IFERROR(VLOOKUP(A4,datos_2024!$B$1:$G$322,6,FALSE),"") -> 13.786765
A5: 10201 | B5: Villa Azurduy | C5: =IFERROR(VLOOKUP(A5,datos_2016!$B$1:$G$330,6,FALSE),"") -> 10.771277 | D5: =IFERROR(VLOOKUP(A5,datos_2024!$B$1:$G$322,6,FALSE),"") -> 16.494134
A6: 10202 | B6: Tarvita | C6: =IFERROR(VLOOKUP(A6,datos_2016!$B$1:$G$330,6,FALSE),"") -> 12.298137 | D6: =IFERROR(VLOOKUP(A6,datos_2024!$B$1:$G$322,6,FALSE),"") -> 14.458805
A7: 10301 | B7: Zudañez | C7: =IFERROR(VLOOKUP(A7,datos_2016!$B$1:$G$330,6,FALSE),"") -> 13.682277 | D7: =IFERROR(VLOOKUP(A7,datos_2024!$B$1:$G$322,6,FALSE),"") -> 13.723459
A8: 10302 | B8: Presto | C8: =IFERROR(VLOOKUP(A8,datos_2016!$B$1:$G$330,6,FALSE),"") -> 8.1208687 | D8: =IFERROR(VLOOKUP(A8,datos_2024!$B$1:$G$322,6,FALSE),"") -> 7.8804348
A9: 10303 | B9: Villa Mojocoya | C9: =IFERROR(VLOOKUP(A9,datos_2016!$B$1:$G$330,6,FALSE),"") -> 9.453125 | D9: =IFERROR(VLOOKUP(A9,datos_2024!$B$1:$G$322,6,FALSE),"") -> 11.517467
A10: 10304 | B10: Icla | C10: =IFERROR(VLOOKUP(A10,datos_2016!$B$1:$G$330,6,FALSE),"") -> 10.603715 | D10: =IFERROR(VLOOKUP(A10,datos_2024!$B$1:$G$322,6,FALSE),"") -> 10.427807
A11: 10401 | B11: Padilla | C11: =IFERROR(VLOOKUP(A11,datos_2016!$B$1:$G$330,6,FALSE),"") -> 8.9014085 | D11: =IFERROR(VLOOKUP(A11,datos_2024!$B$1:$G$322,6,FALSE),"") -> 10.861694
A12: 10402 | B12: Tomina | C12: =IFERROR(VLOOKUP(A12,datos_2016!$B$1:$G$330,6,FALSE),"") -> 8.5910653 | D12: =IFERROR(VLOOKUP(A12,datos_2024!$B$1:$G$322,6,FALSE),"") -> 12.475634
A13: 10403 | B13: Sopachuy | C13: =IFERROR(VLOOKUP(A13,datos_2016!$B$1:$G$330,6,FALSE),"") -> 5.0125313 | D13: =IFERROR(VLOOKUP(A13,datos_2024!$B$1:$G$322,6,FALSE),"") -> 13.740458
... A344: 90503 | B344: Santos Mercado | C344: =IFERROR(VLOOKUP(A344,datos_2016!$B$1:$G$330,6,FALSE),"") | D344: =IFERROR(VLOOKUP(A344,datos_2024!$B$1:$G$322,6,FALSE),"")

Sheet Absoluto_MUN
A1: COD | B1: Name | C1: Número de medidores con 6 o más meses con consumo cero 2016 | D1: Número de medidores con 6 o más meses con consumo cero 2023
A2: 10101 | B2: Sucre | C2: =IFERROR(VLOOKUP(A2,datos_2016!$B$1:$G$330,4,FALSE),"") -> 2422 | D2: =IFERROR(VLOOKUP(A2,datos_2024!$B$1:$G$322,4,FALSE),"") -> 5007
A3: 10102 | B3: Yotala | C3: =IFERROR(VLOOKUP(A3,datos_2016!$B$1:$G$330,4,FALSE),"") -> 281 | D3: =IFERROR(VLOOKUP(A3,datos_2024!$B$1:$G$322,4,FALSE),"") -> 492
A4: 10103 | B4: Poroma | C4: =IFERROR(VLOOKUP(A4,datos_2016!$B$1:$G$330,4,FALSE),"") -> 139 | D4: =IFERROR(VLOOKUP(A4,datos_2024!$B$1:$G$322,4,FALSE),"") -> 300
A5: 10201 | B5: Villa Azurduy | C5: =IFERROR(VLOOKUP(A5,datos_2016!$B$1:$G$330,4,FALSE),"") -> 81 | D5: =IFERROR(VLOOKUP(A5,datos_2024!$B$1:$G$322,4,FALSE),"") -> 239
A6: 10202 | B6: Tarvita | C6: =IFERROR(VLOOKUP(A6,datos_2016!$B$1:$G$330,4,FALSE),"") -> 198 | D6: =IFERROR(VLOOKUP(A6,datos_2024!$B$1:$G$322,4,FALSE),"") -> 358
A7: 10301 | B7: Zudañez | C7: =IFERROR(VLOOKUP(A7,datos_2016!$B$1:$G$330,4,FALSE),"") -> 149 | D7: =IFERROR(VLOOKUP(A7,datos_2024!$B$1:$G$322,4,FALSE),"") -> 265
A8: 10302 | B8: Presto | C8: =IFERROR(VLOOKUP(A8,datos_2016!$B$1:$G$330,4,FALSE),"") -> 86 | D8: =IFERROR(VLOOKUP(A8,datos_2024!$B$1:$G$322,4,FALSE),"") -> 116
A9: 10303 | B9: Villa Mojocoya | C9: =IFERROR(VLOOKUP(A9,datos_2016!$B$1:$G$330,4,FALSE),"") -> 121 | D9: =IFERROR(VLOOKUP(A9,datos_2024!$B$1:$G$322,4,FALSE),"") -> 211
A10: 10304 | B10: Icla | C10: =IFERROR(VLOOKUP(A10,datos_2016!$B$1:$G$330,4,FALSE),"") -> 137 | D10: =IFERROR(VLOOKUP(A10,datos_2024!$B$1:$G$322,4,FALSE),"") -> 156
A11: 10401 | B11: Padilla | C11: =IFERROR(VLOOKUP(A11,datos_2016!$B$1:$G$330,4,FALSE),"") -> 158 | D11: =IFERROR(VLOOKUP(A11,datos_2024!$B$1:$G$322,4,FALSE),"") -> 300
A12: 10402 | B12: Tomina | C12: =IFERROR(VLOOKUP(A12,datos_2016!$B$1:$G$330,4,FALSE),"") -> 125 | D12: =IFERROR(VLOOKUP(A12,datos_2024!$B$1:$G$322,4,FALSE),"") -> 256
A13: 10403 | B13: Sopachuy | C13: =IFERROR(VLOOKUP(A13,datos_2016!$B$1:$G$330,4,FALSE),"") -> 40 | D13: =IFERROR(VLOOKUP(A13,datos_2024!$B$1:$G$322,4,FALSE),"") -> 216
... A344: 90503 | B344: Santos Mercado | C344: =IFERROR(VLOOKUP(A344,datos_2016!$B$1:$G$330,4,FALSE),"") | D344: =IFERROR(VLOOKUP(A344,datos_2024!$B$1:$G$322,4,FALSE),"")

Sheet Indicador_DEP
A1: id_departamento | B1: Departamento | C1: Porcentaje de medidores eléctricos residenciales con consumo cero 2016 | D1: Porcentaje de medidores eléctricos residenciales con consumo cero 2023
A2: 1 | B2: Chuquisaca | C2: 6.1367606 | D2: 8.7133152
A3: 2 | B3: La Paz | C3: 8.8189199 | D3: 9.1148838
A4: 3 | B4: Cochabamba | C4: 5.9476738 | D4: 6.7610844
A5: 4 | B5: Oruro | C5: 7.405892 | D5: 10.055427
A6: 5 | B6: Potosí | C6: 9.8954848 | D6: 11.504295
A7: 6 | B7: Tarija | C7: 5.0553981 | D7: 7.175728
A8: 7 | B8: Santa Cruz | C8: 4.1202747 | D8: 6.8500646
A9: 8 | B9: Beni | C9: 0.82852799 | D9: 1.9637159
A10: 9 | B10: Pando | C10: 2.1392838 | D10: 2.1562972
A11: 10 | B11: Gran Chaco | C11: 3.5153091 | D11: 5.3122088
A12: 11 | B12: Bolivia | C12: 6.4651299 | D12: 7.9162964

Sheet Absoluto_DEP
A1: id_departamento | B1: Departamento | C1: Número de medidores con 6 o más meses con consumo cero 2016 | D1: Número de medidores con 6 o más meses con consumo cero 2023
A2: 1 | B2: Chuquisaca | C2: 6852 | D2: 14070
A3: 2 | B3: La Paz | C3: 67975 | D3: 85646
A4: 3 | B4: Cochabamba | C4: 29528 | D4: 43576
A5: 4 | B5: Oruro | C5: 9955 | D5: 15874
A6: 5 | B6: Potosí | C6: 14789 | D6: 22042
A7: 6 | B7: Tarija | C7: 5886 | D7: 10572
A8: 7 | B8: Santa Cruz | C8: 22903 | D8: 45446
A9: 8 | B9: Beni | C9: 921 | D9: 1957
A10: 9 | B10: Pando | C10: 325 | D10: 471
A11: 10 | B11: Gran Chaco | C11: 1217 | D11: 2280
A12: 11 | B12: Bolivia | C12: 159134 | D12: 239654

Sheet Umbral
A1: ODS | B1: Indicador | C1: Meta Alcanzada max | D1: Meta Alcanzada min | E1: Próximo a Alcanzarse max | F1: Próximo a Alcanzarse min | G1: Quedan Retos Importantes max | H1: Quedan Retos Importantes min | I1: Quedan Retos Grandes max | J1: Quedan Retos Grandes min
A2: 8 | B2: Porcentaje de medidores eléctricos residenciales con consumo cero | C2: 0 | D2: 4.6 | E2: 4.6 | F2: 13.6 | G2: 13.6 | H2: 22.6 | I2: 22.6 | J2: 100

Sheet Map
