Workbook

Sheet datos_2016
A1: DEP | B1: COD_MUNI | C1: n_id_unicos | D1: n_id_zero_1_12 | E1: n_id_zero_6_12 | F1: n_id_zero_12 | G1: Porcentaje de medidores eléctricos residenciales con consumo cero 2016 | K1: Etiquetas de fila | L1: Suma de n_id_unicos | M1: Suma de n_id_zero_6_12 | N1: Porcentaje de medidores eléctricos residenciales con consumo cero 2016
A2: =VALUE(MID(B2,1,1)) -> 1 | B2: 10101 | C2: 67379 | D2: 8920 | E2: 2422 | F2: 560 | G2: =100*E2/C2 -> 3.5945918 | K2: 1 | L2: 111655 | M2: 6852 | N2: =100*M2/L2 -> 6.1367606
A3: =VALUE(MID(B3,1,1)) -> 1 | B3: 10102 | C3: 2450 | D3: 828 | E3: 281 | F3: 79 | G3: =100*E3/C3 -> 11.469388 | K3: 2 | L3: 770786 | M3: 67975 | N3: =100*M3/L3 -> 8.8189199
A4: =VALUE(MID(B4,1,1)) -> 1 | B4: 10103 | C4: 930 | D4: 662 | E4: 139 | F4: 11 | G4: =100*E4/C4 -> 14.946237 | K4: 3 | L4: 496463 | M4: 29528 | N4: =100*M4/L4 -> 5.9476738
A5: =VALUE(MID(B5,1,1)) -> 1 | B5: 10201 | C5: 752 | D5: 332 | E5: 81 | F5: 1 | G5: =100*E5/C5 -> 10.771277 | K5: 4 | L5: 134420 | M5: 9955 | N5: =100*M5/L5 -> 7.405892
A6: =VALUE(MID(B6,1,1)) -> 1 | B6: 10202 | C6: 1610 | D6: 817 | E6: 198 | F6: 22 | G6: =100*E6/C6 -> 12.298137 | K6: 5 | L6: 149452 | M6: 14789 | N6: =100*M6/L6 -> 9.8954848
A7: =VALUE(MID(B7,1,1)) -> 1 | B7: 10301 | C7: 1089 | D7: 458 | E7: 149 | F7: 35 | G7: =100*E7/C7 -> 13.682277 | K7: 6 | L7: 116430 | M7: 5886 | N7: =100*M7/L7 -> 5.0553981
A8: =VALUE(MID(B8,1,1)) -> 1 | B8: 10302 | C8: 1059 | D8: 416 | E8: 86 | F8: 16 | G8: =100*E8/C8 -> 8.1208687 | K8: 7 | L8: 555861 | M8: 22903 | N8: =100*M8/L8 -> 4.1202747
A9: =VALUE(MID(B9,1,1)) -> 1 | B9: 10303 | C9: 1280 | D9: 538 | E9: 121 | F9: 14 | G9: =100*E9/C9 -> 9.453125 | K9: 8 | L9: 111161 | M9: 921 | N9: =100*M9/L9 -> 0.82852799
A10: =VALUE(MID(B10,1,1)) -> 1 | B10: 10304 | C10: 1292 | D10: 566 | E10: 137 | F10: 28 | G10: =100*E10/C10 -> 10.603715 | K10: 9 | L10: 15192 | M10: 325 | N10: =100*M10/L10 -> 2.1392838
A11: =VALUE(MID(B11,1,1)) -> 1 | B11: 10401 | C11: 1775 | D11: 628 | E11: 158 | F11: 36 | G11: =100*E11/C11 -> 8.9014085 | K11: Total general | L11: 2461420 | M11: 159134 | N11: =100*M11/L11 -> 6.4651299
A12: =VALUE(MID(B12,1,1)) -> 1 | B12: 10402 | C12: 1455 | D12: 516 | E12: 125 | F12: 21 | G12: =100*E12/C12 -> 8.5910653
A13: =VALUE(MID(B13,1,1)) -> 1 | B13: 10403 | C13: 798 | D13: 209 | E13: 40 | F13: 5 | G13: =100*E13/C13 -> 5.0125313
A14: =VALUE(MID(B14,1,1)) -> 1 | B14: 10404 | C14: 850 | D14: 307 | E14: 85 | F14: 13 | G14: =100*E14/C14 -> 10 | K14: Etiquetas de fila | L14: Suma de n_id_unicos | M14: Suma de n_id_zero_6_12
A15: =VALUE(MID(B15,1,1)) -> 1 | B15: 10405 | C15: 865 | D15: 533 | E15: 176 | F15: 22 | G15: =100*E15/C15 -> 20.346821 | K15: 60301 | L15: 19947 | M15: 582 | N15: =100*M15/L15 -> 2.917732
A16: =VALUE(MID(B16,1,1)) -> 1 | B16: 10501 | C16: 4277 | D16: 823 | E16: 183 | F16: 37 | G16: =100*E16/C16 -> 4.2787 | K16: 60302 | L16: 3549 | M16: 216 | N16: =100*M16/L16 -> 6.0862215
A17: =VALUE(MID(B17,1,1)) -> 1 | B17: 10502 | C17: 1001 | D17: 230 | E17: 32 | F17: 3 | G17: =100*E17/C17 -> 3.1968032 | K17: 60303 | L17: 11124 | M17: 419 | N17: =100*M17/L17 -> 3.7666307
A18: =VALUE(MID(B18,1,1)) -> 1 | B18: 10601 | C18: 2434 | D18: 974 | E18: 212 | F18: 26 | G18: =100*E18/C18 -> 8.7099425 | K18: Total general | L18: 34620 | M18: 1217 | N18: =100*M18/L18 -> 3.5153091
A19: =VALUE(MID(B19,1,1)) -> 1 | B19: 10602 | C19: 1742 | D19: 941 | E19: 198 | F19: 18 | G19: =100*E19/C19 -> 11.366246
A20: =VALUE(MID(B20,1,1)) -> 1 | B20: 10701 | C20: 3571 | D20: 1288 | E20: 385 | F20: 48 | G20: =100*E20/C20 -> 10.781294
A21: =VALUE(MID(B21,1,1)) -> 1 | B21: 10702 | C21: 3813 | D21: 1809 | E21: 670 | F21: 185 | G21: =100*E21/C21 -> 17.571466
A22: =VALUE(MID(B22,1,1)) -> 1 | B22: 10703 | C22: 951 | D22: 290 | E22: 73 | F22: 9 | G22: =100*E22/C22 -> 7.6761304
A23: =VALUE(MID(B23,1,1)) -> 1 | B23: 10704 | C23: 1836 | D23: 555 | E23: 173 | F23: 27 | G23: =100*E23/C23 -> 9.422658
A24: =VALUE(MID(B24,1,1)) -> 1 | B24: 10801 | C24: 2232 | D24: 842 | E24: 244 | F24: 48 | G24: =100*E24/C24 -> 10.9319
A25: =VALUE(MID(B25,1,1)) -> 1 | B25: 10901 | C25: 825 | D25: 350 | E25: 98 | F25: 9 | G25: =100*E25/C25 -> 11.878788
A26: =VALUE(MID(B26,1,1)) -> 1 | B26: 10902 | C26: 2341 | D26: 670 | E26: 203 | F26: 36 | G26: =100*E26/C26 -> 8.6715079
A27: =VALUE(MID(B27,1,1)) -> 1 | B27: 10903 | C27: 796 | D27: 329 | E27: 89 | F27: 14 | G27: =100*E27/C27 -> 11.180905
A28: =VALUE(MID(B28,1,1)) -> 1 | B28: 11001 | C28: 1150 | D28: 165 | E28: 19 | F28: 1 | G28: =100*E28/C28 -> 1.6521739
A29: =VALUE(MID(B29,1,1)) -> 1 | B29: 11002 | C29: 263 | D29: 53 | E29: 20 | F29: 4 | G29: =100*E29/C29 -> 7.6045627
A30: =VALUE(MID(B30,1,1)) -> 1 | B30: 11003 | C30: 839 | D30: 258 | E30: 55 | F30: 4 | G30: =100*E30/C30 -> 6.5554231
... A330: =VALUE(MID(B330,1,1)) -> 9 | B330: 90502 | C330: 113 | D330: 0 | E330: 0 | F330: 0 | G330: =100*E330/C330 -> 0

Sheet datos_2023
A1: DEP | B1: COD_MUNI | C1: n_id_unicos | D1: n_id_zero_1_12 | E1: n_id_zero_6_12 | F1: n_id_zero_12 | G1: Porcentaje de medidores eléctricos residenciales con consumo cero 2016 | K1: Etiquetas de fila | L1: Suma de n_id_unicos | M1: Suma de n_id_zero_6_12 | N1: Porcentaje de medidores eléctricos residenciales con consumo cero 2016
A2: =VALUE(MID(B2,1,1)) -> 1 | B2: 10101 | C2: 94034 | D2: 14999 | E2: 5059 | F2: 942 | G2: =100*E2/C2 -> 5.3799689 | K2: 1 | L2: 156492 | M2: 13757 | N2: =100*M2/L2 -> 8.7908647
A3: =VALUE(MID(B3,1,1)) -> 1 | B3: 10102 | C3: 3211 | D3: 1356 | E3: 529 | F3: 117 | G3: =100*E3/C3 -> 16.474618 | K3: 2 | L3: 921943 | M3: 86359 | N3: =100*M3/L3 -> 9.367065
A4: =VALUE(MID(B4,1,1)) -> 1 | B4: 10103 | C4: 2038 | D4: 1030 | E4: 315 | F4: 35 | G4: =100*E4/C4 -> 15.45633 | K4: 3 | L4: 632464 | M4: 40753 | N4: =100*M4/L4 -> 6.4435288
A5: =VALUE(MID(B5,1,1)) -> 1 | B5: 10201 | C5: 1403 | D5: 646 | E5: 249 | F5: 62 | G5: =100*E5/C5 -> 17.747684 | K5: 4 | L5: 155080 | M5: 15942 | N5: =100*M5/L5 -> 10.279856
A6: =VALUE(MID(B6,1,1)) -> 1 | B6: 10202 | C6: 2422 | D6: 1114 | E6: 403 | F6: 66 | G6: =100*E6/C6 -> 16.639141 | K6: 5 | L6: 188662 | M6: 24448 | N6: =100*M6/L6 -> 12.958624
A7: =VALUE(MID(B7,1,1)) -> 1 | B7: 10302 | C7: 1447 | D7: 447 | E7: 124 | F7: 17 | G7: =100*E7/C7 -> 8.569454 | K7: 6 | L7: 144095 | M7: 10555 | N7: =100*M7/L7 -> 7.3250286
A8: =VALUE(MID(B8,1,1)) -> 1 | B8: 10303 | C8: 1812 | D8: 491 | E8: 200 | F8: 18 | G8: =100*E8/C8 -> 11.037528 | K8: 7 | L8: 640689 | M8: 42315 | N8: =100*M8/L8 -> 6.6046085
A9: =VALUE(MID(B9,1,1)) -> 1 | B9: 10304 | C9: 1447 | D9: 518 | E9: 148 | F9: 19 | G9: =100*E9/C9 -> 10.228058 | K9: 8 | L9: 97156 | M9: 2042 | N9: =100*M9/L9 -> 2.1017745
A10: =VALUE(MID(B10,1,1)) -> 1 | B10: 10401 | C10: 2638 | D10: 703 | E10: 286 | F10: 89 | G10: =100*E10/C10 -> 10.841547 | K10: 9 | L10: 21187 | M10: 403 | N10: =100*M10/L10 -> 1.9021098
A11: =VALUE(MID(B11,1,1)) -> 1 | B11: 10402 | C11: 2034 | D11: 739 | E11: 281 | F11: 50 | G11: =100*E11/C11 -> 13.815143 | K11: Total general | L11: 2957768 | M11: 236574 | N11: =100*M11/L11 -> 7.9983961
A12: =VALUE(MID(B12,1,1)) -> 1 | B12: 10403 | C12: 1557 | D12: 581 | E12: 227 | F12: 41 | G12: =100*E12/C12 -> 14.579319
A13: =VALUE(MID(B13,1,1)) -> 1 | B13: 10404 | C13: 1080 | D13: 385 | E13: 126 | F13: 29 | G13: =100*E13/C13 -> 11.666667
A14: =VALUE(MID(B14,1,1)) -> 1 | B14: 10405 | C14: 1010 | D14: 300 | E14: 126 | F14: 42 | G14: =100*E14/C14 -> 12.475248 | K14: Etiquetas de fila | L14: Suma de n_id_unicos | M14: Suma de n_id_zero_6_12
A15: =VALUE(MID(B15,1,1)) -> 1 | B15: 10501 | C15: 6168 | D15: 1390 | E15: 457 | F15: 95 | G15: =100*E15/C15 -> 7.4092088 | K15: 60301 | L15: 24688 | M15: 1094 | N15: =100*M15/L15 -> 4.4313027
A16: =VALUE(MID(B16,1,1)) -> 1 | B16: 10502 | C16: 1821 | D16: 621 | E16: 134 | F16: 7 | G16: =100*E16/C16 -> 7.3585942 | K16: 60302 | L16: 4291 | M16: 470 | N16: =100*M16/L16 -> 10.953158
A17: =VALUE(MID(B17,1,1)) -> 1 | B17: 10601 | C17: 3707 | D17: 1635 | E17: 545 | F17: 79 | G17: =100*E17/C17 -> 14.701915 | K17: 60303 | L17: 13183 | M17: 754 | N17: =100*M17/L17 -> 5.7194872
A18: =VALUE(MID(B18,1,1)) -> 1 | B18: 10602 | C18: 2214 | D18: 1014 | E18: 351 | F18: 60 | G18: =100*E18/C18 -> 15.853659 | K18: Total general | L18: 42162 | M18: 2318 | N18: =100*M18/L18 -> 5.4978417
A19: =VALUE(MID(B19,1,1)) -> 1 | B19: 10701 | C19: 4285 | D19: 1654 | E19: 689 | F19: 172 | G19: =100*E19/C19 -> 16.079347
A20: =VALUE(MID(B20,1,1)) -> 1 | B20: 10702 | C20: 7082 | D20: 4149 | E20: 1629 | F20: 316 | G20: =100*E20/C20 -> 23.001977
A21: =VALUE(MID(B21,1,1)) -> 1 | B21: 10703 | C21: 1385 | D21: 474 | E21: 176 | F21: 57 | G21: =100*E21/C21 -> 12.707581
A22: =VALUE(MID(B22,1,1)) -> 1 | B22: 10704 | C22: 2588 | D22: 1171 | E22: 350 | F22: 73 | G22: =100*E22/C22 -> 13.523957
A23: =VALUE(MID(B23,1,1)) -> 1 | B23: 10801 | C23: 3250 | D23: 1151 | E23: 501 | F23: 136 | G23: =100*E23/C23 -> 15.415385
A24: =VALUE(MID(B24,1,1)) -> 1 | B24: 10901 | C24: 1044 | D24: 495 | E24: 195 | F24: 37 | G24: =100*E24/C24 -> 18.678161
A25: =VALUE(MID(B25,1,1)) -> 1 | B25: 10902 | C25: 2821 | D25: 784 | E25: 306 | F25: 68 | G25: =100*E25/C25 -> 10.847217
A26: =VALUE(MID(B26,1,1)) -> 1 | B26: 10903 | C26: 978 | D26: 397 | E26: 165 | F26: 29 | G26: =100*E26/C26 -> 16.871166
A27: =VALUE(MID(B27,1,1)) -> 1 | B27: 11001 | C27: 2081 | D27: 465 | E27: 118 | F27: 18 | G27: =100*E27/C27 -> 5.6703508
A28: =VALUE(MID(B28,1,1)) -> 1 | B28: 11002 | C28: 35 | D28: 10 | E28: 5 | F28: 2 | G28: =100*E28/C28 -> 14.285714
A29: =VALUE(MID(B29,1,1)) -> 1 | B29: 11003 | C29: 900 | D29: 273 | E29: 63 | F29: 8 | G29: =100*E29/C29 -> 7
A30: =VALUE(MID(B30,1,1)) -> 2 | B30: 20101 | C30: 306258 | D30: 55566 | E30: 18239 | F30: 4859 | G30: =100*E30/C30 -> 5.9554363
... A322: =VALUE(MID(B322,1,1)) -> 9 | B322: 90401 | C322: 483 | D322: 136 | E322: 34 | F322: 8 | G322: =100*E322/C322 -> 7.0393375

Sheet Indicador_MUN
A1: COD | B1: Name | C1: Porcentaje de medidores eléctricos residenciales con consumo cero 2016 (%) | D1: Porcentaje de medidores eléctricos residenciales con consumo cero 2023 (%)
A2: 10101 | B2: Sucre | C2: =IFERROR(VLOOKUP(A2,datos_2016!$B$1:$G$330,6,FALSE),"") -> 3.5945918 | D2: =IFERROR(VLOOKUP(A2,datos_2023!$B$1:$G$322,6,FALSE),"") -> 5.3799689
A3: 10102 | B3: Yotala | C3: =IFERROR(VLOOKUP(A3,datos_2016!$B$1:$G$330,6,FALSE),"") -> 11.469388 | D3: =IFERROR(VLOOKUP(A3,datos_2023!$B$1:$G$322,6,FALSE),"") -> 16.474618
A4: 10103 | B4: Poroma | C4: =IFERROR(VLOOKUP(A4,datos_2016!$B$1:$G$330,6,FALSE),"") -> 14.946237 | D4: =IFERROR(VLOOKUP(A4,datos_2023!$B$1:$G$322,6,FALSE),"") -> 15.45633
A5: 10201 | B5: Villa Azurduy | C5: =IFERROR(VLOOKUP(A5,datos_2016!$B$1:$G$330,6,FALSE),"") -> 10.771277 | D5: =IFERROR(VLOOKUP(A5,datos_2023!$B$1:$G$322,6,FALSE),"") -> 17.747684
A6: 10202 | B6: Tarvita | C6: =IFERROR(VLOOKUP(A6,datos_2016!$B$1:$G$330,6,FALSE),"") -> 12.298137 | D6: =IFERROR(VLOOKUP(A6,datos_2023!$B$1:$G$322,6,FALSE),"") -> 16.639141
A7: 10301 | B7: Zudañez | C7: =IFERROR(VLOOKUP(A7,datos_2016!$B$1:$G$330,6,FALSE),"") -> 13.682277 | D7: =IFERROR(VLOOKUP(A7,datos_2023!$B$1:$G$322,6,FALSE),"")
A8: 10302 | B8: Presto | C8: =IFERROR(VLOOKUP(A8,datos_2016!$B$1:$G$330,6,FALSE),"") -> 8.1208687 | D8: =IFERROR(VLOOKUP(A8,datos_2023!$B$1:$G$322,6,FALSE),"") -> 8.569454
A9: 10303 | B9: Villa Mojocoya | C9: =IFERROR(VLOOKUP(A9,datos_2016!$B$1:$G$330,6,FALSE),"") -> 9.453125 | D9: =IFERROR(VLOOKUP(A9,datos_2023!$B$1:$G$322,6,FALSE),"") -> 11.037528
A10: 10304 | B10: Icla | C10: =IFERROR(VLOOKUP(A10,datos_2016!$B$1:$G$330,6,FALSE),"") -> 10.603715 | D10: =IFERROR(VLOOKUP(A10,datos_2023!$B$1:$G$322,6,FALSE),"") -> 10.228058
A11: 10401 | B11: Padilla | C11: =IFERROR(VLOOKUP(A11,datos_2016!$B$1:$G$330,6,FALSE),"") -> 8.9014085 | D11: =IFERROR(VLOOKUP(A11,datos_2023!$B$1:$G$322,6,FALSE),"") -> 10.841547
A12: 10402 | B12: Tomina | C12: =IFERROR(VLOOKUP(A12,datos_2016!$B$1:$G$330,6,FALSE),"") -> 8.5910653 | D12: =IFERROR(VLOOKUP(A12,datos_2023!$B$1:$G$322,6,FALSE),"") -> 13.815143
A13: 10403 | B13: Sopachuy | C13: =IFERROR(VLOOKUP(A13,datos_2016!$B$1:$G$330,6,FALSE),"") -> 5.0125313 | D13: =IFERROR(VLOOKUP(A13,datos_2023!$B$1:$G$322,6,FALSE),"") -> 14.579319
... A344: 90503 | B344: Santos Mercado | C344: =IFERROR(VLOOKUP(A344,datos_2016!$B$1:$G$330,6,FALSE),"") | D344: =IFERROR(VLOOKUP(A344,datos_2023!$B$1:$G$322,6,FALSE),"")

Sheet Absoluto_MUN
A1: COD | B1: Name | C1: Número de medidores con 6 o más meses con consumo cero 2016 | D1: Número de medidores con 6 o más meses con consumo cero 2023
A2: 10101 | B2: Sucre | C2: =IFERROR(VLOOKUP(A2,datos_2016!$B$1:$G$330,4,FALSE),"") -> 2422 | D2: =IFERROR(VLOOKUP(A2,datos_2023!$B$1:$G$322,4,FALSE),"") -> 5059
A3: 10102 | B3: Yotala | C3: =IFERROR(VLOOKUP(A3,datos_2016!$B$1:$G$330,4,FALSE),"") -> 281 | D3: =IFERROR(VLOOKUP(A3,datos_2023!$B$1:$G$322,4,FALSE),"") -> 529
A4: 10103 | B4: Poroma | C4: =IFERROR(VLOOKUP(A4,datos_2016!$B$1:$G$330,4,FALSE),"") -> 139 | D4: =IFERROR(VLOOKUP(A4,datos_2023!$B$1:$G$322,4,FALSE),"") -> 315
A5: 10201 | B5: Villa Azurduy | C5: =IFERROR(VLOOKUP(A5,datos_2016!$B$1:$G$330,4,FALSE),"") -> 81 | D5: =IFERROR(VLOOKUP(A5,datos_2023!$B$1:$G$322,4,FALSE),"") -> 249
A6: 10202 | B6: Tarvita | C6: =IFERROR(VLOOKUP(A6,datos_2016!$B$1:$G$330,4,FALSE),"") -> 198 | D6: =IFERROR(VLOOKUP(A6,datos_2023!$B$1:$G$322,4,FALSE),"") -> 403
A7: 10301 | B7: Zudañez | C7: =IFERROR(VLOOKUP(A7,datos_2016!$B$1:$G$330,4,FALSE),"") -> 149 | D7: =IFERROR(VLOOKUP(A7,datos_2023!$B$1:$G$322,4,FALSE),"")
A8: 10302 | B8: Presto | C8: =IFERROR(VLOOKUP(A8,datos_2016!$B$1:$G$330,4,FALSE),"") -> 86 | D8: =IFERROR(VLOOKUP(A8,datos_2023!$B$1:$G$322,4,FALSE),"") -> 124
A9: 10303 | B9: Villa Mojocoya | C9: =IFERROR(VLOOKUP(A9,datos_2016!$B$1:$G$330,4,FALSE),"") -> 121 | D9: =IFERROR(VLOOKUP(A9,datos_2023!$B$1:$G$322,4,FALSE),"") -> 200
A10: 10304 | B10: Icla | C10: =IFERROR(VLOOKUP(A10,datos_2016!$B$1:$G$330,4,FALSE),"") -> 137 | D10: =IFERROR(VLOOKUP(A10,datos_2023!$B$1:$G$322,4,FALSE),"") -> 148
A11: 10401 | B11: Padilla | C11: =IFERROR(VLOOKUP(A11,datos_2016!$B$1:$G$330,4,FALSE),"") -> 158 | D11: =IFERROR(VLOOKUP(A11,datos_2023!$B$1:$G$322,4,FALSE),"") -> 286
A12: 10402 | B12: Tomina | C12: =IFERROR(VLOOKUP(A12,datos_2016!$B$1:$G$330,4,FALSE),"") -> 125 | D12: =IFERROR(VLOOKUP(A12,datos_2023!$B$1:$G$322,4,FALSE),"") -> 281
A13: 10403 | B13: Sopachuy | C13: =IFERROR(VLOOKUP(A13,datos_2016!$B$1:$G$330,4,FALSE),"") -> 40 | D13: =IFERROR(VLOOKUP(A13,datos_2023!$B$1:$G$322,4,FALSE),"") -> 227
... A344: 90503 | B344: Santos Mercado | C344: =IFERROR(VLOOKUP(A344,datos_2016!$B$1:$G$330,4,FALSE),"") | D344: =IFERROR(VLOOKUP(A344,datos_2023!$B$1:$G$322,4,FALSE),"")

Sheet Indicador_DEP
A1: id_departamento | B1: Departamento | C1: Porcentaje de medidores eléctricos residenciales con consumo cero 2016 | D1: Porcentaje de medidores eléctricos residenciales con consumo cero 2023
A2: 1 | B2: Chuquisaca | C2: 6.1367606 | D2: 8.7908647
A3: 2 | B3: La Paz | C3: 8.8189199 | D3: 9.367065
A4: 3 | B4: Cochabamba | C4: 5.9476738 | D4: 6.4435288
A5: 4 | B5: Oruro | C5: 7.405892 | D5: 10.279856
A6: 5 | B6: Potosí | C6: 9.8954848 | D6: 12.958624
A7: 6 | B7: Tarija | C7: 5.0553981 | D7: 7.3250286
A8: 7 | B8: Santa Cruz | C8: 4.1202747 | D8: 6.6046085
A9: 8 | B9: Beni | C9: 0.82852799 | D9: 2.1017745
A10: 9 | B10: Pando | C10: 2.1392838 | D10: 1.9021098
A11: 10 | B11: Gran Chaco | C11: 3.5153091 | D11: 5.4978417
A12: 11 | B12: Bolivia | C12: 6.4651299 | D12: 7.9983961

Sheet Absoluto_DEP
A1: id_departamento | B1: Departamento | C1: Número de medidores con 6 o más meses con consumo cero 2016 | D1: Número de medidores con 6 o más meses con consumo cero 2023
A2: 1 | B2: Chuquisaca | C2: 6852 | D2: 13757
A3: 2 | B3: La Paz | C3: 67975 | D3: 86359
A4: 3 | B4: Cochabamba | C4: 29528 | D4: 40753
A5: 4 | B5: Oruro | C5: 9955 | D5: 15942
A6: 5 | B6: Potosí | C6: 14789 | D6: 24448
A7: 6 | B7: Tarija | C7: 5886 | D7: 10555
A8: 7 | B8: Santa Cruz | C8: 22903 | D8: 42315
A9: 8 | B9: Beni | C9: 921 | D9: 2042
A10: 9 | B10: Pando | C10: 325 | D10: 403
A11: 10 | B11: Gran Chaco | C11: 1217 | D11: 2318
A12: 11 | B12: Bolivia | C12: 159134 | D12: 236574

Sheet Umbral
A1: ODS | B1: Indicador | C1: Meta Alcanzada max | D1: Meta Alcanzada min | E1: Próximo a Alcanzarse max | F1: Próximo a Alcanzarse min | G1: Quedan Retos Importantes max | H1: Quedan Retos Importantes min | I1: Quedan Retos Grandes max | J1: Quedan Retos Grandes min
A2: 8 | B2: Porcentaje de medidores eléctricos residenciales con consumo cero | C2: 0 | D2: 4.6 | E2: 4.6 | F2: 13.6 | G2: 13.6 | H2: 22.6 | I2: 22.6 | J2: 100

Sheet Map
