Workbook

Sheet Datos originales
A1: Department_code | B1: Region | C1: COD | D1: Emissions from degradation per capita 2010 | E1: Emissions from degradation per capita 2011 | F1: Emissions from degradation per capita 2012 | G1: Emissions from degradation per capita 2013 | H1: Emissions from degradation per capita 2014 | I1: Emissions from degradation per capita 2015 | J1: Emissions from degradation per capita 2016 | K1: Emissions from degradation per capita 2017 | L1: Emissions from degradation per capita 2018 | M1: Emissions from degradation per capita 2019 | N1: Emissions from degradation per capita 2020 | O1: Emissions from degradation per capita 2021 | P1: Emissions from degradation per capita 2022 | Q1: Índicador 2012 | R1: Indicador 2022 | S1: Net emissions from deforestation per capita tCO2 2010 | T1: Net emissions from deforestation per capita tCO2 2011 | U1: Net emissions from deforestation per capita tCO2 2012 | V1: Net emissions from deforestation per capita tCO2 2013 | W1: Net emissions from deforestation per capita tCO2 2014 | X1: Net emissions from deforestation per capita tCO2 2015 | Y1: Net emissions from deforestation per capita tCO2 2016 | Z1: Net emissions from deforestation per capita tCO2 2017 | AA1: Net emissions from deforestation per capita tCO2 2018 | AB1: Net emissions from deforestation per capita tCO2 2019 | AC1: Net emissions from deforestation per capita tCO2 2020 | AD1: Net emissions from deforestation per capita tCO2 2021 | AE1: Net emissions from deforestation per capita tCO2 2022 | AF1: Net emissions from deforestation per capita tCO2 2023 | AG1: Emisiones por deforestación per cápita (tCO2/persona) 2012-2014 | AH1: Emisiones por deforestación per cápita (tCO2/persona) 2021-2023 | AI1: Promedio degradacion per capita | AJ1: Promedio deforestacion per capita | AK1: Emisiones por degradación tCO2 2010 | AL1: Emisiones por degradación tCO2 2011 | AM1: Emisiones por degradación tCO2 2012 | AN1: Emisiones por degradación tCO2 2013 | AO1: Emisiones por degradación tCO2 2014 | AP1: Emisiones por degradación tCO2 2015 | AQ1: Emisiones por degradación tCO2 2016 | AR1: Emisiones por degradación tCO2 2017 | AS1: Emisiones por degradación tCO2 2018 | AT1: Emisiones por degradación tCO2 2019 | AU1: Emisiones por degradación tCO2 2020 | AV1: Emisiones por degradación tCO2 2021 | AW1: Emisiones por degradación tCO2 2022 | AX1: Promedio anual emisiones por degradación 2011-2013 | AY1: Promedio anual emisiones por degradación 2020-2022
A2: =VALUE(MID('Datos originales'!$C2,1,1)) -> 1 | C2: 10101 | D2: 9.5106488e-05 | E2: 0 | F2: 0 | G2: 0 | H2: 0.00042632608 | I2: 0 | J2: 0 | K2: 0 | L2: 0 | M2: 0 | N2: 0 | O2: 0.0048919789 | P2: 0 | Q2: 0 | R2: 0.0016306596 | S2: -0.00023112224 | T2: 6.7426754e-05 | U2: -0.0012938369 | V2: -0.0015657202 | W2: -0.001105479 | X2: -0.0021582036 | Y2: -0.0022668345 | Z2: -0.001329157 | AA2: 0.0017635083 | AB2: -0.0017517219 | AC2: 0.010416369 | AD2: -0.0019535081 | AE2: -0.0018205259 | AF2: 0.0053873452 | AG2: -0.00093208745 | AH2: 0.00053746028 | AI2: =AVERAGE('Datos originales'!$D2:$P2) -> 0.00041641627 | AJ2: =AVERAGE('Datos originales'!$S2:$AF2) -> 0.00015418143 | AK2: 24.372654 | AL2: 0 | AM2: 0 | AN2: 0 | AO2: 114.10831 | AP2: 0 | AQ2: 0 | AR2: 0 | AS2: 0 | AT2: 0 | AU2: 0 | AV2: 1406.8549 | AW2: 0 | AX2: =AVERAGE('Datos originales'!$AL2:$AN2) -> 0 | AY2: =AVERAGE('Datos originales'!$AU2:$AW2) -> 468.95162
A3: =VALUE(MID('Datos originales'!$C3,1,1)) -> 1 | C3: 10102 | D3: 0 | E3: 0 | F3: 0 | G3: 0 | H3: 0 | I3: 0 | J3: 0 | K3: 0 | L3: 0 | M3: 0 | N3: 0 | O3: 0 | P3: 0.19592758 | Q3: 0 | R3: 0.065309193 | S3: 0.010124666 | T3: 0.0034941873 | U3: -0.0052326408 | V3: 0.0004683888 | W3: -0.0069099371 | X3: -0.0078453757 | Y3: -0.0040076223 | Z3: -0.0089027716 | AA3: -0.0097948939 | AB3: -0.0048647465 | AC3: -0.013767486 | AD3: -0.013882519 | AE3: -0.014827066 | AF3: -0.01774669 | AG3: -0.00042335489 | AH3: -0.015485425 | AI3: =AVERAGE('Datos originales'!$D3:$P3) -> 0.015071352 | AJ3: =AVERAGE('Datos originales'!$S3:$AF3) -> -0.0066924648 | AK3: 0 | AL3: 0 | AM3: 0 | AN3: 0 | AO3: 0 | AP3: 0 | AQ3: 0 | AR3: 0 | AS3: 0 | AT3: 0 | AU3: 0 | AV3: 0 | AW3: 1817.8161 | AX3: =AVERAGE('Datos originales'!$AL3:$AN3) -> 0 | AY3: =AVERAGE('Datos originales'!$AU3:$AW3) -> 605.93869
A4: =VALUE(MID('Datos originales'!$C4,1,1)) -> 1 | C4: 10103 | D4: 0 | E4: 0 | F4: 0 | G4: 0 | H4: 0.0032689486 | I4: 0 | J4: 0.010310898 | K4: 0 | L4: 0 | M4: 0 | N4: 0 | O4: 0 | P4: 0.11753793 | Q4: 0 | R4: 0.039179312 | S4: -0.0052281708 | T4: 0.0017217562 | U4: 0.015882018 | V4: -0.0046707774 | W4: -0.0064253588 | X4: 0.0090104927 | Y4: -0.011014503 | Z4: -0.0064881311 | AA4: 0.040208769 | AB4: 0.051285569 | AC4: 0.47486002 | AD4: -0.027081538 | AE4: -0.022025269 | AF4: 0.1804752 | AG4: 0.0043927408 | AH4: 0.043675221 | AI4: =AVERAGE('Datos originales'!$D4:$P4) -> 0.010085983 | AJ4: =AVERAGE('Datos originales'!$S4:$AF4) -> 0.049322149 | AK4: 0 | AL4: 0 | AM4: 0 | AN4: 0 | AO4: 52.10704 | AP4: 0 | AQ4: 159.61271 | AR4: 0 | AS4: 0 | AT4: 0 | AU4: 0 | AV4: 0 | AW4: 1657.2849 | AX4: =AVERAGE('Datos originales'!$AL4:$AN4) -> 0 | AY4: =AVERAGE('Datos originales'!$AU4:$AW4) -> 552.42829
A5: =VALUE(MID('Datos originales'!$C5,1,1)) -> 1 | C5: 10201 | D5: 2.3090366 | E5: 0.028650398 | F5: 2.0643131 | G5: 0.26336708 | H5: 0.088035597 | I5: 0.073479696 | J5: 0.13832399 | K5: 0.22043287 | L5: 0.30125765 | M5: 0.38407718 | N5: 5.3464858 | O5: 0.07937808 | P5: 2.8067388 | Q5: 0.78544353 | R5: 2.7442009 | S5: -0.090178845 | T5: 0.35886806 | U5: -0.064148614 | V5: 0.38553475 | W5: 0.68269038 | X5: -0.03448216 | Y5: 0.81772223 | Z5: 0.79358028 | AA5: 0.69577478 | AB5: 0.39675065 | AC5: 1.2446604 | AD5: 0.525069 | AE5: 2.5024982 | AF5: 8.1586995 | AG5: 0.22676239 | AH5: 3.7287556 | AI5: =AVERAGE('Datos originales'!$D5:$P5) -> 1.0848905 | AJ5: =AVERAGE('Datos originales'!$S5:$AF5) -> 1.1695028 | AK5: 25669.56 | AL5: 311.85958 | AM5: 21989.063 | AN5: 2744.0216 | AO5: 896.81862 | AP5: 731.4169 | AQ5: 1344.7858 | AR5: 2091.6875 | AS5: 2788.7421 | AT5: 3465.9125 | AU5: 47000.957 | AV5: 679.39699 | AW5: 23368.907 | AX5: =AVERAGE('Datos originales'!$AL5:$AN5) -> 8348.3148 | AY5: =AVERAGE('Datos originales'!$AU5:$AW5) -> 23683.087
A6: =VALUE(MID('Datos originales'!$C6,1,1)) -> 1 | C6: 10202 | D6: 0 | E6: 0.0024824903 | F6: 0 | G6: 0.0049394468 | H6: 0 | I6: 0.070828756 | J6: 0 | K6: 0.041132721 | L6: 0.037378685 | M6: 0.096579995 | N6: 0.091549661 | O6: 0.056518522 | P6: 0.072325966 | Q6: 0.002473979 | R6: 0.073464716 | S6: -0.01431234 | T6: 0.047226229 | U6: -0.041641353 | V6: 0.027325025 | W6: 0.14257768 | X6: 0.034400032 | Y6: 0.023952548 | Z6: 0.014299444 | AA6: 0.16271458 | AB6: 0.22051037 | AC6: 0.047696493 | AD6: 0.21067977 | AE6: 1.1259616 | AF6: 0.71465902 | AG6: 0.010247329 | AH6: 0.67599312 | AI6: =AVERAGE('Datos originales'!$D6:$P6) -> 0.036441249 | AJ6: =AVERAGE('Datos originales'!$S6:$AF6) -> 0.19400351 | AK6: 0 | AL6: 31.579759 | AM6: 0 | AN6: 65.679823 | AO6: 0 | AP6: 982.67816 | AQ6: 0 | AR6: 594.40896 | AS6: 550.96182 | AT6: 1451.4042 | AU6: 1402.1746 | AV6: 881.97154 | AW6: 1149.4766 | AX6: =AVERAGE('Datos originales'!$AL6:$AN6) -> 32.419861 | AY6: =AVERAGE('Datos originales'!$AU6:$AW6) -> 1144.5409
A7: =VALUE(MID('Datos originales'!$C7,1,1)) -> 1 | C7: 10301 | D7: 0 | E7: 0 | F7: 0 | G7: 0 | H7: 0 | I7: 0 | J7: 0 | K7: 0 | L7: 0 | M7: 0 | N7: 0 | O7: 0 | P7: 0 | Q7: 0 | R7: 0 | S7: -0.0015952908 | T7: -0.013565788 | U7: -0.0034092978 | V7: -0.011165351 | W7: -0.0046801435 | X7: -0.018351926 | Y7: -0.0015715804 | Z7: -0.012908383 | AA7: 0.16938641 | AB7: 0.17591849 | AC7: 0.26423362 | AD7: -0.028055487 | AE7: -0.019998791 | AF7: 0.010074375 | AG7: -0.0094852588 | AH7: -0.012750379 | AI7: =AVERAGE('Datos originales'!$D7:$P7) -> 0 | AJ7: =AVERAGE('Datos originales'!$S7:$AF7) -> 0.036022204 | AK7: 0 | AL7: 0 | AM7: 0 | AN7: 0 | AO7: 0 | AP7: 0 | AQ7: 0 | AR7: 0 | AS7: 0 | AT7: 0 | AU7: 0 | AV7: 0 | AW7: 0 | AX7: =AVERAGE('Datos originales'!$AL7:$AN7) -> 0 | AY7: =AVERAGE('Datos originales'!$AU7:$AW7) -> 0
A8: =VALUE(MID('Datos originales'!$C8,1,1)) -> 1 | C8: 10302 | D8: 0 | E8: 0 | F8: 0 | G8: 0 | H8: 0 | I8: 0 | J8: 0 | K8: 0 | L8: 0 | M8: 0.0025895118 | N8: 0.14717679 | O8: 1.8574425 | P8: 0 | Q8: 0 | R8: 0.66820644 | S8: 0.021660297 | T8: 0.005968193 | U8: 0.045421515 | V8: -0.039007107 | W8: -0.022927273 | X8: -0.020011541 | Y8: -0.023063215 | Z8: -0.043165584 | AA8: 0.08598142 | AB8: 0.22932368 | AC8: 2.9911129 | AD8: -0.10208665 | AE8: -0.1070388 | AF8: 0.054322482 | AG8: 0.0043338034 | AH8: -0.051372991 | AI8: =AVERAGE('Datos originales'!$D8:$P8) -> 0.15440068 | AJ8: =AVERAGE('Datos originales'!$S8:$AF8) -> 0.21974931 | AK8: 0 | AL8: 0 | AM8: 0 | AN8: 0 | AO8: 0 | AP8: 0 | AQ8: 0 | AR8: 0 | AS8: 0 | AT8: 31.29425 | AU8: 1776.7182 | AV8: 22400.757 | AW8: 0 | AX8: =AVERAGE('Datos originales'!$AL8:$AN8) -> 0 | AY8: =AVERAGE('Datos originales'!$AU8:$AW8) -> 8059.1584
A9: =VALUE(MID('Datos originales'!$C9,1,1)) -> 1 | C9: 10303 | D9: 0 | E9: 0 | F9: 0 | G9: 0 | H9: 0 | I9: 0 | J9: 0 | K9: 0 | L9: 0 | M9: 0 | N9: 0 | O9: 0 | P9: 0 | Q9: 0 | R9: 0 | S9: 0.048611012 | T9: 0.095855969 | U9: -0.01962542 | V9: 0.016980363 | W9: 0.0044491501 | X9: -0.032980477 | Y9: 0.16052023 | Z9: 0.034665912 | AA9: 0.070438835 | AB9: 0.32049101 | AC9: 1.1273388 | AD9: -0.078882584 | AE9: 0.72322528 | AF9: 1.1511126 | AG9: 0.031074302 | AH9: 0.59848511 | AI9: =AVERAGE('Datos originales'!$D9:$P9) -> 0 | AJ9: =AVERAGE('Datos originales'!$S9:$AF9) -> 0.25872862 | AK9: 0 | AL9: 0 | AM9: 0 | AN9: 0 | AO9: 0 | AP9: 0 | AQ9: 0 | AR9: 0 | AS9: 0 | AT9: 0 | AU9: 0 | AV9: 0 | AW9: 0 | AX9: =AVERAGE('Datos originales'!$AL9:$AN9) -> 0 | AY9: =AVERAGE('Datos originales'!$AU9:$AW9) -> 0
A10: =VALUE(MID('Datos originales'!$C10,1,1)) -> 1 | C10: 10304 | D10: 0 | E10: 0 | F10: 0 | G10: 0 | H10: 0 | I10: 0 | J10: 0 | K10: 0 | L10: 0 | M10: 0 | N10: 0 | O10: 0 | P10: 0 | Q10: 0 | R10: 0 | S10: 0.014221698 | T10: -0.010444773 | U10: -0.01076275 | V10: -0.004620195 | W10: -0.011980821 | X10: -0.0068999541 | Y10: -0.0060183597 | Z10: -0.01259578 | AA10: 0.0028012289 | AB10: -0.0057483928 | AC10: -0.013874167 | AD10: -0.0066647059 | AE10: -0.001561506 | AF10: -0.029436363 | AG10: -0.0087731649 | AH10: -0.012707409 | AI10: =AVERAGE('Datos originales'!$D10:$P10) -> 0 | AJ10: =AVERAGE('Datos originales'!$S10:$AF10) -> -0.0073989171 | AK10: 0 | AL10: 0 | AM10: 0 | AN10: 0 | AO10: 0 | AP10: 0 | AQ10: 0 | AR10: 0 | AS10: 0 | AT10: 0 | AU10: 0 | AV10: 0 | AW10: 0 | AX10: =AVERAGE('Datos originales'!$AL10:$AN10) -> 0 | AY10: =AVERAGE('Datos originales'!$AU10:$AW10) -> 0
A11: =VALUE(MID('Datos originales'!$C11,1,1)) -> 1 | C11: 10401 | D11: 4.71816 | E11: 1.0220047 | F11: 0.12954108 | G11: 0.15202528 | H11: 0.23774676 | I11: 0.10972809 | J11: 0.65091306 | K11: 0.6738636 | L11: 0.22124657 | M11: 1.0700638 | N11: 8.6825104 | O11: 0.56701065 | P11: 0.44352353 | Q11: 0.4345237 | R11: 3.2310149 | S11: 0.91494388 | T11: 2.8175376 | U11: 1.7749121 | V11: 2.7445759 | W11: 1.1107875 | X11: 0.075286588 | Y11: 2.5491929 | Z11: 3.0800188 | AA11: 4.91187 | AB11: 2.4930498 | AC11: 7.4602136 | AD11: 6.2149427 | AE11: 2.2741019 | AF11: 19.10216 | AG11: 2.4508126 | AH11: 9.2061233 | AI11: =AVERAGE('Datos originales'!$D11:$P11) -> 1.4367952 | AJ11: =AVERAGE('Datos originales'!$S11:$AF11) -> 4.1088281 | AK11: 51560.052 | AL11: 10921.143 | AM11: 1352.927 | AN11: 1550.9619 | AO11: 2367.9578 | AP11: 1066.4473 | AQ11: 6168.7031 | AR11: 6223.1303 | AS11: 1989.6704 | AT11: 9364.1286 | AU11: 73879.481 | AV11: 4688.044 | AW11: 3559.7198 | AX11: =AVERAGE('Datos originales'!$AL11:$AN11) -> 4608.3438 | AY11: =AVERAGE('Datos originales'!$AU11:$AW11) -> 27375.748
A12: =VALUE(MID('Datos originales'!$C12,1,1)) -> 1 | C12: 10402 | D12: 0.002643547 | E12: 0 | F12: 0 | G12: 0 | H12: 0 | I12: 0 | J12: 0 | K12: 0 | L12: 0 | M12: 0 | N12: 0 | O12: 0 | P12: 0 | Q12: 0 | R12: 0 | S12: 0.14792778 | T12: 0.18441496 | U12: -0.035005605 | V12: -0.0034574768 | W12: 0.12058515 | X12: -0.010924909 | Y12: -0.027809773 | Z12: -0.021266353 | AA12: 0.024348547 | AB12: 0.060114776 | AC12: 0.1564582 | AD12: -0.058409823 | AE12: 2.0851769 | AF12: 0.57960903 | AG12: 0.048626101 | AH12: 0.87261799 | AI12: =AVERAGE('Datos originales'!$D12:$P12) -> 0.00020334977 | AJ12: =AVERAGE('Datos originales'!$S12:$AF12) -> 0.22869724 | AK12: 23.302867 | AL12: 0 | AM12: 0 | AN12: 0 | AO12: 0 | AP12: 0 | AQ12: 0 | AR12: 0 | AS12: 0 | AT12: 0 | AU12: 0 | AV12: 0 | AW12: 0 | AX12: =AVERAGE('Datos originales'!$AL12:$AN12) -> 0 | AY12: =AVERAGE('Datos originales'!$AU12:$AW12) -> 0
A13: =VALUE(MID('Datos originales'!$C13,1,1)) -> 1 | C13: 10403 | D13: 0 | E13: 0 | F13: 0 | G13: 0 | H13: 0 | I13: 0 | J13: 0.0064381819 | K13: 0 | L13: 0 | M13: 0 | N13: 0.0036530882 | O13: 0.0041984173 | P13: 0 | Q13: 0 | R13: 0.0026171685 | S13: 0.029469197 | T13: 0.1347761 | U13: -0.016677302 | V13: 0.078249184 | W13: 0.24115799 | X13: -0.017142738 | Y13: -0.020200362 | Z13: -0.0021386573 | AA13: 0.021728048 | AB13: 0.1217653 | AC13: 0.10683594 | AD13: 0.0013173619 | AE13: 1.0473377 | AF13: 1.9987716 | AG13: 0.06428371 | AH13: 1.009955 | AI13: =AVERAGE('Datos originales'!$D13:$P13) -> 0.0010992067 | AJ13: =AVERAGE('Datos originales'!$S13:$AF13) -> 0.26608924 | AK13: 0 | AL13: 0 | AM13: 0 | AN13: 0 | AO13: 0 | AP13: 0 | AQ13: 44.635915 | AR13: 0 | AS13: 0 | AT13: 0 | AU13: 25.239186 | AV13: 28.985873 | AW13: 0 | AX13: =AVERAGE('Datos originales'!$AL13:$AN13) -> 0 | AY13: =AVERAGE('Datos originales'!$AU13:$AW13) -> 18.07502
... A245: =VALUE(MID('Datos originales'!$C245,1,1)) -> 6 | C245: 60202 | D245: 0.8063888 | E245: 0.12055934 | F245: 0.68080783 | G245: 8.2644772 | H245: 0.10113354 | I245: 0.54109308 | J245: 0.83167211 | K245: 0.41893834 | L245: 0.2933383 | M245: 0.25706655 | N245: 1.6037533 | O245: 0.2166208 | P245: 2.3338756 | Q245: 3.0219481 | R245: 1.3847499 | S245: 0.011214596 | T245: 0.11900684 | U245: 0.079602442 | V245: 0.8697526 | W245: 0.10557265 | X245: -0.0024634875 | Y245: -0.006244627 | Z245: 0.012181092 | AA245: 0.048303228 | AB245: 0.076863739 | AC245: 0.29810023 | AD245: 0.081745565 | AE245: 0.70903016 | AF245: 2.6857848 | AG245: 2.9653796 | AH245: 1.1588535 | AI245: =AVERAGE('Datos originales'!$D245:$P245) -> 1.2669019 | AJ245: =AVERAGE('Datos originales'!$S245:$AF245) -> 0.3634607 | AK245: 27493.826 | AL245: 4135.1855 | AM245: 23491.274 | AN245: 286860 | AO245: 3531.0777 | AP245: 19003.73 | AQ245: 29379.649 | AR245: 14885.298 | AS245: 10482.737 | AT245: 9239.229 | AU245: 57969.267 | AV245: 7874.5992 | AW245: 85319.492 | AX245: =AVERAGE('Datos originales'!$AL245:$AN245) -> 104828.82 | AY245: =AVERAGE('Datos originales'!$AU245:$AW245) -> 50387.786
A246: =VALUE(MID('Datos originales'!$C246,1,1)) -> 6 | B246: Gran Chaco | C246: 60301 | D246: 15.529025 | E246: 7.7466353 | F246: 6.9069716 | G246: 2.6018142 | H246: 2.3858854 | I246: 0.82027167 | J246: 1.844219 | K246: 1.4592166 | L246: 6.748329 | M246: 1.9210994 | N246: 4.7819259 | O246: 11.082559 | P246: 9.824689 | Q246: 5.7518071 | R246: 8.5630578 | S246: 4.0212547 | T246: 4.1794728 | U246: 3.8048891 | V246: 3.8036919 | W246: 1.7115354 | X246: 0.85572079 | Y246: 1.9504316 | Z246: 1.5360876 | AA246: 5.6370143 | AB246: 5.8217954 | AC246: 4.2650719 | AD246: 6.493423 | AE246: 7.8199725 | AF246: 9.0366208 | AG246: 3.927149 | AH246: 7.7811022 | AI246: =AVERAGE('Datos originales'!$D246:$P246) -> 5.6655878 | AJ246: =AVERAGE('Datos originales'!$S246:$AF246) -> 4.3526416 | AK246: 1415486.2 | AL246: 709669.26 | AM246: 635917.97 | AN246: 240740.67 | AO246: 221856.32 | AP246: 76651.106 | AQ246: 173181.39 | AR246: 137697.51 | AS246: 639896.8 | AT246: 183046.2 | AU246: 457826.37 | AV246: 1066142.1 | AW246: 949644.61 | AX246: =AVERAGE('Datos originales'!$AL246:$AN246) -> 528775.97 | AY246: =AVERAGE('Datos originales'!$AU246:$AW246) -> 824537.7
A247: =VALUE(MID('Datos originales'!$C247,1,1)) -> 6 | B247: Gran Chaco | C247: 60302 | D247: 1.6752545 | E247: 1.1513867 | F247: 1.1560707 | G247: 9.986618 | H247: 0.5385152 | I247: 0.34397021 | J247: 0.99287154 | K247: 1.4351671 | L247: 1.1961085 | M247: 2.0563973 | N247: 4.9457196 | O247: 3.2187529 | P247: 15.347537 | Q247: 4.0980252 | R247: 7.8373366 | S247: 4.3147902 | T247: 2.6007771 | U247: 4.985383 | V247: 10.363075 | W247: 5.361774 | X247: 3.8780878 | Y247: 6.016574 | Z247: 7.9368225 | AA247: 3.5060512 | AB247: 4.1916926 | AC247: 5.5785287 | AD247: 2.5365564 | AE247: -1.6271387 | AF247: 29.657189 | AG247: 37.382106 | AH247: 10.198287 | AI247: =AVERAGE('Datos originales'!$D247:$P247) -> 3.3880284 | AJ247: =AVERAGE('Datos originales'!$S247:$AF247) -> 6.378583 | AK247: 25958.068 | AL247: 17853.402 | AM247: 17938.749 | AN247: 155072.21 | AO247: 8367.9877 | AP247: 5348.7368 | AQ247: 15450.074 | AR247: 22348.422 | AS247: 18640.155 | AT247: 32069.516 | AU247: 77182.9 | AV247: 50267.264 | AW247: 239851.31 | AX247: =AVERAGE('Datos originales'!$AL247:$AN247) -> 63621.452 | AY247: =AVERAGE('Datos originales'!$AU247:$AW247) -> 122433.83
A248: =VALUE(MID('Datos originales'!$C248,1,1)) -> 6 | B248: Gran Chaco | C248: 60303 | D248: 0.5933531 | E248: 0.12360027 | F248: 0.27265519 | G248: 0.63450936 | H248: 2.3280463 | I248: 0.62104354 | J248: 0.24141602 | K248: 0.084023535 | L248: 0.75832037 | M248: 0.23153343 | N248: 4.7992105 | O248: 5.9088158 | P248: 1.9350964 | Q248: 0.34358827 | R248: 4.2143742 | S248: 1.7053983 | T248: 1.6991403 | U248: 1.6088703 | V248: 4.1203476 | W248: 5.6010695 | X248: 3.6914803 | Y248: 2.211071 | Z248: 2.4902101 | AA248: 5.2908902 | AB248: 7.7524077 | AC248: 4.8978606 | AD248: 12.73859 | AE248: 5.9993527 | AF248: 35.760845 | AG248: 2.48161 | AH248: 18.175727 | AI248: =AVERAGE('Datos originales'!$D248:$P248) -> 1.4255095 | AJ248: =AVERAGE('Datos originales'!$S248:$AF248) -> 6.8262524 | AK248: 23169.845 | AL248: 4887.8961 | AM248: 10917.932 | AN248: 25723.01 | AO248: 95538.366 | AP248: 25795.043 | AQ248: 10147.198 | AR248: 3573.4369 | AS248: 32628.25 | AT248: 10077.261 | AU248: 211266.04 | AV248: 263048.66 | AW248: 87110.3 | AX248: =AVERAGE('Datos originales'!$AL248:$AN248) -> 13842.946 | AY248: =AVERAGE('Datos originales'!$AU248:$AW248) -> 187141.67
A249: =VALUE(MID('Datos originales'!$C249,1,1)) -> 6 | C249: 60401 | D249: 0 | E249: 0 | F249: 0.0043350142 | G249: 0 | H249: 0 | I249: 0 | J249: 0.0011803285 | K249: 0 | L249: 0 | M249: 0.031075976 | N249: 0.0059857829 | O249: 0 | P249: 0 | Q249: 0.0014450047 | R249: 0.001995261 | S249: 0.064499401 | T249: 0.45255073 | U249: -0.046224874 | V249: 0.015281424 | W249: 0.10072057 | X249: -0.027170704 | Y249: 0.046668365 | Z249: 0.0053655381 | AA249: 0.15486415 | AB249: 0.3332294 | AC249: 0.14469302 | AD249: 0.67975915 | AE249: -0.044718741 | AF249: -0.12239608 | AG249: 0.14053579 | AH249: 0.17077652 | AI249: =AVERAGE('Datos originales'!$D249:$P249) -> 0.0032751617 | AJ249: =AVERAGE('Datos originales'!$S249:$AF249) -> 0.12550867 | AK249: 0 | AL249: 0 | AM249: 63.93279 | AN249: 0 | AO249: 0 | AP249: 0 | AQ249: 17.881977 | AR249: 0 | AS249: 0 | AT249: 480.18598 | AU249: 93.090896 | AV249: 0 | AW249: 0 | AX249: =AVERAGE('Datos originales'!$AL249:$AN249) -> 21.31093 | AY249: =AVERAGE('Datos originales'!$AU249:$AW249) -> 31.030299
A250: =VALUE(MID('Datos originales'!$C250,1,1)) -> 6 | C250: 60402 | D250: 0.13850906 | E250: 0 | F250: 0 | G250: 0 | H250: 0 | I250: 0 | J250: 0 | K250: 0 | L250: 0 | M250: 0 | N250: 0 | O250: 0 | P250: 0 | Q250: 0 | R250: 0 | S250: -0.00099079031 | T250: -0.00085232124 | U250: -0.00072716436 | V250: -0.0006160966 | W250: -0.00051889596 | X250: -0.00043503198 | Y250: -0.00036330134 | Z250: -0.00030243578 | AA250: -0.00025107349 | AB250: -0.00020804439 | AC250: 0.0121511 | AD250: -0.00060506184 | AE250: -0.00030391039 | AF250: 0.0072305073 | AG250: -0.00073781137 | AH250: 0.0021118585 | AI250: =AVERAGE('Datos originales'!$D250:$P250) -> 0.010654543 | AJ250: =AVERAGE('Datos originales'!$S250:$AF250) -> 0.00094339138 | AK250: 804.73765 | AL250: 0 | AM250: 0 | AN250: 0 | AO250: 0 | AP250: 0 | AQ250: 0 | AR250: 0 | AS250: 0 | AT250: 0 | AU250: 0 | AV250: 0 | AW250: 0 | AX250: =AVERAGE('Datos originales'!$AL250:$AN250) -> 0 | AY250: =AVERAGE('Datos originales'!$AU250:$AW250) -> 0
A251: =VALUE(MID('Datos originales'!$C251,1,1)) -> 6 | C251: 60501 | D251: 0.042113416 | E251: 0 | F251: 0 | G251: 0 | H251: 0 | I251: 0.00059048295 | J251: 0.033471738 | K251: 2.6113973 | L251: 0 | M251: 0 | N251: 0.015335251 | O251: 0 | P251: 0.54341307 | Q251: 0 | R251: 0.18624944 | S251: 0.084274932 | T251: 0.32442656 | U251: -0.041820913 | V251: 0.14170914 | W251: 0.043998601 | X251: -0.10272625 | Y251: 0.16165855 | Z251: 0.049868946 | AA251: 0.16594849 | AB251: 0.22810516 | AC251: 0.097818841 | AD251: 0.23940122 | AE251: -0.076934517 | AF251: 1.860048 | AG251: 0.14143826 | AH251: 1.3923752 | AI251: =AVERAGE('Datos originales'!$D251:$P251) -> 0.24971702 | AJ251: =AVERAGE('Datos originales'!$S251:$AF251) -> 0.2268412 | AK251: 959.42785 | AL251: 0 | AM251: 0 | AN251: 0 | AO251: 0 | AP251: 15.048458 | AQ251: 871.13545 | AR251: 69376.991 | AS251: 0 | AT251: 0 | AU251: 432.28539 | AV251: 0 | AW251: 15906.244 | AX251: =AVERAGE('Datos originales'!$AL251:$AN251) -> 0 | AY251: =AVERAGE('Datos originales'!$AU251:$AW251) -> 5446.1765
A252: =VALUE(MID('Datos originales'!$C252,1,1)) -> 6 | C252: 60502 | D252: 0 | E252: 0 | F252: 0 | G252: 0 | H252: 0 | I252: 0.0027795125 | J252: 0 | K252: 1.2832221 | L252: 0 | M252: 0 | N252: 0 | O252: 0 | P252: 0 | Q252: 0 | R252: 0 | S252: -0.0039862159 | T252: 0.0095463558 | U252: -0.0040175435 | V252: 0.00132209 | W252: 0.0051182685 | X252: -0.0036641572 | Y252: -0.0035075819 | Z252: -0.0036634664 | AA252: 0.0021966733 | AB252: -0.0037570543 | AC252: -0.0041889227 | AD252: 0.0070222727 | AE252: -0.0045970818 | AF252: 0.0042037579 | AG252: 0.046380843 | AH252: 0.002215325 | AI252: =AVERAGE('Datos originales'!$D252:$P252) -> 0.098923201 | AJ252: =AVERAGE('Datos originales'!$S252:$AF252) -> -0.00014090038 | AK252: 0 | AL252: 0 | AM252: 0 | AN252: 0 | AO252: 0 | AP252: 30.544063 | AQ252: 0 | AR252: 13677.864 | AS252: 0 | AT252: 0 | AU252: 0 | AV252: 0 | AW252: 0 | AX252: =AVERAGE('Datos originales'!$AL252:$AN252) -> 0 | AY252: =AVERAGE('Datos originales'!$AU252:$AW252) -> 0
A253: =VALUE(MID('Datos originales'!$C253,1,1)) -> 6 | C253: 60601 | D253: 3.1665845 | E253: 0.28639607 | F253: 0.49638484 | G253: 0.75093736 | H253: 0.39723469 | I253: 0.35696233 | J253: 2.4876869 | K253: 2.6409564 | L253: 0.84750195 | M253: 2.4436228 | N253: 3.8861902 | O253: 1.4158239 | P253: 2.9276228 | Q253: 0.51123942 | R253: 2.7432123 | S253: 4.2492614 | T253: 0.72513004 | U253: 0.17154022 | V253: 1.4717491 | W253: 2.4237732 | X253: -0.096100473 | Y253: 3.9316869 | Z253: 6.024052 | AA253: 2.4510504 | AB253: 3.3096194 | AC253: 9.1454572 | AD253: 6.7059567 | AE253: 20.464673 | AF253: 57.546464 | AG253: 0.78636983 | AH253: 28.216019 | AI253: =AVERAGE('Datos originales'!$D253:$P253) -> 1.7003004 | AJ253: =AVERAGE('Datos originales'!$S253:$AF253) -> 8.4660224 | AK253: 69683.86 | AL253: 6278.6611 | AM253: 10841.045 | AN253: 16338.144 | AO253: 8609.6647 | AP253: 7707.5306 | AQ253: 53507.657 | AR253: 56585.131 | AS253: 18088.234 | AT253: 51951.421 | AU253: 82297.85 | AV253: 29866.805 | AW253: 61515.21 | AX253: =AVERAGE('Datos originales'!$AL253:$AN253) -> 11152.617 | AY253: =AVERAGE('Datos originales'!$AU253:$AW253) -> 57893.288
A254: =VALUE(MID('Datos originales'!$C254,1,1)) -> 7 | C254: 70101 | D254: 0.081085567 | E254: 0.18611332 | F254: 0.061913524 | G254: 0.049760465 | H254: 0.019387696 | I254: 0.014366184 | J254: 0.039574515 | K254: 0.01784124 | L254: 0.0085953191 | M254: 0.01459039 | N254: 0.034908489 | O254: 0.027824653 | P254: 0.036908439 | Q254: 0.099262436 | R254: 0.03321386 | S254: 0.067355774 | T254: 0.16398688 | U254: 0.18108687 | V254: 0.13974598 | W254: 0.069925175 | X254: 0.063752719 | Y254: 0.051311983 | Z254: 0.073658188 | AA254: 0.029824235 | AB254: 0.040014676 | AC254: 0.019095655 | AD254: 0.11973736 | AE254: 0.00024690181 | AF254: 0.20213296 | AG254: 0.16166957 | AH254: 0.10739384 | AI254: =AVERAGE('Datos originales'!$D254:$P254) -> 0.045605369 | AJ254: =AVERAGE('Datos originales'!$S254:$AF254) -> 0.087276812 | AK254: 116090.86 | AL254: 268785.97 | AM254: 90189.616 | AN254: 73108.075 | AO254: 28726.711 | AP254: 21465.88 | AQ254: 59626.605 | AR254: 27104.233 | AS254: 13165.339 | AT254: 22530.247 | AU254: 54341.417 | AV254: 43661.861 | AW254: 58377.192 | AX254: =AVERAGE('Datos originales'!$AL254:$AN254) -> 144027.89 | AY254: =AVERAGE('Datos originales'!$AU254:$AW254) -> 52126.823
A255: =VALUE(MID('Datos originales'!$C255,1,1)) -> 7 | C255: 70102 | D255: 0.78103586 | E255: 0.54362099 | F255: 0.19730972 | G255: 0.216289 | H255: 0.77761818 | I255: 0.06453204 | J255: 0.51758471 | K255: 0.26987308 | L255: 0.28833887 | M255: 0.069726043 | N255: 0.02627548 | O255: 0.25954164 | P255: 0.062400854 | Q255: 0.31907324 | R255: 0.11607266 | S255: 0.96459607 | T255: 1.9432498 | U255: 1.1793645 | V255: 1.415874 | W255: 0.82462132 | X255: 1.0130415 | Y255: 0.24009956 | Z255: 0.46074534 | AA255: 0.35204102 | AB255: 0.23097581 | AC255: -0.019966061 | AD255: 0.46182926 | AE255: -0.264287 | AF255: 2.3737019 | AG255: 1.4945419 | AH255: 0.85510434 | AI255: =AVERAGE('Datos originales'!$D255:$P255) -> 0.31339588 | AJ255: =AVERAGE('Datos originales'!$S255:$AF255) -> 0.79827764 | AK255: 25692.175 | AL255: 20732.074 | AM255: 8559.2959 | AN255: 10516.62 | AO255: 41886.403 | AP255: 3814.3598 | AQ255: 33307.094 | AR255: 18781.277 | AS255: 21578.128 | AT255: 5583.5918 | AU255: 2241.8502 | AV255: 23505.129 | AW255: 5978.4386 | AX255: =AVERAGE('Datos originales'!$AL255:$AN255) -> 13269.33 | AY255: =AVERAGE('Datos originales'!$AU255:$AW255) -> 10575.139
A256: =VALUE(MID('Datos originales'!$C256,1,1)) -> 7 | C256: 70103 | D256: 15.85033 | E256: 7.3613408 | F256: 0.41689815 | G256: 1.69209 | H256: 0.55304256 | I256: 1.0051841 | J256: 5.1600984 | K256: 1.1489236 | L256: 0.70195846 | M256: 0.7754606 | N256: 0.91717776 | O256: 0.76812337 | P256: 11.699735 | Q256: 3.1567763 | R256: 4.4616786 | S256: 4.8241269 | T256: 9.0693008 | U256: 24.604079 | V256: 14.646449 | W256: 9.2797569 | X256: 9.6408989 | Y256: 13.221882 | Z256: 9.6226884 | AA256: 6.1811271 | AB256: 3.3538492 | AC256: -0.37661853 | AD256: 28.416493 | AE256: -6.9683801 | AF256: 39.913829 | AG256: 15.882285 | AH256: 20.339127 | AI256: =AVERAGE('Datos originales'!$D256:$P256) -> 3.6961817 | AJ256: =AVERAGE('Datos originales'!$S256:$AF256) -> 11.816392 | AK256: 207655.17 | AL256: 101652.75 | AM256: 6052.1104 | AN256: 25762.07 | AO256: 8812.1801 | AP256: 16728.273 | AQ256: 89527.707 | AR256: 20747.262 | AS256: 13173.654 | AT256: 15102.095 | AU256: 18511.399 | AV256: 16046.865 | AW256: 252714.27 | AX256: =AVERAGE('Datos originales'!$AL256:$AN256) -> 44488.978 | AY256: =AVERAGE('Datos originales'!$AU256:$AW256) -> 95757.51
A257: =VALUE(MID('Datos originales'!$C257,1,1)) -> 7 | C257: 70104 | D257: 7.2821057 | E257: 3.7141827 | F257: 0.40991031 | G257: 0.38936662 | H257: 0.40957084 | I257: 0.53985957 | J257: 0.97159029 | K257: 0.31552489 | L257: 0.16977489 | M257: 0.37217219 | N257: 1.0931952 | O257: 0.59886072 | P257: 1.5836333 | Q257: 1.5044865 | R257: 1.0918964 | S257: 1.204313 | T257: 0.60701108 | U257: 1.2613216 | V257: 1.1266164 | W257: 0.79888362 | X257: 0.3635463 | Y257: 0.72250128 | Z257: 0.49620972 | AA257: 0.19619714 | AB257: 0.54024018 | AC257: 0.28164562 | AD257: 1.8350145 | AE257: -0.14922329 | AF257: 3.1275306 | AG257: 0.99499203 | AH257: 1.6028918 | AI257: =AVERAGE('Datos originales'!$D257:$P257) -> 1.3730575 | AJ257: =AVERAGE('Datos originales'!$S257:$AF257) -> 0.88655769 | AK257: 571652.58 | AL257: 309903.98 | AM257: 36225.824 | AN257: 36332.578 | AO257: 40240.335 | AP257: 55706.49 | AQ257: 105052.23 | AR257: 35673.559 | AS257: 20033.267 | AT257: 45753.361 | AU257: 139790.15 | AV257: 79534.692 | AW257: 218142.32 | AX257: =AVERAGE('Datos originales'!$AL257:$AN257) -> 127487.46 | AY257: =AVERAGE('Datos originales'!$AU257:$AW257) -> 145822.39
A258: =VALUE(MID('Datos originales'!$C258,1,1)) -> 7 | C258: 70105 | D258: 5.5499238 | E258: 2.006122 | F258: 0.29254141 | G258: 0.48168139 | H258: 0.45186078 | I258: 0.38950531 | J258: 1.2193744 | K258: 1.1323928 | L258: 0.49081591 | M258: 0.18809307 | N258: 1.4908661 | O258: 1.6052953 | P258: 18.886002 | Q258: 0.9267816 | R258: 7.3273877 | S258: 1.6182339 | T258: 1.0588748 | U258: 2.6399183 | V258: 2.43083 | W258: 0.97359169 | X258: 0.3446331 | Y258: 1.8934805 | Z258: 4.0806992 | AA258: 0.69272538 | AB258: 0.94843011 | AC258: 0.28941221 | AD258: 7.6453386 | AE258: -1.1978101 | AF258: 6.7430033 | AG258: 2.0155597 | AH258: 4.3707458 | AI258: =AVERAGE('Datos originales'!$D258:$P258) -> 2.6295749 | AJ258: =AVERAGE('Datos originales'!$S258:$AF258) -> 2.1543829 | AK258: 258015.96 | AL258: 94562.573 | AM258: 13979.091 | AN258: 23329.275 | AO258: 22177.779 | AP258: 19369.32 | AQ258: 61427.204 | AR258: 57779.211 | AS258: 25361.44 | AT258: 9840.8413 | AU258: 78966.702 | AV258: 86067.909 | AW258: 1024811.1 | AX258: =AVERAGE('Datos originales'!$AL258:$AN258) -> 43956.98 | AY258: =AVERAGE('Datos originales'!$AU258:$AW258) -> 396615.24
A259: =VALUE(MID('Datos originales'!$C259,1,1)) -> 7 | C259: 70201 | D259: 1.5922838 | E259: 2.0405917 | F259: 0.57638387 | G259: 0.66702689 | H259: 0.42279182 | I259: 0.38379204 | J259: 1.327256 | K259: 0.452713 | L259: 0.43003313 | M259: 0.43256927 | N259: 0.48615541 | O259: 0.53052402 | P259: 0.5260669 | Q259: 1.0946675 | R259: 0.51424878 | S259: 0.36230983 | T259: 2.4716159 | U259: 2.4590465 | V259: 1.4161559 | W259: 0.74543899 | X259: 0.82639482 | Y259: 0.84139907 | Z259: 0.74186363 | AA259: 0.30580114 | AB259: 0.53208892 | AC259: 0.50011838 | AD259: 0.80851116 | AE259: -0.18636752 | AF259: 2.0810254 | AG259: 2.1192211 | AH259: 7.1478054 | AI259: =AVERAGE('Datos originales'!$D259:$P259) -> 0.75909138 | AJ259: =AVERAGE('Datos originales'!$S259:$AF259) -> 0.99324302 | AK259: 140635.28 | AL259: 189338.34 | AM259: 56052.755 | AN259: 67844.639 | AO259: 44889.922 | AP259: 42461.983 | AQ259: 152767.17 | AR259: 54127.724 | AS259: 53335.29 | AT259: 55580.392 | AU259: 64635.334 | AV259: 72901.959 | AW259: 74636.794 | AX259: =AVERAGE('Datos originales'!$AL259:$AN259) -> 104411.91 | AY259: =AVERAGE('Datos originales'!$AU259:$AW259) -> 70724.695
A260: =VALUE(MID('Datos originales'!$C260,1,1)) -> 7 | C260: 70202 | D260: 2.5885993 | E260: 9.6062865 | F260: 2.2305035 | G260: 6.5721025 | H260: 1.2026819 | I260: 0.37941292 | J260: 2.0765122 | K260: 1.1949262 | L260: 3.8775432 | M260: 2.8476513 | N260: 0.91334845 | O260: 2.5230585 | P260: 3.4625905 | Q260: 6.1362975 | R260: 2.2996658 | S260: 2.3155844 | T260: 13.067405 | U260: 11.449257 | V260: 17.522377 | W260: 8.4469037 | X260: 5.5221763 | Y260: 4.4664714 | Z260: 3.8740894 | AA260: 5.7921706 | AB260: 4.450191 | AC260: 0.34665439 | AD260: 4.6781659 | AE260: 2.0843758 | AF260: 25.160459 | AG260: 14.013357 | AH260: 10.641 | AI260: =AVERAGE('Datos originales'!$D260:$P260) -> 3.0365551 | AJ260: =AVERAGE('Datos originales'!$S260:$AF260) -> 7.7983058 | AK260: 33162.546 | AL260: 121490.71 | AM260: 27841.144 | AN260: 80955.158 | AO260: 14616.193 | AP260: 4548.7816 | AQ260: 24552.68 | AR260: 13932.84 | AS260: 44572.359 | AT260: 32266.737 | AU260: 10198.449 | AV260: 27758.69 | AW260: 37524.093 | AX260: =AVERAGE('Datos originales'!$AL260:$AN260) -> 76762.336 | AY260: =AVERAGE('Datos originales'!$AU260:$AW260) -> 25160.411
... A344: =VALUE(MID('Datos originales'!$C344,1,1)) -> 9 | C344: 90503 | D344: 1.7581226 | E344: 1.229077 | F344: 1.0624889 | G344: 0.87597156 | H344: 0.8498093 | I344: 1.0703593 | J344: 0.81564826 | K344: 0.86415394 | L344: 0.1034233 | M344: 2.7828972 | N344: 2.3609641 | O344: 1.6497838 | P344: 0.84696691 | Q344: 1.0558458 | R344: 1.6192383 | S344: 0.7381996 | T344: 18.952082 | U344: 9.3586084 | V344: 4.7419107 | W344: 16.590035 | X344: -0.62916142 | Y344: 3.0494036 | Z344: 9.6575197 | AA344: 0.80361968 | AB344: -1.298075 | AC344: 25.051212 | AD344: 21.537197 | AE344: -2.7784571 | AF344: 10.638375 | AG344: 10.559463 | AH344: 9.1914263 | AI344: =AVERAGE('Datos originales'!$D344:$P344) -> 1.2515128 | AJ344: =AVERAGE('Datos originales'!$S344:$AF344) -> 8.3151764 | AK344: 2396.3211 | AL344: 1746.5185 | AM344: 1572.4836 | AN344: 1348.1202 | AO344: 1357.1454 | AP344: 1772.515 | AQ344: 1398.8368 | AR344: 1532.1449 | AS344: 189.47148 | AT344: 5262.4586 | AU344: 4601.5191 | AV344: 3312.7659 | AW344: 1750.6806 | AX344: =AVERAGE('Datos originales'!$AL344:$AN344) -> 1555.7074 | AY344: =AVERAGE('Datos originales'!$AU344:$AW344) -> 3221.6552

Sheet Datos departamentales
A3: Etiquetas de fila | B3: Suma de Emisiones por degradación tCO2 2010 | C3: Suma de Emisiones por degradación tCO2 2011 | D3: Suma de Emisiones por degradación tCO2 2012 | E3: Suma de Emisiones por degradación tCO2 2013 | F3: Suma de Emisiones por degradación tCO2 2014 | G3: Suma de Emisiones por degradación tCO2 2015 | H3: Suma de Emisiones por degradación tCO2 2016 | I3: Suma de Emisiones por degradación tCO2 2017 | J3: Suma de Emisiones por degradación tCO2 2018 | K3: Suma de Emisiones por degradación tCO2 2019 | L3: Suma de Emisiones por degradación tCO2 2020 | M3: Suma de Emisiones por degradación tCO2 2021 | N3: Suma de Emisiones por degradación tCO2 2022
A4: 1 | B4: 1024707 | C4: 348334.9 | D4: 95234.167 | E4: 207447.01 | F4: 58592.626 | G4: 24042.847 | H4: 87486.529 | I4: 80801.429 | J4: 64711.872 | K4: 112219.62 | L4: 1552187.1 | M4: 147823.39 | N4: 1519449.6
A5: 2 | B5: 22130420 | C5: 988971.5 | D5: 3832176.8 | E5: 1531899.2 | F5: 1587123.9 | G5: 1570122.3 | H5: 7651065.1 | I5: 2941177.6 | J5: 1752392.7 | K5: 5072928.9 | L5: 5870854.3 | M5: 4435841.2 | N5: 3808562.6
A6: 3 | B6: 2945617.3 | C6: 1025255.4 | D6: 599877.21 | E6: 443724.23 | F6: 800907.51 | G6: 252764.68 | H6: 1228931.8 | I6: 511267.85 | J6: 602020.12 | K6: 1049821.3 | L6: 1054133.9 | M6: 574013.26 | N6: 1837189.1
A7: 4 | B7: 7586.5462 | C7: 9825.3466 | D7: 2868.8 | E7: 3463.0827 | F7: 4110.5554 | G7: 52764.784 | H7: 0 | I7: 0 | J7: 4173.3127 | K7: 6536.8806 | L7: 41560.46 | M7: 34315.427 | N7: 25788.886
A8: 5 | B8: 1039.6035 | C8: 0 | D8: 1482.5168 | E8: 86.353429 | F8: 6322.8845 | G8: 4977.2595 | H8: 1724.1207 | I8: 0 | J8: 4433.172 | K8: 0 | L8: 11674.843 | M8: 14927.287 | N8: 22278.282
A9: 6 | B9: 1611707.1 | C9: 748348.09 | D9: 721765.13 | E9: 1123837.6 | F9: 339063.99 | G9: 136725.96 | H9: 292216.85 | I9: 367661.78 | J9: 733443.83 | K9: 296446.16 | L9: 1049342.2 | M9: 1420165.8 | N9: 2093288.1
A10: 7 | B10: 1.9302125e+08 | C10: 59627927 | D10: 36286475 | E10: 19675780 | F10: 20090367 | G10: 42782829 | H10: 78635719 | I10: 53391103 | J10: 55081129 | K10: 2.1594134e+08 | L10: 1.2238702e+08 | M10: 1.4490394e+08 | N10: 1.2038842e+08
A11: 8 | B11: 94238950 | C11: 27638000 | D11: 18362423 | E11: 12789314 | F11: 7247460.3 | G11: 15850290 | H11: 30516994 | I11: 21561585 | J11: 12639519 | K11: 23092373 | L11: 36348415 | M11: 29905036 | N11: 42022044
A12: 9 | B12: 6370104.7 | C12: 998591.28 | D12: 737565.25 | E12: 770841.35 | F12: 212505.57 | G12: 655241.37 | H12: 1136172 | I12: 807654.09 | J12: 549606.9 | K12: 527994.19 | L12: 1000020 | M12: 733368.68 | N12: 1463571.9
A13: Total general | B13: 3.2135139e+08 | C13: 91385254 | D13: 60639867 | E13: 36546393 | F13: 30346454 | G13: 61329758 | H13: 1.1955031e+08 | I13: 79661251 | J13: 71431429 | K13: 2.4609966e+08 | L13: 1.6931521e+08 | M13: 1.8216943e+08 | N13: 1.731806e+08
A16: Etiquetas de fila | B16: Suma de Emisiones por degradación tCO2 2010 | C16: Suma de Emisiones por degradación tCO2 2011 | D16: Suma de Emisiones por degradación tCO2 2012 | E16: Suma de Emisiones por degradación tCO2 2013 | F16: Suma de Emisiones por degradación tCO2 2014 | G16: Suma de Emisiones por degradación tCO2 2015 | H16: Suma de Emisiones por degradación tCO2 2016 | I16: Suma de Emisiones por degradación tCO2 2017 | J16: Suma de Emisiones por degradación tCO2 2018 | K16: Suma de Emisiones por degradación tCO2 2019 | L16: Suma de Emisiones por degradación tCO2 2020 | M16: Suma de Emisiones por degradación tCO2 2021 | N16: Suma de Emisiones por degradación tCO2 2022
A17: (en blanco) | B17: 3.1988677e+08 | C17: 90652843 | D17: 59975093 | E17: 36124857 | F17: 30020692 | G17: 61221963 | H17: 1.1935153e+08 | I17: 79497631 | J17: 70740264 | K17: 2.4587446e+08 | L17: 1.6856893e+08 | M17: 1.8078997e+08 | N17: 1.7190399e+08
A18: Gran Chaco | B18: 1464614.1 | C18: 732410.56 | D18: 664774.65 | E18: 421535.88 | F18: 325762.68 | G18: 107794.89 | H18: 198778.66 | I18: 163619.37 | J18: 691165.21 | K18: 225192.97 | L18: 746275.31 | M18: 1379458.1 | N18: 1276606.2
A19: Total general | B19: 3.2135139e+08 | C19: 91385254 | D19: 60639867 | E19: 36546393 | F19: 30346454 | G19: 61329758 | H19: 1.1955031e+08 | I19: 79661251 | J19: 71431429 | K19: 2.4609966e+08 | L19: 1.6931521e+08 | M19: 1.8216943e+08 | N19: 1.731806e+08
A22: Etiquetas de fila | B22: Depto | C22: Suma de Emisiones por degradación tCO2 2011 | D22: Suma de Emisiones por degradación tCO2 2012 | E22: Suma de Emisiones por degradación tCO2 2013 | F22: Suma de Emisiones por degradación tCO2 2020 | G22: Suma de Emisiones por degradación tCO2 2021 | H22: Suma de Emisiones por degradación tCO2 2022 | I22: Pob 2011 | J22: Pob 2012 | K22: Pob 2013 | L22: Pob 2020 | M22: Pob 2021 | N22: Pob 2022 | O22: Emision per capita 2011 | P22: Emision per capita 2012 | Q22: Emision per capita 2013 | R22: Emision per capita 2020 | S22: Emision per capita 2021 | T22: Emision per capita 2022
A23: 1 | B23: Chuquisaca | C23: 348334.9 | D23: 95234.167 | E23: 207447.01 | F23: 1552187.1 | G23: 147823.39 | H23: 1519449.6 | I23: 576430 | J23: 580923 | K23: 583015 | L23: 597661 | M23: 599754 | N23: 601847 | O23: 0.60429696 | P23: 0.16393595 | Q23: 0.35581762 | R23: 2.5971029 | S23: 0.24647337 | T23: 2.5246443
A24: 2 | B24: La Paz | C24: 988971.5 | D24: 3832176.8 | E24: 1531899.2 | F24: 5870854.3 | G24: 4435841.2 | H24: 3808562.6 | I24: 2685759 | J24: 2719344 | K24: 2745311 | L24: 2927065 | M24: 2953033 | N24: 2978991 | O24: 0.36822794 | P24: 1.4092284 | Q24: 0.55800572 | R24: 2.0057137 | S24: 1.5021306 | T24: 1.278474
A25: 3 | B25: Cochabamba | C25: 1025255.4 | D25: 599877.21 | E25: 443724.23 | F25: 1054133.9 | G25: 574013.26 | H25: 1837189.1 | I25: 1734848 | J25: 1762761 | K25: 1783895 | L25: 1931825 | M25: 1952963 | N25: 1974094 | O25: 0.59097709 | P25: 0.34030547 | Q25: 0.24873899 | R25: 0.54566739 | S25: 0.29391917 | T25: 0.93064925
A26: 4 | B26: Oruro | C26: 9825.3466 | D26: 2868.8 | E26: 3463.0827 | F26: 41560.46 | G26: 34315.427 | H26: 25788.886 | I26: 485303 | J26: 494587 | K26: 500995 | L26: 545842 | M26: 552255 | N26: 558660 | O26: 0.020245798 | P26: 0.0058003951 | Q26: 0.0069124097 | R26: 0.076140092 | S26: 0.062136924 | T26: 0.046162041
A27: 5 | B27: Potosí | C27: 0 | D27: 1482.5168 | E27: 86.353429 | F27: 11674.843 | G27: 14927.287 | H27: 22278.282 | I27: 817655 | J27: 828517 | K27: 831252 | L27: 850367 | M27: 853105 | N27: 855830 | O27: 0 | P27: 0.0017893619 | Q27: 0.00010388357 | R27: 0.013729181 | S27: 0.017497597 | T27: 0.0260312
A28: 6 | B28: Tarija | C28: 748348.09 | D28: 721765.13 | E28: 1123837.6 | F28: 1049342.2 | G28: 1420165.8 | H28: 2093288.1 | I28: 475127 | J28: 483518 | K28: 487741 | L28: 517312 | M28: 521539 | N28: 525763 | O28: 1.5750486 | P28: 1.4927368 | Q28: 2.3041689 | R28: 2.0284513 | S28: 2.723029 | T28: 3.9814292
A29: 7 | B29: Santa Cruz | C29: 59627927 | D29: 36286475 | E29: 19675780 | F29: 1.2238702e+08 | G29: 1.4490394e+08 | H29: 1.2038842e+08 | I29: 2600648 | J29: 2657762 | K29: 2696500 | L29: 2967659 | M29: 3006402 | N29: 3045140 | O29: 22.928104 | P29: 13.653019 | Q29: 7.2967846 | R29: 41.240257 | S29: 48.198458 | T29: 39.534611
A30: 8 | B30: Beni | C30: 27638000 | D30: 18362423 | E30: 12789314 | F30: 36348415 | G30: 29905036 | H30: 42022044 | I30: 416600 | J30: 422008 | K30: 427530 | L30: 466175 | M30: 471699 | N30: 477220 | O30: 66.341815 | P30: 43.512025 | Q30: 29.914425 | R30: 77.97161 | S30: 63.398556 | T30: 88.055914
A31: 9 | B31: Pando | C31: 998591.28 | D31: 737565.25 | E31: 770841.35 | F31: 1000020 | G31: 733368.68 | H31: 1463571.9 | I31: 105171 | J31: 110436 | K31: 112417 | L31: 126274 | M31: 128257 | N31: 130236 | O31: 9.49493 | P31: 6.6786669 | Q31: 6.8569821 | R31: 7.9194452 | S31: 5.7179622 | T31: 11.237844
A32: Total general | B32: Total general | C32: 91385254 | D32: 60639867 | E32: 36546393 | F32: 1.6931521e+08 | G32: 1.8216943e+08 | H32: 1.731806e+08 | I32: 9897541 | J32: 10059856 | K32: 10168656 | L32: 10930180 | M32: 11039007 | N32: 11147781 | O32: 9.2331271 | P32: 6.0279061 | Q32: 3.5940239 | R32: 15.490615 | S32: 16.502338 | T32: 15.534984

Sheet Indicador_MUN
A1: COD | B1: Municipio | C1: Emisiones degradacion tCO2 per capita 2012 (promedio 2011-2013) | D1: Emisiones degradacion tCO2 per capita 2022 (promedio 2020-2022)
A2: 10101 | B2: Sucre | C2: 0 | D2: 0.0016306596
A3: 10102 | B3: Yotala | C3: 0 | D3: 0.065309193
A4: 10103 | B4: Poroma | C4: 0 | D4: 0.039179312
A5: 10201 | B5: Villa Azurduy | C5: 0.78544353 | D5: 2.7442009
A6: 10202 | B6: Tarvita | C6: 0.002473979 | D6: 0.073464716
A7: 10301 | B7: Zudañez | C7: 0 | D7: 0
A8: 10302 | B8: Presto | C8: 0 | D8: 0.66820644
A9: 10303 | B9: Villa Mojocoya | C9: 0 | D9: 0
A10: 10304 | B10: Icla | C10: 0 | D10: 0
A11: 10401 | B11: Padilla | C11: 0.4345237 | D11: 3.2310149
A12: 10402 | B12: Tomina | C12: 0 | D12: 0
A13: 10403 | B13: Sopachuy | C13: 0 | D13: 0.0026171685
... A344: 90503 | B344: Santos Mercado | C344: 1.0558458 | D344: 1.6192383

Sheet Absoluto_MUN
A1: COD | B1: Municipio | C1: Promedio anual emisiones por degradación 2011-2013 (tCO2/año) | D1: Promedio anual emisiones por degradación 2020-2022 (tCO2/año)
A2: 10101 | B2: Sucre | C2: 0 | D2: 468.95162
A3: 10102 | B3: Yotala | C3: 0 | D3: 605.93869
A4: 10103 | B4: Poroma | C4: 0 | D4: 552.42829
A5: 10201 | B5: Villa Azurduy | C5: 8348.3148 | D5: 23683.087
A6: 10202 | B6: Tarvita | C6: 32.419861 | D6: 1144.5409
A7: 10301 | B7: Zudañez | C7: 0 | D7: 0
A8: 10302 | B8: Presto | C8: 0 | D8: 8059.1584
A9: 10303 | B9: Villa Mojocoya | C9: 0 | D9: 0
A10: 10304 | B10: Icla | C10: 0 | D10: 0
A11: 10401 | B11: Padilla | C11: 4608.3438 | D11: 27375.748
A12: 10402 | B12: Tomina | C12: 0 | D12: 0
A13: 10403 | B13: Sopachuy | C13: 0 | D13: 18.07502
... A344: 90503 | B344: Santos Mercado | C344: 1555.7074 | D344: 3221.6552

Sheet Indicador_DEP
A1: id_departamento | B1: Departamento | C1: Emisiones degradacion tCO2 per capita 2012 (promedio 2011-2013) | D1: Emisiones degradacion tCO2 per capita 2022 (promedio 2020-2022)
A2: 1 | B2: Chuquisaca | C2: 0.37468351 | D2: 1.7894069
A3: 2 | B3: La Paz | C3: 0.77848735 | D3: 1.5954394
A4: 3 | B4: Cochabamba | C4: 0.39334051 | D4: 0.5900786
A5: 4 | B5: Oruro | C5: 0.010986201 | D5: 0.061479686
A6: 5 | B6: Potosí | C6: 0.00063108184 | D6: 0.019085993
A7: 6 | B7: Tarija | C7: 1.7906514 | D7: 2.9109698
A8: 7 | B8: Santa Cruz | C8: 14.625969 | D8: 42.991108
A9: 8 | B9: Beni | C9: 46.589422 | D9: 76.47536
A10: 9 | B10: Pando | C10: 7.6768596 | D10: 8.2917505
A11: 10 | B11: Gran Chaco | C11: 4.1368379 | D11: 7.2482327
A12: 11 | B12: Bolivia | C12: 6.285019 | D12: 15.842646

Sheet Absoluto_DEP
A1: id_departamento | B1: Departamento | C1: Promedio anual emisiones por degradación 2011-2013 (tCO2/año) | D1: Promedio anual emisiones por degradación 2020-2022 (tCO2/año)
A2: 1 | B2: Chuquisaca | C2: 217005.36 | D2: 1073153.4
A3: 2 | B3: La Paz | C3: 2117682.5 | D3: 4705086
A4: 3 | B4: Cochabamba | C4: 689618.95 | D4: 1155112.1
A5: 4 | B5: Oruro | C5: 5385.7431 | D5: 33888.258
A6: 5 | B6: Potosí | C6: 522.95674 | D6: 16293.471
A7: 6 | B7: Tarija | C7: 864650.28 | D7: 1520932
A8: 7 | B8: Santa Cruz | C8: 38530061 | D8: 1.2922646e+08
A9: 8 | B9: Beni | C9: 19596579 | D9: 36091831
A10: 9 | B10: Pando | C10: 835665.96 | D10: 1065653.5
A11: 10 | B11: Gran Chaco | C11: 606240.36 | D11: 1134113.2
A12: 11 | B12: Bolivia | C12: 62857171 | D12: 1.7488841e+08

Sheet Umbral
A1: ODS | B1: Indicador | C1: Meta Alcanzada max | D1: Meta Alcanzada min | E1: Próximo a Alcanzarse max | F1: Próximo a Alcanzarse min | G1: Quedan Retos Importantes max | H1: Quedan Retos Importantes min | I1: Quedan Retos Grandes max | J1: Quedan Retos Grandes min | K1: Criterio Umbral Verde
A2: 13 | B2: Emisiones totales de CO2 por degradación por incendios per cápita | C2: 0 | D2: 2 | E2: 2 | F2: 3 | G2: 3 | H2: 4 | I2: 4 | J2: 1300 | K2: SDG Index Global

Sheet Gráficos
A1: Categoría | B1: 2012 | C1: 2024
A2: ODS alcanzado | B2: 261 | C2: 243
A3: Próximo a alcanzarse | B3: 9 | C3: 11
A4: Quedan retos importantes | B4: 8 | C4: 6
A5: Quedan retos grandes | B5: 65 | C5: 83

Sheet Mapa
