Workbook

Sheet Datos_originales
A1: Etiquetas de fila | B1: Departamento | C1: Municipio | D1: Sin bosque 2011 | E1: Forest cover 2011 | F1: Deforestación promedio 2012-2014 | G1: Deforestación promedio 2022-2024 | H1: Deforestation 2012 | I1: Deforestation 2013 | J1: Deforestation 2014 | K1: Deforestation 2015 | L1: Deforestation 2016 | M1: Deforestation 2017 | N1: Deforestation 2018 | O1: Deforestation 2019 | P1: Deforestation 2020 | Q1: Deforestation 2021 | R1: Deforestation 2022 | S1: Deforestation 2023 | T1: Deforestation 2024 | U1: Forest Loss 2012 | V1: Forest Loss 2013 | W1: Forest Loss 2014 | X1: Forest Loss 2015 | Y1: Forest Loss 2016 | Z1: Forest Loss 2017 | AA1: Forest Loss 2018 | AB1: Forest Loss 2019 | AC1: Forest Loss 2020 | AD1: Forest Loss 2021 | AE1: Forest Loss 2022 | AF1: Forest Loss 2023 | AG1: Forest Loss 2024 | AH1: Tasa deforestación 2012 | AI1: Tasa deforestación 2013 | AJ1: Tasa deforestación 2014 | AK1: Tasa deforestación 2015 | AL1: Tasa deforestación 2016 | AM1: Tasa deforestación 2017 | AN1: Tasa deforestación 2018 | AO1: Tasa deforestación 2019 | AP1: Tasa deforestación 2020 | AQ1: Tasa deforestación 2021 | AR1: Tasa deforestación 2022 | AS1: Tasa deforestación 2023 | AT1: Tasa deforestación 2024 | AU1: Tasa de pérdida de bosque 2012 | AV1: Tasa de pérdida de bosque 2013 | AW1: Tasa de pérdida de bosque 2014 | AX1: Tasa de pérdida de bosque 2015 | AY1: Tasa de pérdida de bosque 2016 | AZ1: Tasa de pérdida de bosque 2017 | BA1: Tasa de pérdida de bosque 2018 | BB1: Tasa de pérdida de bosque 2019 | BC1: Tasa de pérdida de bosque 2020 | BD1: Tasa de pérdida de bosque 2021 | BE1: Tasa de pérdida de bosque 2022 | BF1: Tasa de pérdida de bosque 2023 | BG1: Tasa de pérdida de bosque 2024
A2: 10101 | B2: Chuquisaca | C2: Sucre | D2: =IF(Table_1[[#This Row],[Forest cover 2011]]<1000,"Bosque menor a 1000 ha",Table_1[[#This Row],[Forest cover 2011]]) -> 17890.56 | E2: 17890.56 | F2: =AVERAGE(Datos_originales!$H58:$J58) -> 51.45 | G2: =AVERAGE(Datos_originales!$R58:$T58) -> 131.46 | H2: 0.72 | I2: 1.98 | J2: 2.79 | K2: 1.26 | L2: 3.15 | M2: 2.7 | N2: 1.08 | O2: 0.45 | P2: 1.8 | Q2: 0.72 | R2: 0.09 | S2: 28.8 | T2: 20.07 | U2: 34.56 | V2: 19.53 | W2: 233.73 | X2: 5.58 | Y2: 7.2 | Z2: 11.7 | AA2: 14.4 | AB2: 7.65 | AC2: 41.22 | AD2: 3.87 | AE2: 1.08 | AF2: 44.64 | AG2: 527.58 | AH2: =Datos_originales!$H58/Datos_originales!$E58 -> 0.00087309196 | AI2: =Datos_originales!$I58/Datos_originales!$E58 -> 0.00089021141 | AJ2: =Datos_originales!$J58/Datos_originales!$E58 -> 0.00090577455 | AK2: =Datos_originales!$K58/Datos_originales!$E58 -> 0.00051358351 | AL2: =Datos_originales!$L58/Datos_originales!$E58 -> 0.00069722852 | AM2: =Datos_originales!$M58/Datos_originales!$E58 -> 0.00033616375 | AN2: =Datos_originales!$N58/Datos_originales!$E58 -> 0.00081083941 | AO2: =Datos_originales!$O58/Datos_originales!$E58 -> 0.0003875221 | AP2: =Datos_originales!$P58/Datos_originales!$E58 -> 0.0012388257 | AQ2: =Datos_originales!$Q58/Datos_originales!$E58 -> 0.00015407505 | AR2: =Datos_originales!$R58/Datos_originales!$E58 -> 0.00039063473 | AS2: =Datos_originales!$S58/Datos_originales!$E58 -> 0.0035483951 | AT2: =Datos_originales!$T58/Datos_originales!$E58 -> 0.0028807366 | AU2: =Datos_originales!$U58/Datos_originales!$E58 -> 0.0057178964 | AV2: =Datos_originales!$V58/Datos_originales!$E58 -> 0.0022691053 | AW2: =Datos_originales!$W58/Datos_originales!$E58 -> 0.0032713713 | AX2: =Datos_originales!$X58/Datos_originales!$E58 -> 0.0014411464 | AY2: =Datos_originales!$Y58/Datos_originales!$E58 -> 0.0011843547 | AZ2: =Datos_originales!$Z58/Datos_originales!$E58 -> 0.00053070296 | BA2: =Datos_originales!$AA58/Datos_originales!$E58 -> 0.0012575014 | BB2: =Datos_originales!$AB58/Datos_originales!$E58 -> 0.0038814463 | BC2: =Datos_originales!$AC58/Datos_originales!$E58 -> 0.0018146617 | BD2: =Datos_originales!$AD58/Datos_originales!$E58 -> 0.00058984287 | BE2: =Datos_originales!$AE58/Datos_originales!$E58 -> 0.00056649817 | BF2: =Datos_originales!$AF58/Datos_originales!$E58 -> 0.0041475759 | BG2: =Datos_originales!$AG58/Datos_originales!$E58 -> 0.016377089
A3: 10102 | B3: Chuquisaca | C3: Yotala | D3: =IF(Table_1[[#This Row],[Forest cover 2011]]<1000,"Bosque menor a 1000 ha",Table_1[[#This Row],[Forest cover 2011]]) -> 1252.89 | E3: 1252.89 | F3: =AVERAGE(Datos_originales!$H128:$J128) -> 0.03 | G3: =AVERAGE(Datos_originales!$R128:$T128) -> 0.75 | H3: 1.26 | I3: 0.99 | J3: 1.35 | K3: 1.71 | L3: 1.62 | M3: 1.17 | N3: 0.45 | O3: 1.8 | P3: 0.81 | Q3: 0.63 | R3: 0 | S3: 2.07 | T3: 4.68 | U3: 3.69 | V3: 3.96 | W3: 24.03 | X3: 2.7 | Y3: 2.61 | Z3: 1.44 | AA3: 1.08 | AB3: 2.34 | AC3: 1.17 | AD3: 1.62 | AE3: 0.18 | AF3: 2.52 | AG3: 8.73 | AH3: =Datos_originales!$H128/Datos_originales!$E128 -> 0 | AI3: =Datos_originales!$I128/Datos_originales!$E128 -> 0.00068870523 | AJ3: =Datos_originales!$J128/Datos_originales!$E128 -> 0 | AK3: =Datos_originales!$K128/Datos_originales!$E128 -> 0 | AL3: =Datos_originales!$L128/Datos_originales!$E128 -> 0 | AM3: =Datos_originales!$M128/Datos_originales!$E128 -> 0 | AN3: =Datos_originales!$N128/Datos_originales!$E128 -> 0 | AO3: =Datos_originales!$O128/Datos_originales!$E128 -> 0 | AP3: =Datos_originales!$P128/Datos_originales!$E128 -> 0 | AQ3: =Datos_originales!$Q128/Datos_originales!$E128 -> 0.0061983471 | AR3: =Datos_originales!$R128/Datos_originales!$E128 -> 0.0061983471 | AS3: =Datos_originales!$S128/Datos_originales!$E128 -> 0.010330579 | AT3: =Datos_originales!$T128/Datos_originales!$E128 -> 0.00068870523 | AU3: =Datos_originales!$U128/Datos_originales!$E128 -> 0.0061983471 | AV3: =Datos_originales!$V128/Datos_originales!$E128 -> 0.0048209366 | AW3: =Datos_originales!$W128/Datos_originales!$E128 -> 0.013774105 | AX3: =Datos_originales!$X128/Datos_originales!$E128 -> 0.0013774105 | AY3: =Datos_originales!$Y128/Datos_originales!$E128 -> 0.0055096419 | AZ3: =Datos_originales!$Z128/Datos_originales!$E128 -> 0.034435262 | BA3: =Datos_originales!$AA128/Datos_originales!$E128 -> 0.074380165 | BB3: =Datos_originales!$AB128/Datos_originales!$E128 -> 0.035123967 | BC3: =Datos_originales!$AC128/Datos_originales!$E128 -> 0.0061983471 | BD3: =Datos_originales!$AD128/Datos_originales!$E128 -> 0.0075757576 | BE3: =Datos_originales!$AE128/Datos_originales!$E128 -> 0.0068870523 | BF3: =Datos_originales!$AF128/Datos_originales!$E128 -> 0.07369146 | BG3: =Datos_originales!$AG128/Datos_originales!$E128 -> 0.0013774105
A4: 10103 | B4: Chuquisaca | C4: Poroma | D4: =IF(Table_1[[#This Row],[Forest cover 2011]]<1000,"Bosque menor a 1000 ha",Table_1[[#This Row],[Forest cover 2011]]) -> 26070.66 | E4: 26070.66 | F4: =AVERAGE(Datos_originales!$H229:$J229) -> 0 | G4: =AVERAGE(Datos_originales!$R229:$T229) -> 0 | H4: 0.45 | I4: 0 | J4: 0.09 | K4: 0 | L4: 1.44 | M4: 0 | N4: 0.18 | O4: 0.9 | P4: 0.54 | Q4: 0 | R4: 0.09 | S4: 7.11 | T4: 0.54 | U4: 53.46 | V4: 32.49 | W4: 270 | X4: 10.71 | Y4: 8.73 | Z4: 11.07 | AA4: 16.56 | AB4: 41.94 | AC4: 103.59 | AD4: 0.72 | AE4: 1.98 | AF4: 67.23 | AG4: 3.51 | AH4: =Datos_originales!$H229/Datos_originales!$E229 -> #DIV/0! | AI4: =Datos_originales!$I229/Datos_originales!$E229 -> #DIV/0! | AJ4: =Datos_originales!$J229/Datos_originales!$E229 -> #DIV/0! | AK4: =Datos_originales!$K229/Datos_originales!$E229 -> #DIV/0! | AL4: =Datos_originales!$L229/Datos_originales!$E229 -> #DIV/0! | AM4: =Datos_originales!$M229/Datos_originales!$E229 -> #DIV/0! | AN4: =Datos_originales!$N229/Datos_originales!$E229 -> #DIV/0! | AO4: =Datos_originales!$O229/Datos_originales!$E229 -> #DIV/0! | AP4: =Datos_originales!$P229/Datos_originales!$E229 -> #DIV/0! | AQ4: =Datos_originales!$Q229/Datos_originales!$E229 -> #DIV/0! | AR4: =Datos_originales!$R229/Datos_originales!$E229 -> #DIV/0! | AS4: =Datos_originales!$S229/Datos_originales!$E229 -> #DIV/0! | AT4: =Datos_originales!$T229/Datos_originales!$E229 -> #DIV/0! | AU4: =Datos_originales!$U229/Datos_originales!$E229 -> #DIV/0! | AV4: =Datos_originales!$V229/Datos_originales!$E229 -> #DIV/0! | AW4: =Datos_originales!$W229/Datos_originales!$E229 -> #DIV/0! | AX4: =Datos_originales!$X229/Datos_originales!$E229 -> #DIV/0! | AY4: =Datos_originales!$Y229/Datos_originales!$E229 -> #DIV/0! | AZ4: =Datos_originales!$Z229/Datos_originales!$E229 -> #DIV/0! | BA4: =Datos_originales!$AA229/Datos_originales!$E229 -> #DIV/0! | BB4: =Datos_originales!$AB229/Datos_originales!$E229 -> #DIV/0! | BC4: =Datos_originales!$AC229/Datos_originales!$E229 -> #DIV/0! | BD4: =Datos_originales!$AD229/Datos_originales!$E229 -> #DIV/0! | BE4: =Datos_originales!$AE229/Datos_originales!$E229 -> #DIV/0! | BF4: =Datos_originales!$AF229/Datos_originales!$E229 -> #DIV/0! | BG4: =Datos_originales!$AG229/Datos_originales!$E229 -> #DIV/0!
A5: 10201 | B5: Chuquisaca | C5: Azurduy | D5: =IF(Table_1[[#This Row],[Forest cover 2011]]<1000,"Bosque menor a 1000 ha",Table_1[[#This Row],[Forest cover 2011]]) -> 93727.26 | E5: 93727.26 | F5: =AVERAGE(Datos_originales!$H178:$J178) -> 0 | G5: =AVERAGE(Datos_originales!$R178:$T178) -> 0 | H5: 24.84 | I5: 57.96 | J5: 103.59 | K5: 61.38 | L5: 77.22 | M5: 143.91 | N5: 105.66 | O5: 82.35 | P5: 128.79 | Q5: 47.25 | R5: 95.58 | S5: 512.64 | T5: 244.62 | U5: 43.74 | V5: 80.46 | W5: 544.41 | X5: 75.87 | Y5: 89.91 | Z5: 153.18 | AA5: 116.28 | AB5: 104.58 | AC5: 143.01 | AD5: 63.45 | AE5: 174.51 | AF5: 572.31 | AG5: 252.36 | AH5: =Datos_originales!$H178/Datos_originales!$E178 -> #DIV/0! | AI5: =Datos_originales!$I178/Datos_originales!$E178 -> #DIV/0! | AJ5: =Datos_originales!$J178/Datos_originales!$E178 -> #DIV/0! | AK5: =Datos_originales!$K178/Datos_originales!$E178 -> #DIV/0! | AL5: =Datos_originales!$L178/Datos_originales!$E178 -> #DIV/0! | AM5: =Datos_originales!$M178/Datos_originales!$E178 -> #DIV/0! | AN5: =Datos_originales!$N178/Datos_originales!$E178 -> #DIV/0! | AO5: =Datos_originales!$O178/Datos_originales!$E178 -> #DIV/0! | AP5: =Datos_originales!$P178/Datos_originales!$E178 -> #DIV/0! | AQ5: =Datos_originales!$Q178/Datos_originales!$E178 -> #DIV/0! | AR5: =Datos_originales!$R178/Datos_originales!$E178 -> #DIV/0! | AS5: =Datos_originales!$S178/Datos_originales!$E178 -> #DIV/0! | AT5: =Datos_originales!$T178/Datos_originales!$E178 -> #DIV/0! | AU5: =Datos_originales!$U178/Datos_originales!$E178 -> #DIV/0! | AV5: =Datos_originales!$V178/Datos_originales!$E178 -> #DIV/0! | AW5: =Datos_originales!$W178/Datos_originales!$E178 -> #DIV/0! | AX5: =Datos_originales!$X178/Datos_originales!$E178 -> #DIV/0! | AY5: =Datos_originales!$Y178/Datos_originales!$E178 -> #DIV/0! | AZ5: =Datos_originales!$Z178/Datos_originales!$E178 -> #DIV/0! | BA5: =Datos_originales!$AA178/Datos_originales!$E178 -> #DIV/0! | BB5: =Datos_originales!$AB178/Datos_originales!$E178 -> #DIV/0! | BC5: =Datos_originales!$AC178/Datos_originales!$E178 -> #DIV/0! | BD5: =Datos_originales!$AD178/Datos_originales!$E178 -> #DIV/0! | BE5: =Datos_originales!$AE178/Datos_originales!$E178 -> #DIV/0! | BF5: =Datos_originales!$AF178/Datos_originales!$E178 -> #DIV/0! | BG5: =Datos_originales!$AG178/Datos_originales!$E178 -> #DIV/0!
A6: 10202 | B6: Chuquisaca | C6: Tarvita | D6: =IF(Table_1[[#This Row],[Forest cover 2011]]<1000,"Bosque menor a 1000 ha",Table_1[[#This Row],[Forest cover 2011]]) -> 39639.24 | E6: 39639.24 | F6: =AVERAGE(Datos_originales!$H208:$J208) -> 0 | G6: =AVERAGE(Datos_originales!$R208:$T208) -> 0 | H6: 6.75 | I6: 17.91 | J6: 21.33 | K6: 18.36 | L6: 12.06 | M6: 34.02 | N6: 23.31 | O6: 47.16 | P6: 38.52 | Q6: 23.94 | R6: 3.78 | S6: 130.59 | T6: 43.56 | U6: 20.52 | V6: 43.11 | W6: 417.69 | X6: 44.1 | Y6: 27.72 | Z6: 41.13 | AA6: 43.02 | AB6: 81.63 | AC6: 49.77 | AD6: 31.41 | AE6: 169.74 | AF6: 182.88 | AG6: 45 | AH6: =Datos_originales!$H208/Datos_originales!$E208 -> #DIV/0! | AI6: =Datos_originales!$I208/Datos_originales!$E208 -> #DIV/0! | AJ6: =Datos_originales!$J208/Datos_originales!$E208 -> #DIV/0! | AK6: =Datos_originales!$K208/Datos_originales!$E208 -> #DIV/0! | AL6: =Datos_originales!$L208/Datos_originales!$E208 -> #DIV/0! | AM6: =Datos_originales!$M208/Datos_originales!$E208 -> #DIV/0! | AN6: =Datos_originales!$N208/Datos_originales!$E208 -> #DIV/0! | AO6: =Datos_originales!$O208/Datos_originales!$E208 -> #DIV/0! | AP6: =Datos_originales!$P208/Datos_originales!$E208 -> #DIV/0! | AQ6: =Datos_originales!$Q208/Datos_originales!$E208 -> #DIV/0! | AR6: =Datos_originales!$R208/Datos_originales!$E208 -> #DIV/0! | AS6: =Datos_originales!$S208/Datos_originales!$E208 -> #DIV/0! | AT6: =Datos_originales!$T208/Datos_originales!$E208 -> #DIV/0! | AU6: =Datos_originales!$U208/Datos_originales!$E208 -> #DIV/0! | AV6: =Datos_originales!$V208/Datos_originales!$E208 -> #DIV/0! | AW6: =Datos_originales!$W208/Datos_originales!$E208 -> #DIV/0! | AX6: =Datos_originales!$X208/Datos_originales!$E208 -> #DIV/0! | AY6: =Datos_originales!$Y208/Datos_originales!$E208 -> #DIV/0! | AZ6: =Datos_originales!$Z208/Datos_originales!$E208 -> #DIV/0! | BA6: =Datos_originales!$AA208/Datos_originales!$E208 -> #DIV/0! | BB6: =Datos_originales!$AB208/Datos_originales!$E208 -> #DIV/0! | BC6: =Datos_originales!$AC208/Datos_originales!$E208 -> #DIV/0! | BD6: =Datos_originales!$AD208/Datos_originales!$E208 -> #DIV/0! | BE6: =Datos_originales!$AE208/Datos_originales!$E208 -> #DIV/0! | BF6: =Datos_originales!$AF208/Datos_originales!$E208 -> #DIV/0! | BG6: =Datos_originales!$AG208/Datos_originales!$E208 -> #DIV/0!
A7: 10301 | B7: Chuquisaca | C7: Zudáñez | D7: =IF(Table_1[[#This Row],[Forest cover 2011]]<1000,"Bosque menor a 1000 ha",Table_1[[#This Row],[Forest cover 2011]]) -> 9395.1 | E7: 9395.1 | F7: =AVERAGE(Datos_originales!$H221:$J221) -> 0 | G7: =AVERAGE(Datos_originales!$R221:$T221) -> 0 | H7: 0.09 | I7: 0 | J7: 0.09 | K7: 0 | L7: 0.18 | M7: 0 | N7: 0.18 | O7: 0.63 | P7: 0.63 | Q7: 0 | R7: 0.09 | S7: 10.53 | T7: 3.87 | U7: 8.73 | V7: 6.93 | W7: 143.28 | X7: 1.26 | Y7: 13.32 | Z7: 18.45 | AA7: 73.8 | AB7: 74.88 | AC7: 75.33 | AD7: 0.09 | AE7: 0.81 | AF7: 39.15 | AG7: 4.32 | AH7: =Datos_originales!$H221/Datos_originales!$E221 -> 0 | AI7: =Datos_originales!$I221/Datos_originales!$E221 -> 0 | AJ7: =Datos_originales!$J221/Datos_originales!$E221 -> 0 | AK7: =Datos_originales!$K221/Datos_originales!$E221 -> 0 | AL7: =Datos_originales!$L221/Datos_originales!$E221 -> 0 | AM7: =Datos_originales!$M221/Datos_originales!$E221 -> 0 | AN7: =Datos_originales!$N221/Datos_originales!$E221 -> 0 | AO7: =Datos_originales!$O221/Datos_originales!$E221 -> 0 | AP7: =Datos_originales!$P221/Datos_originales!$E221 -> 0 | AQ7: =Datos_originales!$Q221/Datos_originales!$E221 -> 0 | AR7: =Datos_originales!$R221/Datos_originales!$E221 -> 0 | AS7: =Datos_originales!$S221/Datos_originales!$E221 -> 0 | AT7: =Datos_originales!$T221/Datos_originales!$E221 -> 0 | AU7: =Datos_originales!$U221/Datos_originales!$E221 -> 0.0044742729 | AV7: =Datos_originales!$V221/Datos_originales!$E221 -> 0 | AW7: =Datos_originales!$W221/Datos_originales!$E221 -> 0.026845638 | AX7: =Datos_originales!$X221/Datos_originales!$E221 -> 0 | AY7: =Datos_originales!$Y221/Datos_originales!$E221 -> 0 | AZ7: =Datos_originales!$Z221/Datos_originales!$E221 -> 0 | BA7: =Datos_originales!$AA221/Datos_originales!$E221 -> 0 | BB7: =Datos_originales!$AB221/Datos_originales!$E221 -> 0 | BC7: =Datos_originales!$AC221/Datos_originales!$E221 -> 0.0022371365 | BD7: =Datos_originales!$AD221/Datos_originales!$E221 -> 0 | BE7: =Datos_originales!$AE221/Datos_originales!$E221 -> 0 | BF7: =Datos_originales!$AF221/Datos_originales!$E221 -> 0.0067114094 | BG7: =Datos_originales!$AG221/Datos_originales!$E221 -> 0
A8: 10302 | B8: Chuquisaca | C8: Presto | D8: =IF(Table_1[[#This Row],[Forest cover 2011]]<1000,"Bosque menor a 1000 ha",Table_1[[#This Row],[Forest cover 2011]]) -> 33133.32 | E8: 33133.32 | F8: =AVERAGE(Datos_originales!$H231:$J231) -> 0.18 | G8: =AVERAGE(Datos_originales!$R231:$T231) -> 0.48 | H8: 0.54 | I8: 0.09 | J8: 0.45 | K8: 0 | L8: 0 | M8: 0 | N8: 0 | O8: 0 | P8: 0 | Q8: 0 | R8: 0 | S8: 14.31 | T8: 1.98 | U8: 61.38 | V8: 25.56 | W8: 319.5 | X8: 11.88 | Y8: 17.46 | Z8: 10.44 | AA8: 51.39 | AB8: 64.89 | AC8: 410.31 | AD8: 0.09 | AE8: 0.45 | AF8: 52.83 | AG8: 3.15 | AH8: =Datos_originales!$H231/Datos_originales!$E231 -> 0 | AI8: =Datos_originales!$I231/Datos_originales!$E231 -> 0 | AJ8: =Datos_originales!$J231/Datos_originales!$E231 -> 0.012847966 | AK8: =Datos_originales!$K231/Datos_originales!$E231 -> 0.017130621 | AL8: =Datos_originales!$L231/Datos_originales!$E231 -> 0.0085653105 | AM8: =Datos_originales!$M231/Datos_originales!$E231 -> 0.0042826552 | AN8: =Datos_originales!$N231/Datos_originales!$E231 -> 0.0042826552 | AO8: =Datos_originales!$O231/Datos_originales!$E231 -> 0.010706638 | AP8: =Datos_originales!$P231/Datos_originales!$E231 -> 0.0021413276 | AQ8: =Datos_originales!$Q231/Datos_originales!$E231 -> 0.010706638 | AR8: =Datos_originales!$R231/Datos_originales!$E231 -> 0 | AS8: =Datos_originales!$S231/Datos_originales!$E231 -> 0.0021413276 | AT8: =Datos_originales!$T231/Datos_originales!$E231 -> 0.032119914 | AU8: =Datos_originales!$U231/Datos_originales!$E231 -> 0 | AV8: =Datos_originales!$V231/Datos_originales!$E231 -> 0.014989293 | AW8: =Datos_originales!$W231/Datos_originales!$E231 -> 0.038543897 | AX8: =Datos_originales!$X231/Datos_originales!$E231 -> 0.027837259 | AY8: =Datos_originales!$Y231/Datos_originales!$E231 -> 0.027837259 | AZ8: =Datos_originales!$Z231/Datos_originales!$E231 -> 0.0064239829 | BA8: =Datos_originales!$AA231/Datos_originales!$E231 -> 0.012847966 | BB8: =Datos_originales!$AB231/Datos_originales!$E231 -> 0.014989293 | BC8: =Datos_originales!$AC231/Datos_originales!$E231 -> 0.0021413276 | BD8: =Datos_originales!$AD231/Datos_originales!$E231 -> 0.034261242 | BE8: =Datos_originales!$AE231/Datos_originales!$E231 -> 0.0064239829 | BF8: =Datos_originales!$AF231/Datos_originales!$E231 -> 0.0042826552 | BG8: =Datos_originales!$AG231/Datos_originales!$E231 -> 0.47965739
A9: 10303 | B9: Chuquisaca | C9: Mojocoya | D9: =IF(Table_1[[#This Row],[Forest cover 2011]]<1000,"Bosque menor a 1000 ha",Table_1[[#This Row],[Forest cover 2011]]) -> 30785.4 | E9: 30785.4 | F9: =AVERAGE(Datos_originales!$H206:$J206) -> 0 | G9: =AVERAGE(Datos_originales!$R206:$T206) -> 0 | H9: 0.72 | I9: 2.25 | J9: 1.17 | K9: 0.54 | L9: 2.16 | M9: 1.44 | N9: 1.89 | O9: 1.98 | P9: 1.08 | Q9: 0 | R9: 27.99 | S9: 38.07 | T9: 35.01 | U9: 16.74 | V9: 17.1 | W9: 283.59 | X9: 9.99 | Y9: 31.5 | Z9: 13.14 | AA9: 36 | AB9: 57.96 | AC9: 151.47 | AD9: 0.27 | AE9: 54.09 | AF9: 116.73 | AG9: 36.72 | AH9: =Datos_originales!$H206/Datos_originales!$E206 -> 0 | AI9: =Datos_originales!$I206/Datos_originales!$E206 -> 0 | AJ9: =Datos_originales!$J206/Datos_originales!$E206 -> 0 | AK9: =Datos_originales!$K206/Datos_originales!$E206 -> 0 | AL9: =Datos_originales!$L206/Datos_originales!$E206 -> 0 | AM9: =Datos_originales!$M206/Datos_originales!$E206 -> 0 | AN9: =Datos_originales!$N206/Datos_originales!$E206 -> 0 | AO9: =Datos_originales!$O206/Datos_originales!$E206 -> 0 | AP9: =Datos_originales!$P206/Datos_originales!$E206 -> 0 | AQ9: =Datos_originales!$Q206/Datos_originales!$E206 -> 0 | AR9: =Datos_originales!$R206/Datos_originales!$E206 -> 0 | AS9: =Datos_originales!$S206/Datos_originales!$E206 -> 0 | AT9: =Datos_originales!$T206/Datos_originales!$E206 -> 0 | AU9: =Datos_originales!$U206/Datos_originales!$E206 -> 0 | AV9: =Datos_originales!$V206/Datos_originales!$E206 -> 0.0070921986 | AW9: =Datos_originales!$W206/Datos_originales!$E206 -> 0.042553191 | AX9: =Datos_originales!$X206/Datos_originales!$E206 -> 0.021276596 | AY9: =Datos_originales!$Y206/Datos_originales!$E206 -> 0 | AZ9: =Datos_originales!$Z206/Datos_originales!$E206 -> 0.070921986 | BA9: =Datos_originales!$AA206/Datos_originales!$E206 -> 0 | BB9: =Datos_originales!$AB206/Datos_originales!$E206 -> 0.092198582 | BC9: =Datos_originales!$AC206/Datos_originales!$E206 -> 0 | BD9: =Datos_originales!$AD206/Datos_originales!$E206 -> 0 | BE9: =Datos_originales!$AE206/Datos_originales!$E206 -> 0 | BF9: =Datos_originales!$AF206/Datos_originales!$E206 -> 0.014184397 | BG9: =Datos_originales!$AG206/Datos_originales!$E206 -> 0
A10: 10304 | B10: Chuquisaca | C10: Icla | D10: =IF(Table_1[[#This Row],[Forest cover 2011]]<1000,"Bosque menor a 1000 ha",Table_1[[#This Row],[Forest cover 2011]]) -> 2886.39 | E10: 2886.39 | F10: =AVERAGE(Datos_originales!$H216:$J216) -> 0 | G10: =AVERAGE(Datos_originales!$R216:$T216) -> 0 | H10: 0.81 | I10: 1.89 | J10: 1.98 | K10: 1.26 | L10: 0.9 | M10: 1.44 | N10: 2.07 | O10: 2.25 | P10: 0.36 | Q10: 1.71 | R10: 0 | S10: 1.35 | T10: 1.44 | U10: 4.86 | V10: 5.49 | W10: 50.58 | X10: 2.61 | Y10: 3.33 | Z10: 3.42 | AA10: 3.15 | AB10: 4.95 | AC10: 2.07 | AD10: 5.22 | AE10: 0.81 | AF10: 2.79 | AG10: 1.62 | AH10: =Datos_originales!$H216/Datos_originales!$E216 -> #DIV/0! | AI10: =Datos_originales!$I216/Datos_originales!$E216 -> #DIV/0! | AJ10: =Datos_originales!$J216/Datos_originales!$E216 -> #DIV/0! | AK10: =Datos_originales!$K216/Datos_originales!$E216 -> #DIV/0! | AL10: =Datos_originales!$L216/Datos_originales!$E216 -> #DIV/0! | AM10: =Datos_originales!$M216/Datos_originales!$E216 -> #DIV/0! | AN10: =Datos_originales!$N216/Datos_originales!$E216 -> #DIV/0! | AO10: =Datos_originales!$O216/Datos_originales!$E216 -> #DIV/0! | AP10: =Datos_originales!$P216/Datos_originales!$E216 -> #DIV/0! | AQ10: =Datos_originales!$Q216/Datos_originales!$E216 -> #DIV/0! | AR10: =Datos_originales!$R216/Datos_originales!$E216 -> #DIV/0! | AS10: =Datos_originales!$S216/Datos_originales!$E216 -> #DIV/0! | AT10: =Datos_originales!$T216/Datos_originales!$E216 -> #DIV/0! | AU10: =Datos_originales!$U216/Datos_originales!$E216 -> #DIV/0! | AV10: =Datos_originales!$V216/Datos_originales!$E216 -> #DIV/0! | AW10: =Datos_originales!$W216/Datos_originales!$E216 -> #DIV/0! | AX10: =Datos_originales!$X216/Datos_originales!$E216 -> #DIV/0! | AY10: =Datos_originales!$Y216/Datos_originales!$E216 -> #DIV/0! | AZ10: =Datos_originales!$Z216/Datos_originales!$E216 -> #DIV/0! | BA10: =Datos_originales!$AA216/Datos_originales!$E216 -> #DIV/0! | BB10: =Datos_originales!$AB216/Datos_originales!$E216 -> #DIV/0! | BC10: =Datos_originales!$AC216/Datos_originales!$E216 -> #DIV/0! | BD10: =Datos_originales!$AD216/Datos_originales!$E216 -> #DIV/0! | BE10: =Datos_originales!$AE216/Datos_originales!$E216 -> #DIV/0! | BF10: =Datos_originales!$AF216/Datos_originales!$E216 -> #DIV/0! | BG10: =Datos_originales!$AG216/Datos_originales!$E216 -> #DIV/0!
A11: 10401 | B11: Chuquisaca | C11: Padilla | D11: =IF(Table_1[[#This Row],[Forest cover 2011]]<1000,"Bosque menor a 1000 ha",Table_1[[#This Row],[Forest cover 2011]]) -> 117418.41 | E11: 117418.41 | F11: =AVERAGE(Datos_originales!$H185:$J185) -> 0 | G11: =AVERAGE(Datos_originales!$R185:$T185) -> 0 | H11: 212.49 | I11: 262.62 | J11: 149.58 | K11: 124.65 | L11: 183.42 | M11: 226.89 | N11: 379.71 | O11: 160.92 | P11: 446.94 | Q11: 225.09 | R11: 182.88 | S11: 1026.9 | T11: 285.84 | U11: 289.89 | V11: 340.65 | W11: 488.52 | X11: 158.04 | Y11: 224.91 | Z11: 274.5 | AA11: 434.7 | AB11: 251.64 | AC11: 518.22 | AD11: 333.99 | AE11: 247.32 | AF11: 1132.29 | AG11: 291.42 | AH11: =Datos_originales!$H185/Datos_originales!$E185 -> #DIV/0! | AI11: =Datos_originales!$I185/Datos_originales!$E185 -> #DIV/0! | AJ11: =Datos_originales!$J185/Datos_originales!$E185 -> #DIV/0! | AK11: =Datos_originales!$K185/Datos_originales!$E185 -> #DIV/0! | AL11: =Datos_originales!$L185/Datos_originales!$E185 -> #DIV/0! | AM11: =Datos_originales!$M185/Datos_originales!$E185 -> #DIV/0! | AN11: =Datos_originales!$N185/Datos_originales!$E185 -> #DIV/0! | AO11: =Datos_originales!$O185/Datos_originales!$E185 -> #DIV/0! | AP11: =Datos_originales!$P185/Datos_originales!$E185 -> #DIV/0! | AQ11: =Datos_originales!$Q185/Datos_originales!$E185 -> #DIV/0! | AR11: =Datos_originales!$R185/Datos_originales!$E185 -> #DIV/0! | AS11: =Datos_originales!$S185/Datos_originales!$E185 -> #DIV/0! | AT11: =Datos_originales!$T185/Datos_originales!$E185 -> #DIV/0! | AU11: =Datos_originales!$U185/Datos_originales!$E185 -> #DIV/0! | AV11: =Datos_originales!$V185/Datos_originales!$E185 -> #DIV/0! | AW11: =Datos_originales!$W185/Datos_originales!$E185 -> #DIV/0! | AX11: =Datos_originales!$X185/Datos_originales!$E185 -> #DIV/0! | AY11: =Datos_originales!$Y185/Datos_originales!$E185 -> #DIV/0! | AZ11: =Datos_originales!$Z185/Datos_originales!$E185 -> #DIV/0! | BA11: =Datos_originales!$AA185/Datos_originales!$E185 -> #DIV/0! | BB11: =Datos_originales!$AB185/Datos_originales!$E185 -> #DIV/0! | BC11: =Datos_originales!$AC185/Datos_originales!$E185 -> #DIV/0! | BD11: =Datos_originales!$AD185/Datos_originales!$E185 -> #DIV/0! | BE11: =Datos_originales!$AE185/Datos_originales!$E185 -> #DIV/0! | BF11: =Datos_originales!$AF185/Datos_originales!$E185 -> #DIV/0! | BG11: =Datos_originales!$AG185/Datos_originales!$E185 -> #DIV/0!
A12: 10402 | B12: Chuquisaca | C12: Tomina | D12: =IF(Table_1[[#This Row],[Forest cover 2011]]<1000,"Bosque menor a 1000 ha",Table_1[[#This Row],[Forest cover 2011]]) -> 22272.39 | E12: 22272.39 | F12: =AVERAGE(Datos_originales!$H213:$J213) -> 0.06 | G12: =AVERAGE(Datos_originales!$R213:$T213) -> 3.15 | H12: 2.97 | I12: 2.52 | J12: 2.52 | K12: 1.35 | L12: 3.69 | M12: 1.26 | N12: 3.87 | O12: 2.16 | P12: 4.86 | Q12: 0.09 | R12: 5.58 | S12: 43.11 | T12: 19.71 | U12: 16.56 | V12: 18.99 | W12: 294.66 | X12: 8.1 | Y12: 18 | Z12: 11.97 | AA12: 24.03 | AB12: 32.13 | AC12: 47.79 | AD12: 0.18 | AE12: 40.05 | AF12: 133.47 | AG12: 20.79 | AH12: =Datos_originales!$H213/Datos_originales!$E213 -> 0 | AI12: =Datos_originales!$I213/Datos_originales!$E213 -> 1.2604301e-05 | AJ12: =Datos_originales!$J213/Datos_originales!$E213 -> 1.2604301e-05 | AK12: =Datos_originales!$K213/Datos_originales!$E213 -> 1.2604301e-05 | AL12: =Datos_originales!$L213/Datos_originales!$E213 -> 1.2604301e-05 | AM12: =Datos_originales!$M213/Datos_originales!$E213 -> 1.2604301e-05 | AN12: =Datos_originales!$N213/Datos_originales!$E213 -> 0 | AO12: =Datos_originales!$O213/Datos_originales!$E213 -> 1.2604301e-05 | AP12: =Datos_originales!$P213/Datos_originales!$E213 -> 0 | AQ12: =Datos_originales!$Q213/Datos_originales!$E213 -> 0 | AR12: =Datos_originales!$R213/Datos_originales!$E213 -> 0.00030250321 | AS12: =Datos_originales!$S213/Datos_originales!$E213 -> 0.00031510751 | AT12: =Datos_originales!$T213/Datos_originales!$E213 -> 0.00070584083 | AU12: =Datos_originales!$U213/Datos_originales!$E213 -> 0.0023948171 | AV12: =Datos_originales!$V213/Datos_originales!$E213 -> 0.0013360559 | AW12: =Datos_originales!$W213/Datos_originales!$E213 -> 0.016309965 | AX12: =Datos_originales!$X213/Datos_originales!$E213 -> 0.00061761073 | AY12: =Datos_originales!$Y213/Datos_originales!$E213 -> 0.00044115052 | AZ12: =Datos_originales!$Z213/Datos_originales!$E213 -> 0.00041594192 | BA12: =Datos_originales!$AA213/Datos_originales!$E213 -> 0.00063021503 | BB12: =Datos_originales!$AB213/Datos_originales!$E213 -> 0.0019410623 | BC12: =Datos_originales!$AC213/Datos_originales!$E213 -> 0.0076129976 | BD12: =Datos_originales!$AD213/Datos_originales!$E213 -> 8.8230104e-05 | BE12: =Datos_originales!$AE213/Datos_originales!$E213 -> 0.00054198493 | BF12: =Datos_originales!$AF213/Datos_originales!$E213 -> 0.0094658297 | BG12: =Datos_originales!$AG213/Datos_originales!$E213 -> 0.0074995588
A13: 10403 | B13: Chuquisaca | C13: Sopachuy | D13: =IF(Table_1[[#This Row],[Forest cover 2011]]<1000,"Bosque menor a 1000 ha",Table_1[[#This Row],[Forest cover 2011]]) -> 23945.58 | E13: 23945.58 | F13: =AVERAGE(Datos_originales!$H170:$J170) -> 0 | G13: =AVERAGE(Datos_originales!$R170:$T170) -> 0 | H13: 8.46 | I13: 14.85 | J13: 14.67 | K13: 5.58 | L13: 3.06 | M13: 4.14 | N13: 6.93 | O13: 6.39 | P13: 27 | Q13: 2.61 | R13: 2.25 | S13: 253.35 | T13: 67.05 | U13: 20.52 | V13: 55.08 | W13: 238.59 | X13: 15.75 | Y13: 8.91 | Z13: 12.51 | AA13: 14.76 | AB13: 26.55 | AC13: 45.9 | AD13: 2.61 | AE13: 114.03 | AF13: 448.29 | AG13: 82.53 | AH13: =Datos_originales!$H170/Datos_originales!$E170 -> 0 | AI13: =Datos_originales!$I170/Datos_originales!$E170 -> 0 | AJ13: =Datos_originales!$J170/Datos_originales!$E170 -> 0 | AK13: =Datos_originales!$K170/Datos_originales!$E170 -> 0 | AL13: =Datos_originales!$L170/Datos_originales!$E170 -> 0 | AM13: =Datos_originales!$M170/Datos_originales!$E170 -> 0 | AN13: =Datos_originales!$N170/Datos_originales!$E170 -> 0 | AO13: =Datos_originales!$O170/Datos_originales!$E170 -> 0 | AP13: =Datos_originales!$P170/Datos_originales!$E170 -> 0 | AQ13: =Datos_originales!$Q170/Datos_originales!$E170 -> 0 | AR13: =Datos_originales!$R170/Datos_originales!$E170 -> 0 | AS13: =Datos_originales!$S170/Datos_originales!$E170 -> 0 | AT13: =Datos_originales!$T170/Datos_originales!$E170 -> 0 | AU13: =Datos_originales!$U170/Datos_originales!$E170 -> 0 | AV13: =Datos_originales!$V170/Datos_originales!$E170 -> 0 | AW13: =Datos_originales!$W170/Datos_originales!$E170 -> 0 | AX13: =Datos_originales!$X170/Datos_originales!$E170 -> 0 | AY13: =Datos_originales!$Y170/Datos_originales!$E170 -> 0 | AZ13: =Datos_originales!$Z170/Datos_originales!$E170 -> 0 | BA13: =Datos_originales!$AA170/Datos_originales!$E170 -> 0 | BB13: =Datos_originales!$AB170/Datos_originales!$E170 -> 0 | BC13: =Datos_originales!$AC170/Datos_originales!$E170 -> 0 | BD13: =Datos_originales!$AD170/Datos_originales!$E170 -> 0 | BE13: =Datos_originales!$AE170/Datos_originales!$E170 -> 0 | BF13: =Datos_originales!$AF170/Datos_originales!$E170 -> 0 | BG13: =Datos_originales!$AG170/Datos_originales!$E170 -> 0.83333333
A14: 10404 | B14: Chuquisaca | C14: Alcalá | D14: =IF(Table_1[[#This Row],[Forest cover 2011]]<1000,"Bosque menor a 1000 ha",Table_1[[#This Row],[Forest cover 2011]]) -> 8220.87 | E14: 8220.87 | F14: =AVERAGE(Datos_originales!$H198:$J198) -> 0 | G14: =AVERAGE(Datos_originales!$R198:$T198) -> 0 | H14: 1.17 | I14: 0.54 | J14: 2.07 | K14: 0.54 | L14: 0.18 | M14: 1.35 | N14: 0.09 | O14: 0.63 | P14: 1.53 | Q14: 1.17 | R14: 0.27 | S14: 35.01 | T14: 11.43 | U14: 3.6 | V14: 3.96 | W14: 79.38 | X14: 2.79 | Y14: 1.8 | Z14: 3.6 | AA14: 6.21 | AB14: 10.89 | AC14: 32.4 | AD14: 1.17 | AE14: 14.58 | AF14: 75.33 | AG14: 12.69 | AH14: =Datos_originales!$H198/Datos_originales!$E198 -> #DIV/0! | AI14: =Datos_originales!$I198/Datos_originales!$E198 -> #DIV/0! | AJ14: =Datos_originales!$J198/Datos_originales!$E198 -> #DIV/0! | AK14: =Datos_originales!$K198/Datos_originales!$E198 -> #DIV/0! | AL14: =Datos_originales!$L198/Datos_originales!$E198 -> #DIV/0! | AM14: =Datos_originales!$M198/Datos_originales!$E198 -> #DIV/0! | AN14: =Datos_originales!$N198/Datos_originales!$E198 -> #DIV/0! | AO14: =Datos_originales!$O198/Datos_originales!$E198 -> #DIV/0! | AP14: =Datos_originales!$P198/Datos_originales!$E198 -> #DIV/0! | AQ14: =Datos_originales!$Q198/Datos_originales!$E198 -> #DIV/0! | AR14: =Datos_originales!$R198/Datos_originales!$E198 -> #DIV/0! | AS14: =Datos_originales!$S198/Datos_originales!$E198 -> #DIV/0! | AT14: =Datos_originales!$T198/Datos_originales!$E198 -> #DIV/0! | AU14: =Datos_originales!$U198/Datos_originales!$E198 -> #DIV/0! | AV14: =Datos_originales!$V198/Datos_originales!$E198 -> #DIV/0! | AW14: =Datos_originales!$W198/Datos_originales!$E198 -> #DIV/0! | AX14: =Datos_originales!$X198/Datos_originales!$E198 -> #DIV/0! | AY14: =Datos_originales!$Y198/Datos_originales!$E198 -> #DIV/0! | AZ14: =Datos_originales!$Z198/Datos_originales!$E198 -> #DIV/0! | BA14: =Datos_originales!$AA198/Datos_originales!$E198 -> #DIV/0! | BB14: =Datos_originales!$AB198/Datos_originales!$E198 -> #DIV/0! | BC14: =Datos_originales!$AC198/Datos_originales!$E198 -> #DIV/0! | BD14: =Datos_originales!$AD198/Datos_originales!$E198 -> #DIV/0! | BE14: =Datos_originales!$AE198/Datos_originales!$E198 -> #DIV/0! | BF14: =Datos_originales!$AF198/Datos_originales!$E198 -> #DIV/0! | BG14: =Datos_originales!$AG198/Datos_originales!$E198 -> #DIV/0!
A15: 10405 | B15: Chuquisaca | C15: El Villar | D15: =IF(Table_1[[#This Row],[Forest cover 2011]]<1000,"Bosque menor a 1000 ha",Table_1[[#This Row],[Forest cover 2011]]) -> 50038.29 | E15: 50038.29 | F15: =AVERAGE(Datos_originales!$H193:$J193) -> 0 | G15: =AVERAGE(Datos_originales!$R193:$T193) -> 0 | H15: 25.74 | I15: 59.58 | J15: 52.83 | K15: 29.34 | L15: 35.19 | M15: 30.33 | N15: 59.04 | O15: 43.47 | P15: 58.86 | Q15: 37.26 | R15: 39.6 | S15: 309.06 | T15: 83.34 | U15: 55.8 | V15: 89.1 | W15: 444.15 | X15: 46.35 | Y15: 50.85 | Z15: 41.58 | AA15: 73.17 | AB15: 95.4 | AC15: 76.95 | AD15: 84.24 | AE15: 100.8 | AF15: 365.31 | AG15: 91.08 | AH15: =Datos_originales!$H193/Datos_originales!$E193 -> #DIV/0! | AI15: =Datos_originales!$I193/Datos_originales!$E193 -> #DIV/0! | AJ15: =Datos_originales!$J193/Datos_originales!$E193 -> #DIV/0! | AK15: =Datos_originales!$K193/Datos_originales!$E193 -> #DIV/0! | AL15: =Datos_originales!$L193/Datos_originales!$E193 -> #DIV/0! | AM15: =Datos_originales!$M193/Datos_originales!$E193 -> #DIV/0! | AN15: =Datos_originales!$N193/Datos_originales!$E193 -> #DIV/0! | AO15: =Datos_originales!$O193/Datos_originales!$E193 -> #DIV/0! | AP15: =Datos_originales!$P193/Datos_originales!$E193 -> #DIV/0! | AQ15: =Datos_originales!$Q193/Datos_originales!$E193 -> #DIV/0! | AR15: =Datos_originales!$R193/Datos_originales!$E193 -> #DIV/0! | AS15: =Datos_originales!$S193/Datos_originales!$E193 -> #DIV/0! | AT15: =Datos_originales!$T193/Datos_originales!$E193 -> #DIV/0! | AU15: =Datos_originales!$U193/Datos_originales!$E193 -> #DIV/0! | AV15: =Datos_originales!$V193/Datos_originales!$E193 -> #DIV/0! | AW15: =Datos_originales!$W193/Datos_originales!$E193 -> #DIV/0! | AX15: =Datos_originales!$X193/Datos_originales!$E193 -> #DIV/0! | AY15: =Datos_originales!$Y193/Datos_originales!$E193 -> #DIV/0! | AZ15: =Datos_originales!$Z193/Datos_originales!$E193 -> #DIV/0! | BA15: =Datos_originales!$AA193/Datos_originales!$E193 -> #DIV/0! | BB15: =Datos_originales!$AB193/Datos_originales!$E193 -> #DIV/0! | BC15: =Datos_originales!$AC193/Datos_originales!$E193 -> #DIV/0! | BD15: =Datos_originales!$AD193/Datos_originales!$E193 -> #DIV/0! | BE15: =Datos_originales!$AE193/Datos_originales!$E193 -> #DIV/0! | BF15: =Datos_originales!$AF193/Datos_originales!$E193 -> #DIV/0! | BG15: =Datos_originales!$AG193/Datos_originales!$E193 -> #DIV/0!
A16: 10501 | B16: Chuquisaca | C16: Monteagudo | D16: =IF(Table_1[[#This Row],[Forest cover 2011]]<1000,"Bosque menor a 1000 ha",Table_1[[#This Row],[Forest cover 2011]]) -> 290186.28 | E16: 290186.28 | F16: =AVERAGE(Datos_originales!$H122:$J122) -> 18.09 | G16: =AVERAGE(Datos_originales!$R122:$T122) -> 85.26 | H16: 901.08 | I16: 1518.39 | J16: 866.52 | K16: 439.47 | L16: 674.82 | M16: 867.06 | N16: 1329.03 | O16: 1273.77 | P16: 1099.17 | Q16: 976.41 | R16: 277.38 | S16: 2491.56 | T16: 2418.84 | U16: 1048.5 | V16: 1645.29 | W16: 1286.91 | X16: 506.34 | Y16: 759.6 | Z16: 938.79 | AA16: 1398.6 | AB16: 1420.65 | AC16: 1195.29 | AD16: 1184.04 | AE16: 334.17 | AF16: 2577.15 | AG16: 2427.39 | AH16: =Datos_originales!$H122/Datos_originales!$E122 -> 0.00063964763 | AI16: =Datos_originales!$I122/Datos_originales!$E122 -> 0.00072871249 | AJ16: =Datos_originales!$J122/Datos_originales!$E122 -> 0.0010728267 | AK16: =Datos_originales!$K122/Datos_originales!$E122 -> 0.00055867957 | AL16: =Datos_originales!$L122/Datos_originales!$E122 -> 0.00065584124 | AM16: =Datos_originales!$M122/Datos_originales!$E122 -> 0.00058701839 | AN16: =Datos_originales!$N122/Datos_originales!$E122 -> 0.00050200194 | AO16: =Datos_originales!$O122/Datos_originales!$E122 -> 0.00028338819 | AP16: =Datos_originales!$P122/Datos_originales!$E122 -> 0.0019513301 | AQ16: =Datos_originales!$Q122/Datos_originales!$E122 -> 0.0001457425 | AR16: =Datos_originales!$R122/Datos_originales!$E122 -> 0.00042103388 | AS16: =Datos_originales!$S122/Datos_originales!$E122 -> 0.0040726931 | AT16: =Datos_originales!$T122/Datos_originales!$E122 -> 0.0070118335 | AU16: =Datos_originales!$U122/Datos_originales!$E122 -> 0.0049592933 | AV16: =Datos_originales!$V122/Datos_originales!$E122 -> 0.0031982381 | AW16: =Datos_originales!$W122/Datos_originales!$E122 -> 0.011141204 | AX16: =Datos_originales!$X122/Datos_originales!$E122 -> 0.0014290862 | AY16: =Datos_originales!$Y122/Datos_originales!$E122 -> 0.0014128925 | AZ16: =Datos_originales!$Z122/Datos_originales!$E122 -> 0.0011618916 | BA16: =Datos_originales!$AA122/Datos_originales!$E122 -> 0.0010485363 | BB16: =Datos_originales!$AB122/Datos_originales!$E122 -> 0.00085016457 | BC16: =Datos_originales!$AC122/Datos_originales!$E122 -> 0.0026355102 | BD16: =Datos_originales!$AD122/Datos_originales!$E122 -> 0.00077324492 | BE16: =Datos_originales!$AE122/Datos_originales!$E122 -> 0.00075705131 | BF16: =Datos_originales!$AF122/Datos_originales!$E122 -> 0.0049997773 | BG16: =Datos_originales!$AG122/Datos_originales!$E122 -> 0.020739967
A17: 10502 | B17: Chuquisaca | C17: Huacareta | D17: =IF(Table_1[[#This Row],[Forest cover 2011]]<1000,"Bosque menor a 1000 ha",Table_1[[#This Row],[Forest cover 2011]]) -> 280002.24 | E17: 280002.24 | F17: =AVERAGE(Datos_originales!$H115:$J115) -> 0 | G17: =AVERAGE(Datos_originales!$R115:$T115) -> 0 | H17: 401.04 | I17: 518.85 | J17: 484.29 | K17: 236.97 | L17: 529.29 | M17: 634.68 | N17: 714.87 | O17: 692.01 | P17: 598.05 | Q17: 725.85 | R17: 546.21 | S17: 1872.18 | T17: 3090.33 | U17: 433.8 | V17: 544.77 | W17: 550.53 | X17: 259.02 | Y17: 539.28 | Z17: 647.01 | AA17: 736.74 | AB17: 740.61 | AC17: 616.05 | AD17: 764.55 | AE17: 572.04 | AF17: 1921.32 | AG17: 3200.31 | AH17: =Datos_originales!$H115/Datos_originales!$E115 -> #DIV/0! | AI17: =Datos_originales!$I115/Datos_originales!$E115 -> #DIV/0! | AJ17: =Datos_originales!$J115/Datos_originales!$E115 -> #DIV/0! | AK17: =Datos_originales!$K115/Datos_originales!$E115 -> #DIV/0! | AL17: =Datos_originales!$L115/Datos_originales!$E115 -> #DIV/0! | AM17: =Datos_originales!$M115/Datos_originales!$E115 -> #DIV/0! | AN17: =Datos_originales!$N115/Datos_originales!$E115 -> #DIV/0! | AO17: =Datos_originales!$O115/Datos_originales!$E115 -> #DIV/0! | AP17: =Datos_originales!$P115/Datos_originales!$E115 -> #DIV/0! | AQ17: =Datos_originales!$Q115/Datos_originales!$E115 -> #DIV/0! | AR17: =Datos_originales!$R115/Datos_originales!$E115 -> #DIV/0! | AS17: =Datos_originales!$S115/Datos_originales!$E115 -> #DIV/0! | AT17: =Datos_originales!$T115/Datos_originales!$E115 -> #DIV/0! | AU17: =Datos_originales!$U115/Datos_originales!$E115 -> #DIV/0! | AV17: =Datos_originales!$V115/Datos_originales!$E115 -> #DIV/0! | AW17: =Datos_originales!$W115/Datos_originales!$E115 -> #DIV/0! | AX17: =Datos_originales!$X115/Datos_originales!$E115 -> #DIV/0! | AY17: =Datos_originales!$Y115/Datos_originales!$E115 -> #DIV/0! | AZ17: =Datos_originales!$Z115/Datos_originales!$E115 -> #DIV/0! | BA17: =Datos_originales!$AA115/Datos_originales!$E115 -> #DIV/0! | BB17: =Datos_originales!$AB115/Datos_originales!$E115 -> #DIV/0! | BC17: =Datos_originales!$AC115/Datos_originales!$E115 -> #DIV/0! | BD17: =Datos_originales!$AD115/Datos_originales!$E115 -> #DIV/0! | BE17: =Datos_originales!$AE115/Datos_originales!$E115 -> #DIV/0! | BF17: =Datos_originales!$AF115/Datos_originales!$E115 -> #DIV/0! | BG17: =Datos_originales!$AG115/Datos_originales!$E115 -> #DIV/0!
A18: 10601 | B18: Chuquisaca | C18: Tarabuco | D18: =IF(Table_1[[#This Row],[Forest cover 2011]]<1000,"Bosque menor a 1000 ha",Table_1[[#This Row],[Forest cover 2011]]) -> 4594.5 | E18: 4594.5 | F18: =AVERAGE(Datos_originales!$H217:$J217) -> 0.63 | G18: =AVERAGE(Datos_originales!$R217:$T217) -> 5.19 | H18: 0.18 | I18: 1.71 | J18: 1.89 | K18: 1.08 | L18: 0.18 | M18: 1.08 | N18: 0.36 | O18: 0.81 | P18: 3.78 | Q18: 0.27 | R18: 2.34 | S18: 7.2 | T18: 2.34 | U18: 9.99 | V18: 9.63 | W18: 75.42 | X18: 2.52 | Y18: 9.81 | Z18: 14.04 | AA18: 29.43 | AB18: 21.06 | AC18: 49.23 | AD18: 0.72 | AE18: 3.24 | AF18: 13.41 | AG18: 2.52 | AH18: =Datos_originales!$H217/Datos_originales!$E217 -> 7.1789055e-05 | AI18: =Datos_originales!$I217/Datos_originales!$E217 -> 6.461015e-05 | AJ18: =Datos_originales!$J217/Datos_originales!$E217 -> 1.4357811e-05 | AK18: =Datos_originales!$K217/Datos_originales!$E217 -> 1.4357811e-05 | AL18: =Datos_originales!$L217/Datos_originales!$E217 -> 7.1789055e-06 | AM18: =Datos_originales!$M217/Datos_originales!$E217 -> 0 | AN18: =Datos_originales!$N217/Datos_originales!$E217 -> 7.1789055e-06 | AO18: =Datos_originales!$O217/Datos_originales!$E217 -> 3.5894528e-05 | AP18: =Datos_originales!$P217/Datos_originales!$E217 -> 2.8715622e-05 | AQ18: =Datos_originales!$Q217/Datos_originales!$E217 -> 0 | AR18: =Datos_originales!$R217/Datos_originales!$E217 -> 3.5894528e-05 | AS18: =Datos_originales!$S217/Datos_originales!$E217 -> 0.0011916983 | AT18: =Datos_originales!$T217/Datos_originales!$E217 -> 1.4357811e-05 | AU18: =Datos_originales!$U217/Datos_originales!$E217 -> 0.0049893393 | AV18: =Datos_originales!$V217/Datos_originales!$E217 -> 0.003646884 | AW18: =Datos_originales!$W217/Datos_originales!$E217 -> 0.015736161 | AX18: =Datos_originales!$X217/Datos_originales!$E217 -> 0.0018090842 | AY18: =Datos_originales!$Y217/Datos_originales!$E217 -> 0.0011988772 | AZ18: =Datos_originales!$Z217/Datos_originales!$E217 -> 0.0011558038 | BA18: =Datos_originales!$AA217/Datos_originales!$E217 -> 0.0023977544 | BB18: =Datos_originales!$AB217/Datos_originales!$E217 -> 0.0048026878 | BC18: =Datos_originales!$AC217/Datos_originales!$E217 -> 0.016037675 | BD18: =Datos_originales!$AD217/Datos_originales!$E217 -> 5.7431244e-05 | BE18: =Datos_originales!$AE217/Datos_originales!$E217 -> 0.00033022965 | BF18: =Datos_originales!$AF217/Datos_originales!$E217 -> 0.0084423929 | BG18: =Datos_originales!$AG217/Datos_originales!$E217 -> 7.1789055e-05
A19: 10602 | B19: Chuquisaca | C19: Yamparáez | D19: =IF(Table_1[[#This Row],[Forest cover 2011]]<1000,"Bosque menor a 1000 ha",Table_1[[#This Row],[Forest cover 2011]]) -> Bosque menor a 1000 ha | E19: 694.26 | F19: =AVERAGE(Datos_originales!$H230:$J230) -> 0.33 | G19: =AVERAGE(Datos_originales!$R230:$T230) -> 0.99 | H19: 0 | I19: 0.18 | J19: 0.45 | K19: 0.09 | L19: 0.45 | M19: 0.18 | N19: 0 | O19: 0 | P19: 0 | Q19: 0.09 | R19: 0 | S19: 0.54 | T19: 0.09 | U19: 1.62 | V19: 1.44 | W19: 14.04 | X19: 0.72 | Y19: 0.81 | Z19: 0.18 | AA19: 0.45 | AB19: 0.27 | AC19: 1.26 | AD19: 0.63 | AE19: 0.09 | AF19: 0.72 | AG19: 0.09 | AH19: =Datos_originales!$H230/Datos_originales!$E230 -> 0.0081833061 | AI19: =Datos_originales!$I230/Datos_originales!$E230 -> 0.0065466448 | AJ19: =Datos_originales!$J230/Datos_originales!$E230 -> 0.0032733224 | AK19: =Datos_originales!$K230/Datos_originales!$E230 -> 0 | AL19: =Datos_originales!$L230/Datos_originales!$E230 -> 0.0098199673 | AM19: =Datos_originales!$M230/Datos_originales!$E230 -> 0.0016366612 | AN19: =Datos_originales!$N230/Datos_originales!$E230 -> 0.0065466448 | AO19: =Datos_originales!$O230/Datos_originales!$E230 -> 0.0016366612 | AP19: =Datos_originales!$P230/Datos_originales!$E230 -> 0 | AQ19: =Datos_originales!$Q230/Datos_originales!$E230 -> 0 | AR19: =Datos_originales!$R230/Datos_originales!$E230 -> 0 | AS19: =Datos_originales!$S230/Datos_originales!$E230 -> 0.0016366612 | AT19: =Datos_originales!$T230/Datos_originales!$E230 -> 0.052373159 | AU19: =Datos_originales!$U230/Datos_originales!$E230 -> 0.0098199673 | AV19: =Datos_originales!$V230/Datos_originales!$E230 -> 0.018003273 | AW19: =Datos_originales!$W230/Datos_originales!$E230 -> 0.032733224 | AX19: =Datos_originales!$X230/Datos_originales!$E230 -> 0 | AY19: =Datos_originales!$Y230/Datos_originales!$E230 -> 0.016366612 | AZ19: =Datos_originales!$Z230/Datos_originales!$E230 -> 0.0016366612 | BA19: =Datos_originales!$AA230/Datos_originales!$E230 -> 0.0065466448 | BB19: =Datos_originales!$AB230/Datos_originales!$E230 -> 0.0016366612 | BC19: =Datos_originales!$AC230/Datos_originales!$E230 -> 0 | BD19: =Datos_originales!$AD230/Datos_originales!$E230 -> 0 | BE19: =Datos_originales!$AE230/Datos_originales!$E230 -> 0 | BF19: =Datos_originales!$AF230/Datos_originales!$E230 -> 0.011456628 | BG19: =Datos_originales!$AG230/Datos_originales!$E230 -> 0.12274959
A20: 10701 | B20: Chuquisaca | C20: Camargo | D20: =IF(Table_1[[#This Row],[Forest cover 2011]]<1000,"Bosque menor a 1000 ha",Table_1[[#This Row],[Forest cover 2011]]) -> Bosque menor a 1000 ha | E20: 79.2 | F20: =AVERAGE(Datos_originales!$H7:$J7) -> 0.06 | G20: =AVERAGE(Datos_originales!$R7:$T7) -> 4.83 | H20: 1.89 | I20: 1.71 | J20: 0.9 | K20: 1.26 | L20: 2.07 | M20: 0.27 | N20: 0.54 | O20: 1.53 | P20: 0.27 | Q20: 0.99 | R20: 0 | S20: 1.35 | T20: 26.1 | U20: 2.79 | V20: 1.98 | W20: 1.53 | X20: 1.89 | Y20: 2.16 | Z20: 0.36 | AA20: 0.54 | AB20: 2.07 | AC20: 0.36 | AD20: 1.17 | AE20: 0 | AF20: 1.8 | AG20: 49.32 | AH20: =Datos_originales!$H7/Datos_originales!$E7 -> 9.5794616e-06 | AI20: =Datos_originales!$I7/Datos_originales!$E7 -> 0 | AJ20: =Datos_originales!$J7/Datos_originales!$E7 -> 9.5794616e-06 | AK20: =Datos_originales!$K7/Datos_originales!$E7 -> 0 | AL20: =Datos_originales!$L7/Datos_originales!$E7 -> 1.9158923e-05 | AM20: =Datos_originales!$M7/Datos_originales!$E7 -> 0 | AN20: =Datos_originales!$N7/Datos_originales!$E7 -> 1.9158923e-05 | AO20: =Datos_originales!$O7/Datos_originales!$E7 -> 6.7056231e-05 | AP20: =Datos_originales!$P7/Datos_originales!$E7 -> 6.7056231e-05 | AQ20: =Datos_originales!$Q7/Datos_originales!$E7 -> 0 | AR20: =Datos_originales!$R7/Datos_originales!$E7 -> 9.5794616e-06 | AS20: =Datos_originales!$S7/Datos_originales!$E7 -> 0.001120797 | AT20: =Datos_originales!$T7/Datos_originales!$E7 -> 0.00041191685 | AU20: =Datos_originales!$U7/Datos_originales!$E7 -> 0.00092920778 | AV20: =Datos_originales!$V7/Datos_originales!$E7 -> 0.00073761855 | AW20: =Datos_originales!$W7/Datos_originales!$E7 -> 0.015250503 | AX20: =Datos_originales!$X7/Datos_originales!$E7 -> 0.00013411246 | AY20: =Datos_originales!$Y7/Datos_originales!$E7 -> 0.0014177603 | AZ20: =Datos_originales!$Z7/Datos_originales!$E7 -> 0.0019637896 | BA20: =Datos_originales!$AA7/Datos_originales!$E7 -> 0.0078551585 | BB20: =Datos_originales!$AB7/Datos_originales!$E7 -> 0.0079701121 | BC20: =Datos_originales!$AC7/Datos_originales!$E7 -> 0.0080180094 | BD20: =Datos_originales!$AD7/Datos_originales!$E7 -> 9.5794616e-06 | BE20: =Datos_originales!$AE7/Datos_originales!$E7 -> 8.6215155e-05 | BF20: =Datos_originales!$AF7/Datos_originales!$E7 -> 0.0041670658 | BG20: =Datos_originales!$AG7/Datos_originales!$E7 -> 0.00045981416
A21: 10702 | B21: Chuquisaca | C21: San Lucas | D21: =IF(Table_1[[#This Row],[Forest cover 2011]]<1000,"Bosque menor a 1000 ha",Table_1[[#This Row],[Forest cover 2011]]) -> 40473.81 | E21: 40473.81 | F21: =AVERAGE(Datos_originales!$H76:$J76) -> 0.42 | G21: =AVERAGE(Datos_originales!$R76:$T76) -> 30.3 | H21: 26.28 | I21: 39.33 | J21: 64.62 | K21: 46.98 | L21: 45.18 | M21: 85.77 | N21: 89.01 | O21: 68.58 | P21: 30.15 | Q21: 10.44 | R21: 9.63 | S21: 10.26 | T21: 39.6 | U21: 33.03 | V21: 51.93 | W21: 279 | X21: 54.72 | Y21: 51.39 | Z21: 92.88 | AA21: 97.65 | AB21: 80.82 | AC21: 36.9 | AD21: 28.35 | AE21: 11.34 | AF21: 13.59 | AG21: 829.44 | AH21: =Datos_originales!$H76/Datos_originales!$E76 -> 0.00074834295 | AI21: =Datos_originales!$I76/Datos_originales!$E76 -> 0.00032071841 | AJ21: =Datos_originales!$J76/Datos_originales!$E76 -> 0.00042762455 | AK21: =Datos_originales!$K76/Datos_originales!$E76 -> 0 | AL21: =Datos_originales!$L76/Datos_originales!$E76 -> 0.00021381227 | AM21: =Datos_originales!$M76/Datos_originales!$E76 -> 0.00021381227 | AN21: =Datos_originales!$N76/Datos_originales!$E76 -> 0 | AO21: =Datos_originales!$O76/Datos_originales!$E76 -> 0.001603592 | AP21: =Datos_originales!$P76/Datos_originales!$E76 -> 0.0010690614 | AQ21: =Datos_originales!$Q76/Datos_originales!$E76 -> 0.0043831516 | AR21: =Datos_originales!$R76/Datos_originales!$E76 -> 0.011866581 | AS21: =Datos_originales!$S76/Datos_originales!$E76 -> 0.078682916 | AT21: =Datos_originales!$T76/Datos_originales!$E76 -> 0.0174257 | AU21: =Datos_originales!$U76/Datos_originales!$E76 -> 0.0045969639 | AV21: =Datos_originales!$V76/Datos_originales!$E76 -> 0.0036348086 | AW21: =Datos_originales!$W76/Datos_originales!$E76 -> 0.021274321 | AX21: =Datos_originales!$X76/Datos_originales!$E76 -> 0.0010690614 | AY21: =Datos_originales!$Y76/Datos_originales!$E76 -> 0.0022450289 | AZ21: =Datos_originales!$Z76/Datos_originales!$E76 -> 0.00085524909 | BA21: =Datos_originales!$AA76/Datos_originales!$E76 -> 0.0011759675 | BB21: =Datos_originales!$AB76/Datos_originales!$E76 -> 0.0029933718 | BC21: =Datos_originales!$AC76/Datos_originales!$E76 -> 0.0040624332 | BD21: =Datos_originales!$AD76/Datos_originales!$E76 -> 0.0048107761 | BE21: =Datos_originales!$AE76/Datos_originales!$E76 -> 0.011866581 | BF21: =Datos_originales!$AF76/Datos_originales!$E76 -> 0.086807783 | BG21: =Datos_originales!$AG76/Datos_originales!$E76 -> 0.017853325
A22: 10703 | B22: Chuquisaca | C22: Incahuasi | D22: =IF(Table_1[[#This Row],[Forest cover 2011]]<1000,"Bosque menor a 1000 ha",Table_1[[#This Row],[Forest cover 2011]]) -> 53681.22 | E22: 53681.22 | F22: =AVERAGE(Datos_originales!$H121:$J121) -> 0.39 | G22: =AVERAGE(Datos_originales!$R121:$T121) -> 17.79 | H22: 35.91 | I22: 105.3 | J22: 77.49 | K22: 32.04 | L22: 96.66 | M22: 100.62 | N22: 95.67 | O22: 97.2 | P22: 136.98 | Q22: 34.56 | R22: 196.2 | S22: 648.36 | T22: 412.56 | U22: 64.53 | V22: 166.86 | W22: 259.2 | X22: 41.13 | Y22: 121.59 | Z22: 114.21 | AA22: 107.55 | AB22: 116.01 | AC22: 148.14 | AD22: 85.59 | AE22: 198.18 | AF22: 669.24 | AG22: 457.65 | AH22: =Datos_originales!$H121/Datos_originales!$E121 -> 4.8290183e-05 | AI22: =Datos_originales!$I121/Datos_originales!$E121 -> 2.0695793e-05 | AJ22: =Datos_originales!$J121/Datos_originales!$E121 -> 2.0695793e-05 | AK22: =Datos_originales!$K121/Datos_originales!$E121 -> 1.3797195e-05 | AL22: =Datos_originales!$L121/Datos_originales!$E121 -> 2.759439e-05 | AM22: =Datos_originales!$M121/Datos_originales!$E121 -> 6.8985975e-06 | AN22: =Datos_originales!$N121/Datos_originales!$E121 -> 2.0695793e-05 | AO22: =Datos_originales!$O121/Datos_originales!$E121 -> 4.8290183e-05 | AP22: =Datos_originales!$P121/Datos_originales!$E121 -> 4.1391585e-05 | AQ22: =Datos_originales!$Q121/Datos_originales!$E121 -> 0.00024834951 | AR22: =Datos_originales!$R121/Datos_originales!$E121 -> 0.0018281283 | AS22: =Datos_originales!$S121/Datos_originales!$E121 -> 0.0010002966 | AT22: =Datos_originales!$T121/Datos_originales!$E121 -> 0.0012624433 | AU22: =Datos_originales!$U121/Datos_originales!$E121 -> 0.00042081445 | AV22: =Datos_originales!$V121/Datos_originales!$E121 -> 0.00084852749 | AW22: =Datos_originales!$W121/Datos_originales!$E121 -> 0.011341294 | AX22: =Datos_originales!$X121/Datos_originales!$E121 -> 0.00053119201 | AY22: =Datos_originales!$Y121/Datos_originales!$E121 -> 0.0002690453 | AZ22: =Datos_originales!$Z121/Datos_originales!$E121 -> 0.00035182847 | BA22: =Datos_originales!$AA121/Datos_originales!$E121 -> 0.00040701725 | BB22: =Datos_originales!$AB121/Datos_originales!$E121 -> 0.00035872707 | BC22: =Datos_originales!$AC121/Datos_originales!$E121 -> 0.00039322006 | BD22: =Datos_originales!$AD121/Datos_originales!$E121 -> 0.00026214671 | BE22: =Datos_originales!$AE121/Datos_originales!$E121 -> 0.0021178694 | BF22: =Datos_originales!$AF121/Datos_originales!$E121 -> 0.0030008899 | BG22: =Datos_originales!$AG121/Datos_originales!$E121 -> 0.0013866181
A23: 10704 | B23: Chuquisaca | C23: Villa Charcas | D23: =IF(Table_1[[#This Row],[Forest cover 2011]]<1000,"Bosque menor a 1000 ha",Table_1[[#This Row],[Forest cover 2011]]) -> 10740.24 | E23: 10740.24 | F23: =AVERAGE(Datos_originales!$H171:$J171) -> 0 | G23: =AVERAGE(Datos_originales!$R171:$T171) -> 0 | H23: 4.32 | I23: 9.72 | J23: 27.36 | K23: 13.14 | L23: 9.9 | M23: 25.02 | N23: 16.65 | O23: 27.99 | P23: 4.59 | Q23: 2.7 | R23: 1.17 | S23: 3.96 | T23: 14.31 | U23: 8.1 | V23: 14.13 | W23: 106.2 | X23: 15.57 | Y23: 12.42 | Z23: 29.79 | AA23: 20.34 | AB23: 32.85 | AC23: 8.28 | AD23: 13.05 | AE23: 1.62 | AF23: 5.94 | AG23: 36.54 | AH23: =Datos_originales!$H171/Datos_originales!$E171 -> #DIV/0! | AI23: =Datos_originales!$I171/Datos_originales!$E171 -> #DIV/0! | AJ23: =Datos_originales!$J171/Datos_originales!$E171 -> #DIV/0! | AK23: =Datos_originales!$K171/Datos_originales!$E171 -> #DIV/0! | AL23: =Datos_originales!$L171/Datos_originales!$E171 -> #DIV/0! | AM23: =Datos_originales!$M171/Datos_originales!$E171 -> #DIV/0! | AN23: =Datos_originales!$N171/Datos_originales!$E171 -> #DIV/0! | AO23: =Datos_originales!$O171/Datos_originales!$E171 -> #DIV/0! | AP23: =Datos_originales!$P171/Datos_originales!$E171 -> #DIV/0! | AQ23: =Datos_originales!$Q171/Datos_originales!$E171 -> #DIV/0! | AR23: =Datos_originales!$R171/Datos_originales!$E171 -> #DIV/0! | AS23: =Datos_originales!$S171/Datos_originales!$E171 -> #DIV/0! | AT23: =Datos_originales!$T171/Datos_originales!$E171 -> #DIV/0! | AU23: =Datos_originales!$U171/Datos_originales!$E171 -> #DIV/0! | AV23: =Datos_originales!$V171/Datos_originales!$E171 -> #DIV/0! | AW23: =Datos_originales!$W171/Datos_originales!$E171 -> #DIV/0! | AX23: =Datos_originales!$X171/Datos_originales!$E171 -> #DIV/0! | AY23: =Datos_originales!$Y171/Datos_originales!$E171 -> #DIV/0! | AZ23: =Datos_originales!$Z171/Datos_originales!$E171 -> #DIV/0! | BA23: =Datos_originales!$AA171/Datos_originales!$E171 -> #DIV/0! | BB23: =Datos_originales!$AB171/Datos_originales!$E171 -> #DIV/0! | BC23: =Datos_originales!$AC171/Datos_originales!$E171 -> #DIV/0! | BD23: =Datos_originales!$AD171/Datos_originales!$E171 -> #DIV/0! | BE23: =Datos_originales!$AE171/Datos_originales!$E171 -> #DIV/0! | BF23: =Datos_originales!$AF171/Datos_originales!$E171 -> #DIV/0! | BG23: =Datos_originales!$AG171/Datos_originales!$E171 -> #DIV/0!
A24: 10801 | B24: Chuquisaca | C24: Villa Serrano | D24: =IF(Table_1[[#This Row],[Forest cover 2011]]<1000,"Bosque menor a 1000 ha",Table_1[[#This Row],[Forest cover 2011]]) -> 99479.16 | E24: 99479.16 | F24: =AVERAGE(Datos_originales!$H160:$J160) -> 0.03 | G24: =AVERAGE(Datos_originales!$R160:$T160) -> 3.81 | H24: 69.03 | I24: 94.86 | J24: 138.24 | K24: 91.53 | L24: 44.91 | M24: 81.99 | N24: 156.87 | O24: 136.62 | P24: 160.83 | Q24: 118.44 | R24: 169.02 | S24: 789.21 | T24: 402.48 | U24: 236.88 | V24: 295.38 | W24: 1181.88 | X24: 145.62 | Y24: 80.01 | Z24: 110.07 | AA24: 198.54 | AB24: 235.53 | AC24: 223.56 | AD24: 187.02 | AE24: 319.23 | AF24: 1032.75 | AG24: 414.54 | AH24: =Datos_originales!$H160/Datos_originales!$E160 -> 0 | AI24: =Datos_originales!$I160/Datos_originales!$E160 -> 0 | AJ24: =Datos_originales!$J160/Datos_originales!$E160 -> 0.0001879346 | AK24: =Datos_originales!$K160/Datos_originales!$E160 -> 0.0001879346 | AL24: =Datos_originales!$L160/Datos_originales!$E160 -> 0.0001879346 | AM24: =Datos_originales!$M160/Datos_originales!$E160 -> 0 | AN24: =Datos_originales!$N160/Datos_originales!$E160 -> 0.001879346 | AO24: =Datos_originales!$O160/Datos_originales!$E160 -> 0.0005638038 | AP24: =Datos_originales!$P160/Datos_originales!$E160 -> 0.00093967299 | AQ24: =Datos_originales!$Q160/Datos_originales!$E160 -> 0.0060139072 | AR24: =Datos_originales!$R160/Datos_originales!$E160 -> 0.002819019 | AS24: =Datos_originales!$S160/Datos_originales!$E160 -> 0.021048675 | AT24: =Datos_originales!$T160/Datos_originales!$E160 -> 0 | AU24: =Datos_originales!$U160/Datos_originales!$E160 -> 0.0060139072 | AV24: =Datos_originales!$V160/Datos_originales!$E160 -> 0.0050742342 | AW24: =Datos_originales!$W160/Datos_originales!$E160 -> 0.020296937 | AX24: =Datos_originales!$X160/Datos_originales!$E160 -> 0.0077053185 | AY24: =Datos_originales!$Y160/Datos_originales!$E160 -> 0.0080811877 | AZ24: =Datos_originales!$Z160/Datos_originales!$E160 -> 0.042849089 | BA24: =Datos_originales!$AA160/Datos_originales!$E160 -> 0.048111257 | BB24: =Datos_originales!$AB160/Datos_originales!$E160 -> 0.041345612 | BC24: =Datos_originales!$AC160/Datos_originales!$E160 -> 0.0093967299 | BD24: =Datos_originales!$AD160/Datos_originales!$E160 -> 0.0063897764 | BE24: =Datos_originales!$AE160/Datos_originales!$E160 -> 0.0030069536 | BF24: =Datos_originales!$AF160/Datos_originales!$E160 -> 0.082503289 | BG24: =Datos_originales!$AG160/Datos_originales!$E160 -> 0
A25: 10901 | B25: Chuquisaca | C25: Villa Abecia | D25: =IF(Table_1[[#This Row],[Forest cover 2011]]<1000,"Bosque menor a 1000 ha",Table_1[[#This Row],[Forest cover 2011]]) -> Bosque menor a 1000 ha | E25: 120.96 | F25: =AVERAGE(Datos_originales!$H10:$J10) -> 1.56 | G25: =AVERAGE(Datos_originales!$R10:$T10) -> 0.93 | H25: 1.26 | I25: 4.32 | J25: 2.88 | K25: 1.71 | L25: 3.69 | M25: 1.26 | N25: 1.26 | O25: 2.34 | P25: 1.17 | Q25: 0.9 | R25: 0.09 | S25: 3.96 | T25: 37.44 | U25: 1.53 | V25: 5.4 | W25: 4.59 | X25: 1.89 | Y25: 4.32 | Z25: 1.62 | AA25: 1.53 | AB25: 2.79 | AC25: 1.17 | AD25: 1.17 | AE25: 0.18 | AF25: 3.96 | AG25: 58.59 | AH25: =Datos_originales!$H10/Datos_originales!$E10 -> 0.00028062736 | AI25: =Datos_originales!$I10/Datos_originales!$E10 -> 0.00065479717 | AJ25: =Datos_originales!$J10/Datos_originales!$E10 -> 0.00068597799 | AK25: =Datos_originales!$K10/Datos_originales!$E10 -> 0.00043653145 | AL25: =Datos_originales!$L10/Datos_originales!$E10 -> 0.00031180818 | AM25: =Datos_originales!$M10/Datos_originales!$E10 -> 0.00049889308 | AN25: =Datos_originales!$N10/Datos_originales!$E10 -> 0.0007171588 | AO25: =Datos_originales!$O10/Datos_originales!$E10 -> 0.00077952044 | AP25: =Datos_originales!$P10/Datos_originales!$E10 -> 0.00012472327 | AQ25: =Datos_originales!$Q10/Datos_originales!$E10 -> 0.00059243553 | AR25: =Datos_originales!$R10/Datos_originales!$E10 -> 0 | AS25: =Datos_originales!$S10/Datos_originales!$E10 -> 0.00046771226 | AT25: =Datos_originales!$T10/Datos_originales!$E10 -> 0.00049889308 | AU25: =Datos_originales!$U10/Datos_originales!$E10 -> 0.0016837641 | AV25: =Datos_originales!$V10/Datos_originales!$E10 -> 0.0019020299 | AW25: =Datos_originales!$W10/Datos_originales!$E10 -> 0.017523619 | AX25: =Datos_originales!$X10/Datos_originales!$E10 -> 0.00090424371 | AY25: =Datos_originales!$Y10/Datos_originales!$E10 -> 0.0011536902 | AZ25: =Datos_originales!$Z10/Datos_originales!$E10 -> 0.0011848711 | BA25: =Datos_originales!$AA10/Datos_originales!$E10 -> 0.0010913286 | BB25: =Datos_originales!$AB10/Datos_originales!$E10 -> 0.001714945 | BC25: =Datos_originales!$AC10/Datos_originales!$E10 -> 0.0007171588 | BD25: =Datos_originales!$AD10/Datos_originales!$E10 -> 0.0018084874 | BE25: =Datos_originales!$AE10/Datos_originales!$E10 -> 0.00028062736 | BF25: =Datos_originales!$AF10/Datos_originales!$E10 -> 0.00096660534 | BG25: =Datos_originales!$AG10/Datos_originales!$E10 -> 0.00056125472
A26: 10902 | B26: Chuquisaca | C26: Culpina | D26: =IF(Table_1[[#This Row],[Forest cover 2011]]<1000,"Bosque menor a 1000 ha",Table_1[[#This Row],[Forest cover 2011]]) -> 232980.57 | E26: 232980.57 | F26: =AVERAGE(Datos_originales!$H156:$J156) -> 0.03 | G26: =AVERAGE(Datos_originales!$R156:$T156) -> 1.77 | H26: 419.76 | I26: 561.42 | J26: 504.63 | K26: 246.51 | L26: 385.83 | M26: 660.51 | N26: 330.75 | O26: 913.14 | P26: 634.77 | Q26: 499.86 | R26: 280.44 | S26: 2403.36 | T26: 858.78 | U26: 460.53 | V26: 597.87 | W26: 826.83 | X26: 296.01 | Y26: 420.48 | Z26: 690.03 | AA26: 360.72 | AB26: 942.39 | AC26: 654.57 | AD26: 536.67 | AE26: 283.68 | AF26: 2493.63 | AG26: 1014.93 | AH26: =Datos_originales!$H156/Datos_originales!$E156 -> 0 | AI26: =Datos_originales!$I156/Datos_originales!$E156 -> 0 | AJ26: =Datos_originales!$J156/Datos_originales!$E156 -> 0.00013078734 | AK26: =Datos_originales!$K156/Datos_originales!$E156 -> 0 | AL26: =Datos_originales!$L156/Datos_originales!$E156 -> 0.00013078734 | AM26: =Datos_originales!$M156/Datos_originales!$E156 -> 0 | AN26: =Datos_originales!$N156/Datos_originales!$E156 -> 0.00013078734 | AO26: =Datos_originales!$O156/Datos_originales!$E156 -> 0 | AP26: =Datos_originales!$P156/Datos_originales!$E156 -> 0 | AQ26: =Datos_originales!$Q156/Datos_originales!$E156 -> 0.0006539367 | AR26: =Datos_originales!$R156/Datos_originales!$E156 -> 0.0024849595 | AS26: =Datos_originales!$S156/Datos_originales!$E156 -> 0.0049699189 | AT26: =Datos_originales!$T156/Datos_originales!$E156 -> 0.00026157468 | AU26: =Datos_originales!$U156/Datos_originales!$E156 -> 0.0018310228 | AV26: =Datos_originales!$V156/Datos_originales!$E156 -> 0.0035312582 | AW26: =Datos_originales!$W156/Datos_originales!$E156 -> 0.019487314 | AX26: =Datos_originales!$X156/Datos_originales!$E156 -> 0.0075856657 | AY26: =Datos_originales!$Y156/Datos_originales!$E156 -> 0.0048391316 | AZ26: =Datos_originales!$Z156/Datos_originales!$E156 -> 0.017394716 | BA26: =Datos_originales!$AA156/Datos_originales!$E156 -> 0.034789432 | BB26: =Datos_originales!$AB156/Datos_originales!$E156 -> 0.035574156 | BC26: =Datos_originales!$AC156/Datos_originales!$E156 -> 0.015171331 | BD26: =Datos_originales!$AD156/Datos_originales!$E156 -> 0.0020925974 | BE26: =Datos_originales!$AE156/Datos_originales!$E156 -> 0.0035312582 | BF26: =Datos_originales!$AF156/Datos_originales!$E156 -> 0.041590374 | BG26: =Datos_originales!$AG156/Datos_originales!$E156 -> 0.00026157468
A27: 10903 | B27: Chuquisaca | C27: Las Carreras | D27: =IF(Table_1[[#This Row],[Forest cover 2011]]<1000,"Bosque menor a 1000 ha",Table_1[[#This Row],[Forest cover 2011]]) -> Bosque menor a 1000 ha | E27: 83.52 | F27: =AVERAGE(Datos_originales!$H12:$J12) -> 2.67 | G27: =AVERAGE(Datos_originales!$R12:$T12) -> 22.8 | H27: 0.99 | I27: 4.32 | J27: 3.51 | K27: 1.44 | L27: 1.8 | M27: 2.52 | N27: 2.25 | O27: 1.98 | P27: 0.99 | Q27: 0.9 | R27: 0 | S27: 2.16 | T27: 20.79 | U27: 1.08 | V27: 4.95 | W27: 5.13 | X27: 1.98 | Y27: 1.89 | Z27: 2.7 | AA27: 2.61 | AB27: 2.43 | AC27: 0.99 | AD27: 0.99 | AE27: 0 | AF27: 2.16 | AG27: 35.73 | AH27: =Datos_originales!$H12/Datos_originales!$E12 -> 0.00013334896 | AI27: =Datos_originales!$I12/Datos_originales!$E12 -> 0.00011314457 | AJ27: =Datos_originales!$J12/Datos_originales!$E12 -> 0.00011314457 | AK27: =Datos_originales!$K12/Datos_originales!$E12 -> 6.0613163e-05 | AL27: =Datos_originales!$L12/Datos_originales!$E12 -> 0.00016567598 | AM27: =Datos_originales!$M12/Datos_originales!$E12 -> 5.6572285e-05 | AN27: =Datos_originales!$N12/Datos_originales!$E12 -> 0.00017375773 | AO27: =Datos_originales!$O12/Datos_originales!$E12 -> 9.698106e-05 | AP27: =Datos_originales!$P12/Datos_originales!$E12 -> 0.00021820739 | AQ27: =Datos_originales!$Q12/Datos_originales!$E12 -> 4.0408775e-06 | AR27: =Datos_originales!$R12/Datos_originales!$E12 -> 0.00025053441 | AS27: =Datos_originales!$S12/Datos_originales!$E12 -> 0.0019355803 | AT27: =Datos_originales!$T12/Datos_originales!$E12 -> 0.00088495218 | AU27: =Datos_originales!$U12/Datos_originales!$E12 -> 0.00074352146 | AV27: =Datos_originales!$V12/Datos_originales!$E12 -> 0.00085262516 | AW27: =Datos_originales!$W12/Datos_originales!$E12 -> 0.013229833 | AX27: =Datos_originales!$X12/Datos_originales!$E12 -> 0.00036367898 | AY27: =Datos_originales!$Y12/Datos_originales!$E12 -> 0.0008081755 | AZ27: =Datos_originales!$Z12/Datos_originales!$E12 -> 0.00053743671 | BA27: =Datos_originales!$AA12/Datos_originales!$E12 -> 0.0010789143 | BB27: =Datos_originales!$AB12/Datos_originales!$E12 -> 0.0014425933 | BC27: =Datos_originales!$AC12/Datos_originales!$E12 -> 0.002145706 | BD27: =Datos_originales!$AD12/Datos_originales!$E12 -> 8.081755e-06 | BE27: =Datos_originales!$AE12/Datos_originales!$E12 -> 0.0017981905 | BF27: =Datos_originales!$AF12/Datos_originales!$E12 -> 0.0059926214 | BG27: =Datos_originales!$AG12/Datos_originales!$E12 -> 0.00093344271
A28: 11001 | B28: Chuquisaca | C28: Villa Vaca Guzmán | D28: =IF(Table_1[[#This Row],[Forest cover 2011]]<1000,"Bosque menor a 1000 ha",Table_1[[#This Row],[Forest cover 2011]]) -> 345973.68 | E28: 345973.68 | F28: =AVERAGE(Datos_originales!$H172:$J172) -> 0 | G28: =AVERAGE(Datos_originales!$R172:$T172) -> 0 | H28: 605.16 | I28: 1157.58 | J28: 688.32 | K28: 385.92 | L28: 561.78 | M28: 597.96 | N28: 1020.15 | O28: 670.5 | P28: 685.17 | Q28: 1112.76 | R28: 338.58 | S28: 2304.18 | T28: 925.11 | U28: 677.97 | V28: 1210.5 | W28: 1082.52 | X28: 438.48 | Y28: 616.77 | Z28: 649.8 | AA28: 1066.86 | AB28: 1153.44 | AC28: 750.6 | AD28: 1230.39 | AE28: 412.11 | AF28: 2467.17 | AG28: 1100.43 | AH28: =Datos_originales!$H172/Datos_originales!$E172 -> #DIV/0! | AI28: =Datos_originales!$I172/Datos_originales!$E172 -> #DIV/0! | AJ28: =Datos_originales!$J172/Datos_originales!$E172 -> #DIV/0! | AK28: =Datos_originales!$K172/Datos_originales!$E172 -> #DIV/0! | AL28: =Datos_originales!$L172/Datos_originales!$E172 -> #DIV/0! | AM28: =Datos_originales!$M172/Datos_originales!$E172 -> #DIV/0! | AN28: =Datos_originales!$N172/Datos_originales!$E172 -> #DIV/0! | AO28: =Datos_originales!$O172/Datos_originales!$E172 -> #DIV/0! | AP28: =Datos_originales!$P172/Datos_originales!$E172 -> #DIV/0! | AQ28: =Datos_originales!$Q172/Datos_originales!$E172 -> #DIV/0! | AR28: =Datos_originales!$R172/Datos_originales!$E172 -> #DIV/0! | AS28: =Datos_originales!$S172/Datos_originales!$E172 -> #DIV/0! | AT28: =Datos_originales!$T172/Datos_originales!$E172 -> #DIV/0! | AU28: =Datos_originales!$U172/Datos_originales!$E172 -> #DIV/0! | AV28: =Datos_originales!$V172/Datos_originales!$E172 -> #DIV/0! | AW28: =Datos_originales!$W172/Datos_originales!$E172 -> #DIV/0! | AX28: =Datos_originales!$X172/Datos_originales!$E172 -> #DIV/0! | AY28: =Datos_originales!$Y172/Datos_originales!$E172 -> #DIV/0! | AZ28: =Datos_originales!$Z172/Datos_originales!$E172 -> #DIV/0! | BA28: =Datos_originales!$AA172/Datos_originales!$E172 -> #DIV/0! | BB28: =Datos_originales!$AB172/Datos_originales!$E172 -> #DIV/0! | BC28: =Datos_originales!$AC172/Datos_originales!$E172 -> #DIV/0! | BD28: =Datos_originales!$AD172/Datos_originales!$E172 -> #DIV/0! | BE28: =Datos_originales!$AE172/Datos_originales!$E172 -> #DIV/0! | BF28: =Datos_originales!$AF172/Datos_originales!$E172 -> #DIV/0! | BG28: =Datos_originales!$AG172/Datos_originales!$E172 -> #DIV/0!
A29: 11002 | B29: Chuquisaca | C29: Huacaya (Autonomía Guarani Chaqueño de Huacaya) | D29: =IF(Table_1[[#This Row],[Forest cover 2011]]<1000,"Bosque menor a 1000 ha",Table_1[[#This Row],[Forest cover 2011]]) -> 121391.55 | E29: 121391.55 | F29: =AVERAGE(Datos_originales!$H188:$J188) -> 0 | G29: =AVERAGE(Datos_originales!$R188:$T188) -> 0 | H29: 36.63 | I29: 79.74 | J29: 58.41 | K29: 28.35 | L29: 77.49 | M29: 112.86 | N29: 159.48 | O29: 49.05 | P29: 72 | Q29: 291.42 | R29: 63.72 | S29: 65.97 | T29: 231.66 | U29: 67.5 | V29: 98.01 | W29: 118.44 | X29: 42.3 | Y29: 101.88 | Z29: 132.75 | AA29: 169.02 | AB29: 61.38 | AC29: 87.21 | AD29: 366.48 | AE29: 82.62 | AF29: 168.12 | AG29: 277.38 | AH29: =Datos_originales!$H188/Datos_originales!$E188 -> #DIV/0! | AI29: =Datos_originales!$I188/Datos_originales!$E188 -> #DIV/0! | AJ29: =Datos_originales!$J188/Datos_originales!$E188 -> #DIV/0! | AK29: =Datos_originales!$K188/Datos_originales!$E188 -> #DIV/0! | AL29: =Datos_originales!$L188/Datos_originales!$E188 -> #DIV/0! | AM29: =Datos_originales!$M188/Datos_originales!$E188 -> #DIV/0! | AN29: =Datos_originales!$N188/Datos_originales!$E188 -> #DIV/0! | AO29: =Datos_originales!$O188/Datos_originales!$E188 -> #DIV/0! | AP29: =Datos_originales!$P188/Datos_originales!$E188 -> #DIV/0! | AQ29: =Datos_originales!$Q188/Datos_originales!$E188 -> #DIV/0! | AR29: =Datos_originales!$R188/Datos_originales!$E188 -> #DIV/0! | AS29: =Datos_originales!$S188/Datos_originales!$E188 -> #DIV/0! | AT29: =Datos_originales!$T188/Datos_originales!$E188 -> #DIV/0! | AU29: =Datos_originales!$U188/Datos_originales!$E188 -> #DIV/0! | AV29: =Datos_originales!$V188/Datos_originales!$E188 -> #DIV/0! | AW29: =Datos_originales!$W188/Datos_originales!$E188 -> #DIV/0! | AX29: =Datos_originales!$X188/Datos_originales!$E188 -> #DIV/0! | AY29: =Datos_originales!$Y188/Datos_originales!$E188 -> #DIV/0! | AZ29: =Datos_originales!$Z188/Datos_originales!$E188 -> #DIV/0! | BA29: =Datos_originales!$AA188/Datos_originales!$E188 -> #DIV/0! | BB29: =Datos_originales!$AB188/Datos_originales!$E188 -> #DIV/0! | BC29: =Datos_originales!$AC188/Datos_originales!$E188 -> #DIV/0! | BD29: =Datos_originales!$AD188/Datos_originales!$E188 -> #DIV/0! | BE29: =Datos_originales!$AE188/Datos_originales!$E188 -> #DIV/0! | BF29: =Datos_originales!$AF188/Datos_originales!$E188 -> #DIV/0! | BG29: =Datos_originales!$AG188/Datos_originales!$E188 -> #DIV/0!
A30: 11003 | B30: Chuquisaca | C30: Macharetí | D30: =IF(Table_1[[#This Row],[Forest cover 2011]]<1000,"Bosque menor a 1000 ha",Table_1[[#This Row],[Forest cover 2011]]) -> 765965.88 | E30: 765965.88 | F30: =AVERAGE(Datos_originales!$H167:$J167) -> 0 | G30: =AVERAGE(Datos_originales!$R167:$T167) -> 0 | H30: 672.66 | I30: 876.06 | J30: 577.35 | K30: 750.87 | L30: 496.71 | M30: 1276.2 | N30: 520.83 | O30: 3744.9 | P30: 4122.09 | Q30: 4566.06 | R30: 4370.94 | S30: 3645.36 | T30: 2776.5 | U30: 781.38 | V30: 929.52 | W30: 790.92 | X30: 792.27 | Y30: 545.22 | Z30: 1319.94 | AA30: 550.89 | AB30: 3801.78 | AC30: 4168.44 | AD30: 5362.65 | AE30: 4392.45 | AF30: 9302.22 | AG30: 2811.6 | AH30: =Datos_originales!$H167/Datos_originales!$E167 -> #DIV/0! | AI30: =Datos_originales!$I167/Datos_originales!$E167 -> #DIV/0! | AJ30: =Datos_originales!$J167/Datos_originales!$E167 -> #DIV/0! | AK30: =Datos_originales!$K167/Datos_originales!$E167 -> #DIV/0! | AL30: =Datos_originales!$L167/Datos_originales!$E167 -> #DIV/0! | AM30: =Datos_originales!$M167/Datos_originales!$E167 -> #DIV/0! | AN30: =Datos_originales!$N167/Datos_originales!$E167 -> #DIV/0! | AO30: =Datos_originales!$O167/Datos_originales!$E167 -> #DIV/0! | AP30: =Datos_originales!$P167/Datos_originales!$E167 -> #DIV/0! | AQ30: =Datos_originales!$Q167/Datos_originales!$E167 -> #DIV/0! | AR30: =Datos_originales!$R167/Datos_originales!$E167 -> #DIV/0! | AS30: =Datos_originales!$S167/Datos_originales!$E167 -> #DIV/0! | AT30: =Datos_originales!$T167/Datos_originales!$E167 -> #DIV/0! | AU30: =Datos_originales!$U167/Datos_originales!$E167 -> #DIV/0! | AV30: =Datos_originales!$V167/Datos_originales!$E167 -> #DIV/0! | AW30: =Datos_originales!$W167/Datos_originales!$E167 -> #DIV/0! | AX30: =Datos_originales!$X167/Datos_originales!$E167 -> #DIV/0! | AY30: =Datos_originales!$Y167/Datos_originales!$E167 -> #DIV/0! | AZ30: =Datos_originales!$Z167/Datos_originales!$E167 -> #DIV/0! | BA30: =Datos_originales!$AA167/Datos_originales!$E167 -> #DIV/0! | BB30: =Datos_originales!$AB167/Datos_originales!$E167 -> #DIV/0! | BC30: =Datos_originales!$AC167/Datos_originales!$E167 -> #DIV/0! | BD30: =Datos_originales!$AD167/Datos_originales!$E167 -> #DIV/0! | BE30: =Datos_originales!$AE167/Datos_originales!$E167 -> #DIV/0! | BF30: =Datos_originales!$AF167/Datos_originales!$E167 -> #DIV/0! | BG30: =Datos_originales!$AG167/Datos_originales!$E167 -> #DIV/0!
A31: 20101 | B31: La Paz | C31: Nuestra Señora de La Paz | D31: =IF(Table_1[[#This Row],[Forest cover 2011]]<1000,"Bosque menor a 1000 ha",Table_1[[#This Row],[Forest cover 2011]]) -> 88330.41 | E31: 88330.41 | F31: =AVERAGE(Datos_originales!$H139:$J139) -> 7.32 | G31: =AVERAGE(Datos_originales!$R139:$T139) -> 97.35 | H31: 20.52 | I31: 25.47 | J31: 30.33 | K31: 22.68 | L31: 35.01 | M31: 14.31 | N31: 53.1 | O31: 39.06 | P31: 82.8 | Q31: 42.57 | R31: 31.14 | S31: 404.37 | T31: 137.43 | U31: 110.61 | V31: 76.68 | W31: 101.16 | X31: 39.51 | Y31: 47.61 | Z31: 18.72 | AA31: 78.21 | AB31: 53.01 | AC31: 94.59 | AD31: 53.19 | AE31: 34.38 | AF31: 447.66 | AG31: 512.64 | AH31: =Datos_originales!$H139/Datos_originales!$E139 -> 0.003958105 | AI31: =Datos_originales!$I139/Datos_originales!$E139 -> 0.0059067105 | AJ31: =Datos_originales!$J139/Datos_originales!$E139 -> 0.0049933017 | AK31: =Datos_originales!$K139/Datos_originales!$E139 -> 0.012665936 | AL31: =Datos_originales!$L139/Datos_originales!$E139 -> 0.0099257094 | AM31: =Datos_originales!$M139/Datos_originales!$E139 -> 0.024174887 | AN31: =Datos_originales!$N139/Datos_originales!$E139 -> 0.020825722 | AO31: =Datos_originales!$O139/Datos_originales!$E139 -> 0.0037145293 | AP31: =Datos_originales!$P139/Datos_originales!$E139 -> 0.0084642553 | AQ31: =Datos_originales!$Q139/Datos_originales!$E139 -> 0.016806723 | AR31: =Datos_originales!$R139/Datos_originales!$E139 -> 0.10364146 | AS31: =Datos_originales!$S139/Datos_originales!$E139 -> 0.093411278 | AT31: =Datos_originales!$T139/Datos_originales!$E139 -> 0.00054804531 | AU31: =Datos_originales!$U139/Datos_originales!$E139 -> 0.0050541956 | AV31: =Datos_originales!$V139/Datos_originales!$E139 -> 0.0065765437 | AW31: =Datos_originales!$W139/Datos_originales!$E139 -> 0.014919011 | AX31: =Datos_originales!$X139/Datos_originales!$E139 -> 0.01382292 | AY31: =Datos_originales!$Y139/Datos_originales!$E139 -> 0.010900012 | AZ31: =Datos_originales!$Z139/Datos_originales!$E139 -> 0.031786628 | BA31: =Datos_originales!$AA139/Datos_originales!$E139 -> 0.023870418 | BB31: =Datos_originales!$AB139/Datos_originales!$E139 -> 0.011874315 | BC31: =Datos_originales!$AC139/Datos_originales!$E139 -> 0.014249178 | BD31: =Datos_originales!$AD139/Datos_originales!$E139 -> 0.016867617 | BE31: =Datos_originales!$AE139/Datos_originales!$E139 -> 0.10437218 | BF31: =Datos_originales!$AF139/Datos_originales!$E139 -> 0.10114481 | BG31: =Datos_originales!$AG139/Datos_originales!$E139 -> 0.0012178785
A32: 20102 | B32: La Paz | C32: Palca | D32: =IF(Table_1[[#This Row],[Forest cover 2011]]<1000,"Bosque menor a 1000 ha",Table_1[[#This Row],[Forest cover 2011]]) -> 1751.13 | E32: 1751.13 | F32: =AVERAGE(Datos_originales!$H30:$J30) -> 708.69 | G32: =AVERAGE(Datos_originales!$R30:$T30) -> 3597.6 | H32: 1.62 | I32: 5.4 | J32: 7.65 | K32: 2.61 | L32: 1.71 | M32: 1.17 | N32: 3.51 | O32: 21.33 | P32: 19.26 | Q32: 2.79 | R32: 23.13 | S32: 135.99 | T32: 128.43 | U32: 5.67 | V32: 23.76 | W32: 53.55 | X32: 17.73 | Y32: 8.55 | Z32: 17.37 | AA32: 21.33 | AB32: 120.78 | AC32: 133.92 | AD32: 3.51 | AE32: 23.13 | AF32: 152.19 | AG32: 132.57 | AH32: =Datos_originales!$H30/Datos_originales!$E30 -> 0.00087818533 | AI32: =Datos_originales!$I30/Datos_originales!$E30 -> 0.0011437324 | AJ32: =Datos_originales!$J30/Datos_originales!$E30 -> 0.0007537542 | AK32: =Datos_originales!$K30/Datos_originales!$E30 -> 0.00098029171 | AL32: =Datos_originales!$L30/Datos_originales!$E30 -> 0.00064847536 | AM32: =Datos_originales!$M30/Datos_originales!$E30 -> 0.0016661317 | AN32: =Datos_originales!$N30/Datos_originales!$E30 -> 0.00067996501 | AO32: =Datos_originales!$O30/Datos_originales!$E30 -> 0.0048891212 | AP32: =Datos_originales!$P30/Datos_originales!$E30 -> 0.0053815582 | AQ32: =Datos_originales!$Q30/Datos_originales!$E30 -> 0.0059611794 | AR32: =Datos_originales!$R30/Datos_originales!$E30 -> 0.0057064422 | AS32: =Datos_originales!$S30/Datos_originales!$E30 -> 0.0047591676 | AT32: =Datos_originales!$T30/Datos_originales!$E30 -> 0.0036248351 | AU32: =Datos_originales!$U30/Datos_originales!$E30 -> 0.0010201238 | AV32: =Datos_originales!$V30/Datos_originales!$E30 -> 0.0012135266 | AW32: =Datos_originales!$W30/Datos_originales!$E30 -> 0.0010325786 | AX32: =Datos_originales!$X30/Datos_originales!$E30 -> 0.0010343411 | AY32: =Datos_originales!$Y30/Datos_originales!$E30 -> 0.00071180716 | AZ32: =Datos_originales!$Z30/Datos_originales!$E30 -> 0.001723236 | BA32: =Datos_originales!$AA30/Datos_originales!$E30 -> 0.00071920958 | BB32: =Datos_originales!$AB30/Datos_originales!$E30 -> 0.0049633804 | BC32: =Datos_originales!$AC30/Datos_originales!$E30 -> 0.0054420701 | BD32: =Datos_originales!$AD30/Datos_originales!$E30 -> 0.0070011604 | BE32: =Datos_originales!$AE30/Datos_originales!$E30 -> 0.0057345244 | BF32: =Datos_originales!$AF30/Datos_originales!$E30 -> 0.012144431 | BG32: =Datos_originales!$AG30/Datos_originales!$E30 -> 0.0036706596
A33: 20103 | B33: La Paz | C33: Mecapaca | D33: =IF(Table_1[[#This Row],[Forest cover 2011]]<1000,"Bosque menor a 1000 ha",Table_1[[#This Row],[Forest cover 2011]]) -> Bosque menor a 1000 ha | E33: 90.09 | F33: =AVERAGE(Datos_originales!$H27:$J27) -> 2.94 | G33: =AVERAGE(Datos_originales!$R27:$T27) -> 7.65 | H33: 1.53 | I33: 0.9 | J33: 1.53 | K33: 1.71 | L33: 1.26 | M33: 0.72 | N33: 0.45 | O33: 1.53 | P33: 1.44 | Q33: 8.1 | R33: 10.44 | S33: 11.16 | T33: 7.29 | U33: 2.43 | V33: 1.53 | W33: 3.51 | X33: 2.07 | Y33: 1.35 | Z33: 0.72 | AA33: 0.9 | AB33: 6.48 | AC33: 1.98 | AD33: 8.1 | AE33: 10.44 | AF33: 12.96 | AG33: 7.47 | AH33: =Datos_originales!$H27/Datos_originales!$E27 -> 0.011853448 | AI33: =Datos_originales!$I27/Datos_originales!$E27 -> 0.051724138 | AJ33: =Datos_originales!$J27/Datos_originales!$E27 -> 0.042025862 | AK33: =Datos_originales!$K27/Datos_originales!$E27 -> 0.017241379 | AL33: =Datos_originales!$L27/Datos_originales!$E27 -> 0.021551724 | AM33: =Datos_originales!$M27/Datos_originales!$E27 -> 0.030172414 | AN33: =Datos_originales!$N27/Datos_originales!$E27 -> 0.026939655 | AO33: =Datos_originales!$O27/Datos_originales!$E27 -> 0.023706897 | AP33: =Datos_originales!$P27/Datos_originales!$E27 -> 0.011853448 | AQ33: =Datos_originales!$Q27/Datos_originales!$E27 -> 0.010775862 | AR33: =Datos_originales!$R27/Datos_originales!$E27 -> 0 | AS33: =Datos_originales!$S27/Datos_originales!$E27 -> 0.025862069 | AT33: =Datos_originales!$T27/Datos_originales!$E27 -> 0.24892241 | AU33: =Datos_originales!$U27/Datos_originales!$E27 -> 0.012931034 | AV33: =Datos_originales!$V27/Datos_originales!$E27 -> 0.059267241 | AW33: =Datos_originales!$W27/Datos_originales!$E27 -> 0.061422414 | AX33: =Datos_originales!$X27/Datos_originales!$E27 -> 0.023706897 | AY33: =Datos_originales!$Y27/Datos_originales!$E27 -> 0.02262931 | AZ33: =Datos_originales!$Z27/Datos_originales!$E27 -> 0.032327586 | BA33: =Datos_originales!$AA27/Datos_originales!$E27 -> 0.03125 | BB33: =Datos_originales!$AB27/Datos_originales!$E27 -> 0.029094828 | BC33: =Datos_originales!$AC27/Datos_originales!$E27 -> 0.011853448 | BD33: =Datos_originales!$AD27/Datos_originales!$E27 -> 0.011853448 | BE33: =Datos_originales!$AE27/Datos_originales!$E27 -> 0 | BF33: =Datos_originales!$AF27/Datos_originales!$E27 -> 0.025862069 | BG33: =Datos_originales!$AG27/Datos_originales!$E27 -> 0.42780172
A34: 20104 | B34: La Paz | C34: Achocalla | D34: =IF(Table_1[[#This Row],[Forest cover 2011]]<1000,"Bosque menor a 1000 ha",Table_1[[#This Row],[Forest cover 2011]]) -> Bosque menor a 1000 ha | E34: 12.24 | F34: =AVERAGE(Datos_originales!$H331:$J331) -> 559.5 | G34: =AVERAGE(Datos_originales!$R331:$T331) -> 481.59 | H34: 0 | I34: 0.09 | J34: 0 | K34: 0 | L34: 0 | M34: 0 | N34: 0.09 | O34: 0.27 | P34: 0.09 | Q34: 0 | R34: 0 | S34: 0.81 | T34: 0 | U34: 0 | V34: 0.27 | W34: 0.63 | X34: 0 | Y34: 0 | Z34: 0.18 | AA34: 0.09 | AB34: 2.52 | AC34: 0.36 | AD34: 0 | AE34: 0 | AF34: 1.08 | AG34: 0 | AH34: =Datos_originales!$H331/Datos_originales!$E331 -> 0.007699558 | AI34: =Datos_originales!$I331/Datos_originales!$E331 -> 0.0066504698 | AJ34: =Datos_originales!$J331/Datos_originales!$E331 -> 0.007486462 | AK34: =Datos_originales!$K331/Datos_originales!$E331 -> 0.0075414923 | AL34: =Datos_originales!$L331/Datos_originales!$E331 -> 0.0056318239 | AM34: =Datos_originales!$M331/Datos_originales!$E331 -> 0.0074150397 | AN34: =Datos_originales!$N331/Datos_originales!$E331 -> 0.0065158212 | AO34: =Datos_originales!$O331/Datos_originales!$E331 -> 0.0052501244 | AP34: =Datos_originales!$P331/Datos_originales!$E331 -> 0.006886983 | AQ34: =Datos_originales!$Q331/Datos_originales!$E331 -> 0.0094956532 | AR34: =Datos_originales!$R331/Datos_originales!$E331 -> 0.0011099728 | AS34: =Datos_originales!$S331/Datos_originales!$E331 -> 0.0081538507 | AT34: =Datos_originales!$T331/Datos_originales!$E331 -> 0.0095319498 | AU34: =Datos_originales!$U331/Datos_originales!$E331 -> 0.0089816468 | AV34: =Datos_originales!$V331/Datos_originales!$E331 -> 0.0077253169 | AW34: =Datos_originales!$W331/Datos_originales!$E331 -> 0.0086198519 | AX34: =Datos_originales!$X331/Datos_originales!$E331 -> 0.0091537628 | AY34: =Datos_originales!$Y331/Datos_originales!$E331 -> 0.0061270966 | AZ34: =Datos_originales!$Z331/Datos_originales!$E331 -> 0.0075731054 | BA34: =Datos_originales!$AA331/Datos_originales!$E331 -> 0.0070204607 | BB34: =Datos_originales!$AB331/Datos_originales!$E331 -> 0.0055451805 | BC34: =Datos_originales!$AC331/Datos_originales!$E331 -> 0.0074899745 | BD34: =Datos_originales!$AD331/Datos_originales!$E331 -> 0.009875011 | BE34: =Datos_originales!$AE331/Datos_originales!$E331 -> 0.0012258877 | BF34: =Datos_originales!$AF331/Datos_originales!$E331 -> 0.0091783508 | BG34: =Datos_originales!$AG331/Datos_originales!$E331 -> 0.010144308
A35: 20105 | B35: La Paz | C35: El Alto | D35: =IF(Table_1[[#This Row],[Forest cover 2011]]<1000,"Bosque menor a 1000 ha",Table_1[[#This Row],[Forest cover 2011]]) -> Bosque menor a 1000 ha | E35: 0 | F35: =AVERAGE(Datos_originales!$H234:$J234) -> 0 | G35: =AVERAGE(Datos_originales!$R234:$T234) -> 0 | H35: 0 | I35: 0 | J35: 0 | K35: 0 | L35: 0 | M35: 0 | N35: 0 | O35: 0 | P35: 0 | Q35: 0 | R35: 0 | S35: 0 | T35: 0 | U35: 0 | V35: 0 | W35: 0 | X35: 0 | Y35: 0 | Z35: 0 | AA35: 0 | AB35: 0 | AC35: 0 | AD35: 0 | AE35: 0 | AF35: 0 | AG35: 0 | AH35: 0 | AI35: 0 | AJ35: 0 | AK35: 0 | AL35: 0 | AM35: 0 | AN35: 0 | AO35: 0 | AP35: 0 | AQ35: 0 | AR35: 0 | AS35: 0 | AT35: 0 | AU35: 0 | AV35: 0 | AW35: 0 | AX35: 0 | AY35: 0 | AZ35: 0 | BA35: 0 | BB35: 0 | BC35: 0 | BD35: 0 | BE35: 0 | BF35: 0 | BG35: 0
A36: 20201 | B36: La Paz | C36: Achacachi | D36: =IF(Table_1[[#This Row],[Forest cover 2011]]<1000,"Bosque menor a 1000 ha",Table_1[[#This Row],[Forest cover 2011]]) -> Bosque menor a 1000 ha | E36: 0.45 | F36: =AVERAGE(Datos_originales!$H318:$J318) -> 941.91 | G36: =AVERAGE(Datos_originales!$R318:$T318) -> 620.64 | H36: 0 | I36: 0 | J36: 0 | K36: 0 | L36: 0 | M36: 0 | N36: 0 | O36: 0 | P36: 0 | Q36: 0 | R36: 0 | S36: 0 | T36: 0 | U36: 0 | V36: 0 | W36: 0 | X36: 0 | Y36: 0 | Z36: 0 | AA36: 0 | AB36: 0 | AC36: 0 | AD36: 0 | AE36: 0 | AF36: 0 | AG36: 0 | AH36: =Datos_originales!$H318/Datos_originales!$E318 -> 0.0022081803 | AI36: =Datos_originales!$I318/Datos_originales!$E318 -> 0.0016780902 | AJ36: =Datos_originales!$J318/Datos_originales!$E318 -> 0.0023378284 | AK36: =Datos_originales!$K318/Datos_originales!$E318 -> 0.0010893214 | AL36: =Datos_originales!$L318/Datos_originales!$E318 -> 0.001812496 | AM36: =Datos_originales!$M318/Datos_originales!$E318 -> 0.001204498 | AN36: =Datos_originales!$N318/Datos_originales!$E318 -> 0.0011464141 | AO36: =Datos_originales!$O318/Datos_originales!$E318 -> 0.0041314917 | AP36: =Datos_originales!$P318/Datos_originales!$E318 -> 0.0017557997 | AQ36: =Datos_originales!$Q318/Datos_originales!$E318 -> 0.0010163696 | AR36: =Datos_originales!$R318/Datos_originales!$E318 -> 0.00063218305 | AS36: =Datos_originales!$S318/Datos_originales!$E318 -> 0.0011117223 | AT36: =Datos_originales!$T318/Datos_originales!$E318 -> 0.0023572558 | AU36: =Datos_originales!$U318/Datos_originales!$E318 -> 0.026386555 | AV36: =Datos_originales!$V318/Datos_originales!$E318 -> 0.010322881 | AW36: =Datos_originales!$W318/Datos_originales!$E318 -> 0.018105929 | AX36: =Datos_originales!$X318/Datos_originales!$E318 -> 0.0077221884 | AY36: =Datos_originales!$Y318/Datos_originales!$E318 -> 0.0084645921 | AZ36: =Datos_originales!$Z318/Datos_originales!$E318 -> 0.0042984086 | BA36: =Datos_originales!$AA318/Datos_originales!$E318 -> 0.0036099258 | BB36: =Datos_originales!$AB318/Datos_originales!$E318 -> 0.012684498 | BC36: =Datos_originales!$AC318/Datos_originales!$E318 -> 0.0071875387 | BD36: =Datos_originales!$AD318/Datos_originales!$E318 -> 0.002841751 | BE36: =Datos_originales!$AE318/Datos_originales!$E318 -> 0.0052673992 | BF36: =Datos_originales!$AF318/Datos_originales!$E318 -> 0.0032509156 | BG36: =Datos_originales!$AG318/Datos_originales!$E318 -> 0.016059115
A37: 20202 | B37: La Paz | C37: Villa Ancoraimes | D37: =IF(Table_1[[#This Row],[Forest cover 2011]]<1000,"Bosque menor a 1000 ha",Table_1[[#This Row],[Forest cover 2011]]) -> Bosque menor a 1000 ha | E37: 3.69 | F37: =AVERAGE(Datos_originales!$H323:$J323) -> 201.39 | G37: =AVERAGE(Datos_originales!$R323:$T323) -> 237.99 | H37: 0 | I37: 0 | J37: 0 | K37: 0 | L37: 0 | M37: 0 | N37: 0 | O37: 0 | P37: 0 | Q37: 0 | R37: 0 | S37: 0 | T37: 0 | U37: 0 | V37: 0 | W37: 0 | X37: 0 | Y37: 0 | Z37: 0 | AA37: 0 | AB37: 0 | AC37: 0 | AD37: 0 | AE37: 0 | AF37: 0 | AG37: 0 | AH37: =Datos_originales!$H323/Datos_originales!$E323 -> 0.00093060703 | AI37: =Datos_originales!$I323/Datos_originales!$E323 -> 0.00050769633 | AJ37: =Datos_originales!$J323/Datos_originales!$E323 -> 0.00083836027 | AK37: =Datos_originales!$K323/Datos_originales!$E323 -> 0.00046869494 | AL37: =Datos_originales!$L323/Datos_originales!$E323 -> 0.00039611845 | AM37: =Datos_originales!$M323/Datos_originales!$E323 -> 0.00026147887 | AN37: =Datos_originales!$N323/Datos_originales!$E323 -> 0.00029573226 | AO37: =Datos_originales!$O323/Datos_originales!$E323 -> 0.00047819093 | AP37: =Datos_originales!$P323/Datos_originales!$E323 -> 0.000416467 | AQ37: =Datos_originales!$Q323/Datos_originales!$E323 -> 0.00083056 | AR37: =Datos_originales!$R323/Datos_originales!$E323 -> 0.00039917073 | AS37: =Datos_originales!$S323/Datos_originales!$E323 -> 0.0007532355 | AT37: =Datos_originales!$T323/Datos_originales!$E323 -> 0.0015380113 | AU37: =Datos_originales!$U323/Datos_originales!$E323 -> 0.018207544 | AV37: =Datos_originales!$V323/Datos_originales!$E323 -> 0.0081417941 | AW37: =Datos_originales!$W323/Datos_originales!$E323 -> 0.017288467 | AX37: =Datos_originales!$X323/Datos_originales!$E323 -> 0.0065705469 | AY37: =Datos_originales!$Y323/Datos_originales!$E323 -> 0.0041558523 | AZ37: =Datos_originales!$Z323/Datos_originales!$E323 -> 0.004997604 | BA37: =Datos_originales!$AA323/Datos_originales!$E323 -> 0.0026124147 | BB37: =Datos_originales!$AB323/Datos_originales!$E323 -> 0.0034406007 | BC37: =Datos_originales!$AC323/Datos_originales!$E323 -> 0.0035057161 | BD37: =Datos_originales!$AD323/Datos_originales!$E323 -> 0.0018737623 | BE37: =Datos_originales!$AE323/Datos_originales!$E323 -> 0.0021138752 | BF37: =Datos_originales!$AF323/Datos_originales!$E323 -> 0.0037417593 | BG37: =Datos_originales!$AG323/Datos_originales!$E323 -> 0.029213057
A38: 20203 | B38: La Paz | C38: Chua Cocani | D38: =IF(Table_1[[#This Row],[Forest cover 2011]]<1000,"Bosque menor a 1000 ha",Table_1[[#This Row],[Forest cover 2011]]) -> Bosque menor a 1000 ha | E38: 0 | F38: =AVERAGE(Datos_originales!$H235:$J235) -> 0 | G38: =AVERAGE(Datos_originales!$R235:$T235) -> 0 | H38: 0 | I38: 0 | J38: 0 | K38: 0 | L38: 0 | M38: 0 | N38: 0 | O38: 0 | P38: 0 | Q38: 0 | R38: 0 | S38: 0 | T38: 0 | U38: 0 | V38: 0 | W38: 0 | X38: 0 | Y38: 0 | Z38: 0 | AA38: 0 | AB38: 0 | AC38: 0 | AD38: 0 | AE38: 0 | AF38: 0 | AG38: 0 | AH38: 0 | AI38: 0 | AJ38: 0 | AK38: 0 | AL38: 0 | AM38: 0 | AN38: 0 | AO38: 0 | AP38: 0 | AQ38: 0 | AR38: 0 | AS38: 0 | AT38: 0 | AU38: 0 | AV38: 0 | AW38: 0 | AX38: 0 | AY38: 0 | AZ38: 0 | BA38: 0 | BB38: 0 | BC38: 0 | BD38: 0 | BE38: 0 | BF38: 0 | BG38: 0
A39: 20204 | B39: La Paz | C39: Huarina | D39: =IF(Table_1[[#This Row],[Forest cover 2011]]<1000,"Bosque menor a 1000 ha",Table_1[[#This Row],[Forest cover 2011]]) -> Bosque menor a 1000 ha | E39: 0 | F39: =AVERAGE(Datos_originales!$H236:$J236) -> 0 | G39: =AVERAGE(Datos_originales!$R236:$T236) -> 0.12 | H39: 0 | I39: 0 | J39: 0 | K39: 0 | L39: 0 | M39: 0 | N39: 0 | O39: 0 | P39: 0 | Q39: 0 | R39: 0 | S39: 0 | T39: 0 | U39: 0 | V39: 0 | W39: 0 | X39: 0 | Y39: 0 | Z39: 0 | AA39: 0 | AB39: 0 | AC39: 0 | AD39: 0 | AE39: 0 | AF39: 0 | AG39: 0 | AH39: 0 | AI39: 0 | AJ39: 0 | AK39: 0 | AL39: 0 | AM39: 0 | AN39: 0 | AO39: 0 | AP39: 0 | AQ39: 0 | AR39: 0 | AS39: 0 | AT39: 0 | AU39: 0 | AV39: 0 | AW39: 0 | AX39: 0 | AY39: 0 | AZ39: 0 | BA39: 0 | BB39: 0 | BC39: 0 | BD39: 0 | BE39: 0 | BF39: 0 | BG39: 0
A40: 20205 | B40: La Paz | C40: Santiago de Huata | D40: =IF(Table_1[[#This Row],[Forest cover 2011]]<1000,"Bosque menor a 1000 ha",Table_1[[#This Row],[Forest cover 2011]]) -> Bosque menor a 1000 ha | E40: 0 | F40: =AVERAGE(Datos_originales!$H237:$J237) -> 0 | G40: =AVERAGE(Datos_originales!$R237:$T237) -> 0.03 | H40: 0 | I40: 0 | J40: 0 | K40: 0 | L40: 0 | M40: 0 | N40: 0 | O40: 0 | P40: 0 | Q40: 0 | R40: 0 | S40: 0 | T40: 0 | U40: 0 | V40: 0 | W40: 0 | X40: 0 | Y40: 0 | Z40: 0 | AA40: 0 | AB40: 0 | AC40: 0 | AD40: 0 | AE40: 0 | AF40: 0 | AG40: 0 | AH40: 0 | AI40: 0 | AJ40: 0 | AK40: 0 | AL40: 0 | AM40: 0 | AN40: 0 | AO40: 0 | AP40: 0 | AQ40: 0 | AR40: 0 | AS40: 0 | AT40: 0 | AU40: 0 | AV40: 0 | AW40: 0 | AX40: 0 | AY40: 0 | AZ40: 0 | BA40: 0 | BB40: 0 | BC40: 0 | BD40: 0 | BE40: 0 | BF40: 0 | BG40: 0
A41: 20206 | B41: La Paz | C41: Huatajata | D41: =IF(Table_1[[#This Row],[Forest cover 2011]]<1000,"Bosque menor a 1000 ha",Table_1[[#This Row],[Forest cover 2011]]) -> Bosque menor a 1000 ha | E41: 0 | F41: =AVERAGE(Datos_originales!$H238:$J238) -> 0 | G41: =AVERAGE(Datos_originales!$R238:$T238) -> 0.3 | H41: 0 | I41: 0 | J41: 0 | K41: 0 | L41: 0 | M41: 0 | N41: 0 | O41: 0 | P41: 0 | Q41: 0 | R41: 0 | S41: 0 | T41: 0 | U41: 0 | V41: 0 | W41: 0 | X41: 0 | Y41: 0 | Z41: 0 | AA41: 0 | AB41: 0 | AC41: 0 | AD41: 0 | AE41: 0 | AF41: 0 | AG41: 0 | AH41: 0 | AI41: 0 | AJ41: 0 | AK41: 0 | AL41: 0 | AM41: 0 | AN41: 0 | AO41: 0 | AP41: 0 | AQ41: 0 | AR41: 0 | AS41: 0 | AT41: 0 | AU41: 0 | AV41: 0 | AW41: 0 | AX41: 0 | AY41: 0 | AZ41: 0 | BA41: 0 | BB41: 0 | BC41: 0 | BD41: 0 | BE41: 0 | BF41: 0 | BG41: 0
A42: 20301 | B42: La Paz | C42: Corocoro | D42: =IF(Table_1[[#This Row],[Forest cover 2011]]<1000,"Bosque menor a 1000 ha",Table_1[[#This Row],[Forest cover 2011]]) -> Bosque menor a 1000 ha | E42: 0 | F42: =AVERAGE(Datos_originales!$H239:$J239) -> 0 | G42: =AVERAGE(Datos_originales!$R239:$T239) -> 0 | H42: 0 | I42: 0 | J42: 0 | K42: 0 | L42: 0 | M42: 0 | N42: 0 | O42: 0 | P42: 0 | Q42: 0 | R42: 0 | S42: 0 | T42: 0 | U42: 0 | V42: 0 | W42: 0 | X42: 0 | Y42: 0 | Z42: 0 | AA42: 0 | AB42: 0 | AC42: 0 | AD42: 0 | AE42: 0 | AF42: 0 | AG42: 0 | AH42: 0 | AI42: 0 | AJ42: 0 | AK42: 0 | AL42: 0 | AM42: 0 | AN42: 0 | AO42: 0 | AP42: 0 | AQ42: 0 | AR42: 0 | AS42: 0 | AT42: 0 | AU42: 0 | AV42: 0 | AW42: 0 | AX42: 0 | AY42: 0 | AZ42: 0 | BA42: 0 | BB42: 0 | BC42: 0 | BD42: 0 | BE42: 0 | BF42: 0 | BG42: 0
A43: 20302 | B43: La Paz | C43: Caquiaviri | D43: =IF(Table_1[[#This Row],[Forest cover 2011]]<1000,"Bosque menor a 1000 ha",Table_1[[#This Row],[Forest cover 2011]]) -> Bosque menor a 1000 ha | E43: 0 | F43: =AVERAGE(Datos_originales!$H240:$J240) -> 0 | G43: =AVERAGE(Datos_originales!$R240:$T240) -> 0 | H43: 0 | I43: 0 | J43: 0 | K43: 0 | L43: 0 | M43: 0 | N43: 0 | O43: 0 | P43: 0 | Q43: 0 | R43: 0 | S43: 0 | T43: 0 | U43: 0 | V43: 0 | W43: 0 | X43: 0 | Y43: 0 | Z43: 0 | AA43: 0 | AB43: 0 | AC43: 0 | AD43: 0 | AE43: 0 | AF43: 0 | AG43: 0 | AH43: 0 | AI43: 0 | AJ43: 0 | AK43: 0 | AL43: 0 | AM43: 0 | AN43: 0 | AO43: 0 | AP43: 0 | AQ43: 0 | AR43: 0 | AS43: 0 | AT43: 0 | AU43: 0 | AV43: 0 | AW43: 0 | AX43: 0 | AY43: 0 | AZ43: 0 | BA43: 0 | BB43: 0 | BC43: 0 | BD43: 0 | BE43: 0 | BF43: 0 | BG43: 0
A44: 20303 | B44: La Paz | C44: Calacoto | D44: =IF(Table_1[[#This Row],[Forest cover 2011]]<1000,"Bosque menor a 1000 ha",Table_1[[#This Row],[Forest cover 2011]]) -> Bosque menor a 1000 ha | E44: 10.44 | F44: =AVERAGE(Datos_originales!$H330:$J330) -> 419.97 | G44: =AVERAGE(Datos_originales!$R330:$T330) -> 417.15 | H44: 0 | I44: 0 | J44: 1.89 | K44: 0 | L44: 0 | M44: 0 | N44: 0 | O44: 0 | P44: 0 | Q44: 0 | R44: 0 | S44: 0 | T44: 0 | U44: 8.55 | V44: 0 | W44: 1.89 | X44: 0 | Y44: 0 | Z44: 0 | AA44: 0 | AB44: 0 | AC44: 0 | AD44: 0 | AE44: 0 | AF44: 0 | AG44: 0 | AH44: =Datos_originales!$H330/Datos_originales!$E330 -> 0.019984612 | AI44: =Datos_originales!$I330/Datos_originales!$E330 -> 0.017510217 | AJ44: =Datos_originales!$J330/Datos_originales!$E330 -> 0.016628713 | AK44: =Datos_originales!$K330/Datos_originales!$E330 -> 0.015178872 | AL44: =Datos_originales!$L330/Datos_originales!$E330 -> 0.018801542 | AM44: =Datos_originales!$M330/Datos_originales!$E330 -> 0.019234561 | AN44: =Datos_originales!$N330/Datos_originales!$E330 -> 0.01899872 | AO44: =Datos_originales!$O330/Datos_originales!$E330 -> 0.010500717 | AP44: =Datos_originales!$P330/Datos_originales!$E330 -> 0.011764979 | AQ44: =Datos_originales!$Q330/Datos_originales!$E330 -> 0.017854312 | AR44: =Datos_originales!$R330/Datos_originales!$E330 -> 0.001778472 | AS44: =Datos_originales!$S330/Datos_originales!$E330 -> 0.028366628 | AT44: =Datos_originales!$T330/Datos_originales!$E330 -> 0.023615015 | AU44: =Datos_originales!$U330/Datos_originales!$E330 -> 0.021210212 | AV44: =Datos_originales!$V330/Datos_originales!$E330 -> 0.018550236 | AW44: =Datos_originales!$W330/Datos_originales!$E330 -> 0.017610739 | AX44: =Datos_originales!$X330/Datos_originales!$E330 -> 0.01845358 | AY44: =Datos_originales!$Y330/Datos_originales!$E330 -> 0.019764236 | AZ44: =Datos_originales!$Z330/Datos_originales!$E330 -> 0.019829963 | BA44: =Datos_originales!$AA330/Datos_originales!$E330 -> 0.019188166 | BB44: =Datos_originales!$AB330/Datos_originales!$E330 -> 0.011351291 | BC44: =Datos_originales!$AC330/Datos_originales!$E330 -> 0.012143871 | BD44: =Datos_originales!$AD330/Datos_originales!$E330 -> 0.01793937 | BE44: =Datos_originales!$AE330/Datos_originales!$E330 -> 0.0017900707 | BF44: =Datos_originales!$AF330/Datos_originales!$E330 -> 0.029124412 | BG44: =Datos_originales!$AG330/Datos_originales!$E330 -> 0.023990041
A45: 20304 | B45: La Paz | C45: Comanche | D45: =IF(Table_1[[#This Row],[Forest cover 2011]]<1000,"Bosque menor a 1000 ha",Table_1[[#This Row],[Forest cover 2011]]) -> Bosque menor a 1000 ha | E45: 0 | F45: =AVERAGE(Datos_originales!$H241:$J241) -> 0.96 | G45: =AVERAGE(Datos_originales!$R241:$T241) -> 4.2 | H45: 0 | I45: 0 | J45: 0 | K45: 0 | L45: 0 | M45: 0 | N45: 0 | O45: 0 | P45: 0 | Q45: 0 | R45: 0 | S45: 0 | T45: 0 | U45: 0 | V45: 0 | W45: 0 | X45: 0 | Y45: 0 | Z45: 0 | AA45: 0 | AB45: 0 | AC45: 0 | AD45: 0 | AE45: 0 | AF45: 0 | AG45: 0 | AH45: 0 | AI45: 0 | AJ45: 0 | AK45: 0 | AL45: 0 | AM45: 0 | AN45: 0 | AO45: 0 | AP45: 0 | AQ45: 0 | AR45: 0 | AS45: 0 | AT45: 0 | AU45: 0 | AV45: 0 | AW45: 0 | AX45: 0 | AY45: 0 | AZ45: 0 | BA45: 0 | BB45: 0 | BC45: 0 | BD45: 0 | BE45: 0 | BF45: 0 | BG45: 0
A46: 20305 | B46: La Paz | C46: Charaña | D46: =IF(Table_1[[#This Row],[Forest cover 2011]]<1000,"Bosque menor a 1000 ha",Table_1[[#This Row],[Forest cover 2011]]) -> Bosque menor a 1000 ha | E46: 0 | F46: =AVERAGE(Datos_originales!$H242:$J242) -> 0 | G46: =AVERAGE(Datos_originales!$R242:$T242) -> 0 | H46: 0 | I46: 0 | J46: 0 | K46: 0 | L46: 0 | M46: 0 | N46: 0 | O46: 0 | P46: 0 | Q46: 0 | R46: 0 | S46: 0 | T46: 0 | U46: 0 | V46: 0 | W46: 0 | X46: 0 | Y46: 0 | Z46: 0 | AA46: 0 | AB46: 0 | AC46: 0 | AD46: 0 | AE46: 0 | AF46: 0 | AG46: 0 | AH46: 0 | AI46: 0 | AJ46: 0 | AK46: 0 | AL46: 0 | AM46: 0 | AN46: 0 | AO46: 0 | AP46: 0 | AQ46: 0 | AR46: 0 | AS46: 0 | AT46: 0 | AU46: 0 | AV46: 0 | AW46: 0 | AX46: 0 | AY46: 0 | AZ46: 0 | BA46: 0 | BB46: 0 | BC46: 0 | BD46: 0 | BE46: 0 | BF46: 0 | BG46: 0
A47: 20306 | B47: La Paz | C47: Waldo Ballivián | D47: =IF(Table_1[[#This Row],[Forest cover 2011]]<1000,"Bosque menor a 1000 ha",Table_1[[#This Row],[Forest cover 2011]]) -> Bosque menor a 1000 ha | E47: 0 | F47: =AVERAGE(Datos_originales!$H243:$J243) -> 49.77 | G47: =AVERAGE(Datos_originales!$R243:$T243) -> 306.78 | H47: 0 | I47: 0 | J47: 0 | K47: 0 | L47: 0 | M47: 0 | N47: 0 | O47: 0 | P47: 0 | Q47: 0 | R47: 0 | S47: 0 | T47: 0 | U47: 0 | V47: 0 | W47: 0 | X47: 0 | Y47: 0 | Z47: 0 | AA47: 0 | AB47: 0 | AC47: 0 | AD47: 0 | AE47: 0 | AF47: 0 | AG47: 0 | AH47: 0 | AI47: 0 | AJ47: 0 | AK47: 0 | AL47: 0 | AM47: 0 | AN47: 0 | AO47: 0 | AP47: 0 | AQ47: 0 | AR47: 0 | AS47: 0 | AT47: 0 | AU47: 0 | AV47: 0 | AW47: 0 | AX47: 0 | AY47: 0 | AZ47: 0 | BA47: 0 | BB47: 0 | BC47: 0 | BD47: 0 | BE47: 0 | BF47: 0 | BG47: 0
A48: 20307 | B48: La Paz | C48: Nazacara de Pacajes | D48: =IF(Table_1[[#This Row],[Forest cover 2011]]<1000,"Bosque menor a 1000 ha",Table_1[[#This Row],[Forest cover 2011]]) -> Bosque menor a 1000 ha | E48: 0 | F48: =AVERAGE(Datos_originales!$H244:$J244) -> 531.12 | G48: =AVERAGE(Datos_originales!$R244:$T244) -> 887.52 | H48: 0 | I48: 0 | J48: 0 | K48: 0 | L48: 0 | M48: 0 | N48: 0 | O48: 0 | P48: 0 | Q48: 0 | R48: 0 | S48: 0 | T48: 0 | U48: 0 | V48: 0 | W48: 0 | X48: 0 | Y48: 0 | Z48: 0 | AA48: 0 | AB48: 0 | AC48: 0 | AD48: 0 | AE48: 0 | AF48: 0 | AG48: 0 | AH48: 0 | AI48: 0 | AJ48: 0 | AK48: 0 | AL48: 0 | AM48: 0 | AN48: 0 | AO48: 0 | AP48: 0 | AQ48: 0 | AR48: 0 | AS48: 0 | AT48: 0 | AU48: 0 | AV48: 0 | AW48: 0 | AX48: 0 | AY48: 0 | AZ48: 0 | BA48: 0 | BB48: 0 | BC48: 0 | BD48: 0 | BE48: 0 | BF48: 0 | BG48: 0
A49: 20308 | B49: La Paz | C49: Santiago de Callapa | D49: =IF(Table_1[[#This Row],[Forest cover 2011]]<1000,"Bosque menor a 1000 ha",Table_1[[#This Row],[Forest cover 2011]]) -> Bosque menor a 1000 ha | E49: 0 | F49: =AVERAGE(Datos_originales!$H245:$J245) -> 217.71 | G49: =AVERAGE(Datos_originales!$R245:$T245) -> 364.59 | H49: 0 | I49: 0 | J49: 0 | K49: 0 | L49: 0 | M49: 0 | N49: 0 | O49: 0 | P49: 0 | Q49: 0 | R49: 0 | S49: 0 | T49: 0 | U49: 0 | V49: 0 | W49: 0 | X49: 0 | Y49: 0 | Z49: 0 | AA49: 0 | AB49: 0 | AC49: 0 | AD49: 0 | AE49: 0 | AF49: 0 | AG49: 0 | AH49: 0 | AI49: 0 | AJ49: 0 | AK49: 0 | AL49: 0 | AM49: 0 | AN49: 0 | AO49: 0 | AP49: 0 | AQ49: 0 | AR49: 0 | AS49: 0 | AT49: 0 | AU49: 0 | AV49: 0 | AW49: 0 | AX49: 0 | AY49: 0 | AZ49: 0 | BA49: 0 | BB49: 0 | BC49: 0 | BD49: 0 | BE49: 0 | BF49: 0 | BG49: 0
A50: 20401 | B50: La Paz | C50: Puerto Acosta | D50: =IF(Table_1[[#This Row],[Forest cover 2011]]<1000,"Bosque menor a 1000 ha",Table_1[[#This Row],[Forest cover 2011]]) -> Bosque menor a 1000 ha | E50: 0 | F50: =AVERAGE(Datos_originales!$H246:$J246) -> 4233.15 | G50: =AVERAGE(Datos_originales!$R246:$T246) -> 7191.99 | H50: 0 | I50: 0 | J50: 0 | K50: 0 | L50: 0 | M50: 0 | N50: 0 | O50: 0 | P50: 0 | Q50: 0 | R50: 0 | S50: 0 | T50: 0 | U50: 0 | V50: 0 | W50: 0 | X50: 0 | Y50: 0 | Z50: 0 | AA50: 0 | AB50: 0 | AC50: 0 | AD50: 0 | AE50: 0 | AF50: 0 | AG50: 0 | AH50: 0 | AI50: 0 | AJ50: 0 | AK50: 0 | AL50: 0 | AM50: 0 | AN50: 0 | AO50: 0 | AP50: 0 | AQ50: 0 | AR50: 0 | AS50: 0 | AT50: 0 | AU50: 0 | AV50: 0 | AW50: 0 | AX50: 0 | AY50: 0 | AZ50: 0 | BA50: 0 | BB50: 0 | BC50: 0 | BD50: 0 | BE50: 0 | BF50: 0 | BG50: 0
A51: 20402 | B51: La Paz | C51: Mocomoco | D51: =IF(Table_1[[#This Row],[Forest cover 2011]]<1000,"Bosque menor a 1000 ha",Table_1[[#This Row],[Forest cover 2011]]) -> 3005.1 | E51: 3005.1 | F51: =AVERAGE(Datos_originales!$H99:$J99) -> 0 | G51: =AVERAGE(Datos_originales!$R99:$T99) -> 0 | H51: 1.08 | I51: 3.24 | J51: 6.39 | K51: 1.8 | L51: 1.26 | M51: 2.97 | N51: 1.26 | O51: 2.07 | P51: 5.31 | Q51: 0.63 | R51: 0.36 | S51: 14.13 | T51: 5.4 | U51: 22.95 | V51: 20.7 | W51: 56.16 | X51: 14.4 | Y51: 6.48 | Z51: 14.49 | AA51: 6.84 | AB51: 19.89 | AC51: 11.88 | AD51: 1.62 | AE51: 0.72 | AF51: 15.84 | AG51: 44.1 | AH51: =Datos_originales!$H99/Datos_originales!$E99 -> #DIV/0! | AI51: =Datos_originales!$I99/Datos_originales!$E99 -> #DIV/0! | AJ51: =Datos_originales!$J99/Datos_originales!$E99 -> #DIV/0! | AK51: =Datos_originales!$K99/Datos_originales!$E99 -> #DIV/0! | AL51: =Datos_originales!$L99/Datos_originales!$E99 -> #DIV/0! | AM51: =Datos_originales!$M99/Datos_originales!$E99 -> #DIV/0! | AN51: =Datos_originales!$N99/Datos_originales!$E99 -> #DIV/0! | AO51: =Datos_originales!$O99/Datos_originales!$E99 -> #DIV/0! | AP51: =Datos_originales!$P99/Datos_originales!$E99 -> #DIV/0! | AQ51: =Datos_originales!$Q99/Datos_originales!$E99 -> #DIV/0! | AR51: =Datos_originales!$R99/Datos_originales!$E99 -> #DIV/0! | AS51: =Datos_originales!$S99/Datos_originales!$E99 -> #DIV/0! | AT51: =Datos_originales!$T99/Datos_originales!$E99 -> #DIV/0! | AU51: =Datos_originales!$U99/Datos_originales!$E99 -> #DIV/0! | AV51: =Datos_originales!$V99/Datos_originales!$E99 -> #DIV/0! | AW51: =Datos_originales!$W99/Datos_originales!$E99 -> #DIV/0! | AX51: =Datos_originales!$X99/Datos_originales!$E99 -> #DIV/0! | AY51: =Datos_originales!$Y99/Datos_originales!$E99 -> #DIV/0! | AZ51: =Datos_originales!$Z99/Datos_originales!$E99 -> #DIV/0! | BA51: =Datos_originales!$AA99/Datos_originales!$E99 -> #DIV/0! | BB51: =Datos_originales!$AB99/Datos_originales!$E99 -> #DIV/0! | BC51: =Datos_originales!$AC99/Datos_originales!$E99 -> #DIV/0! | BD51: =Datos_originales!$AD99/Datos_originales!$E99 -> #DIV/0! | BE51: =Datos_originales!$AE99/Datos_originales!$E99 -> #DIV/0! | BF51: =Datos_originales!$AF99/Datos_originales!$E99 -> #DIV/0! | BG51: =Datos_originales!$AG99/Datos_originales!$E99 -> #DIV/0!
A52: 20403 | B52: La Paz | C52: Puerto Mayor de Carabuco | D52: =IF(Table_1[[#This Row],[Forest cover 2011]]<1000,"Bosque menor a 1000 ha",Table_1[[#This Row],[Forest cover 2011]]) -> Bosque menor a 1000 ha | E52: 170.64 | F52: =AVERAGE(Datos_originales!$H28:$J28) -> 817.02 | G52: =AVERAGE(Datos_originales!$R28:$T28) -> 1189.29 | H52: 0 | I52: 0 | J52: 0.18 | K52: 0 | L52: 0 | M52: 0 | N52: 0 | O52: 0.63 | P52: 0.18 | Q52: 0 | R52: 0 | S52: 0.18 | T52: 2.43 | U52: 2.88 | V52: 0.81 | W52: 5.58 | X52: 0.72 | Y52: 0 | Z52: 1.71 | AA52: 0.36 | AB52: 6.03 | AC52: 0.27 | AD52: 0.36 | AE52: 0.45 | AF52: 0.18 | AG52: 14.13 | AH52: =Datos_originales!$H28/Datos_originales!$E28 -> 0.0017491504 | AI52: =Datos_originales!$I28/Datos_originales!$E28 -> 0.0033458615 | AJ52: =Datos_originales!$J28/Datos_originales!$E28 -> 0.0019895155 | AK52: =Datos_originales!$K28/Datos_originales!$E28 -> 0.0011154606 | AL52: =Datos_originales!$L28/Datos_originales!$E28 -> 0.0016237651 | AM52: =Datos_originales!$M28/Datos_originales!$E28 -> 0.0017283396 | AN52: =Datos_originales!$N28/Datos_originales!$E28 -> 0.0029486347 | AO52: =Datos_originales!$O28/Datos_originales!$E28 -> 0.0019380087 | AP52: =Datos_originales!$P28/Datos_originales!$E28 -> 0.0019804108 | AQ52: =Datos_originales!$Q28/Datos_originales!$E28 -> 0.003216314 | AR52: =Datos_originales!$R28/Datos_originales!$E28 -> 0.00097862936 | AS52: =Datos_originales!$S28/Datos_originales!$E28 -> 0.0066599864 | AT52: =Datos_originales!$T28/Datos_originales!$E28 -> 0.0026739317 | AU52: =Datos_originales!$U28/Datos_originales!$E28 -> 0.0019595999 | AV52: =Datos_originales!$V28/Datos_originales!$E28 -> 0.0034988211 | AW52: =Datos_originales!$W28/Datos_originales!$E28 -> 0.0031289085 | AX52: =Datos_originales!$X28/Datos_originales!$E28 -> 0.0012673796 | AY52: =Datos_originales!$Y28/Datos_originales!$E28 -> 0.0017827079 | AZ52: =Datos_originales!$Z28/Datos_originales!$E28 -> 0.0018781776 | BA52: =Datos_originales!$AA28/Datos_originales!$E28 -> 0.003083645 | BB52: =Datos_originales!$AB28/Datos_originales!$E28 -> 0.0033338952 | BC52: =Datos_originales!$AC28/Datos_originales!$E28 -> 0.0021695292 | BD52: =Datos_originales!$AD28/Datos_originales!$E28 -> 0.003556311 | BE52: =Datos_originales!$AE28/Datos_originales!$E28 -> 0.00119116 | BF52: =Datos_originales!$AF28/Datos_originales!$E28 -> 0.0071310916 | BG52: =Datos_originales!$AG28/Datos_originales!$E28 -> 0.0031806755
A53: 20404 | B53: La Paz | C53: Humanata | D53: =IF(Table_1[[#This Row],[Forest cover 2011]]<1000,"Bosque menor a 1000 ha",Table_1[[#This Row],[Forest cover 2011]]) -> Bosque menor a 1000 ha | E53: 0 | F53: =AVERAGE(Datos_originales!$H247:$J247) -> 1214.64 | G53: =AVERAGE(Datos_originales!$R247:$T247) -> 1459.11 | H53: 0 | I53: 0 | J53: 0 | K53: 0 | L53: 0 | M53: 0 | N53: 0 | O53: 0 | P53: 0 | Q53: 0 | R53: 0 | S53: 0 | T53: 0 | U53: 0 | V53: 0 | W53: 0 | X53: 0 | Y53: 0 | Z53: 0 | AA53: 0 | AB53: 0 | AC53: 0 | AD53: 0 | AE53: 0 | AF53: 0 | AG53: 0 | AH53: 0 | AI53: 0 | AJ53: 0 | AK53: 0 | AL53: 0 | AM53: 0 | AN53: 0 | AO53: 0 | AP53: 0 | AQ53: 0 | AR53: 0 | AS53: 0 | AT53: 0 | AU53: 0 | AV53: 0 | AW53: 0 | AX53: 0 | AY53: 0 | AZ53: 0 | BA53: 0 | BB53: 0 | BC53: 0 | BD53: 0 | BE53: 0 | BF53: 0 | BG53: 0
A54: 20405 | B54: La Paz | C54: Escoma | D54: =IF(Table_1[[#This Row],[Forest cover 2011]]<1000,"Bosque menor a 1000 ha",Table_1[[#This Row],[Forest cover 2011]]) -> Bosque menor a 1000 ha | E54: 0 | F54: =AVERAGE(Datos_originales!$H248:$J248) -> 2523.6 | G54: =AVERAGE(Datos_originales!$R248:$T248) -> 4266.75 | H54: 0 | I54: 0 | J54: 0 | K54: 0 | L54: 0 | M54: 0 | N54: 0 | O54: 0 | P54: 0 | Q54: 0 | R54: 0 | S54: 0 | T54: 0 | U54: 0 | V54: 0 | W54: 0 | X54: 0 | Y54: 0 | Z54: 0 | AA54: 0 | AB54: 0 | AC54: 0 | AD54: 0 | AE54: 0 | AF54: 0 | AG54: 0 | AH54: 0 | AI54: 0 | AJ54: 0 | AK54: 0 | AL54: 0 | AM54: 0 | AN54: 0 | AO54: 0 | AP54: 0 | AQ54: 0 | AR54: 0 | AS54: 0 | AT54: 0 | AU54: 0 | AV54: 0 | AW54: 0 | AX54: 0 | AY54: 0 | AZ54: 0 | BA54: 0 | BB54: 0 | BC54: 0 | BD54: 0 | BE54: 0 | BF54: 0 | BG54: 0
A55: 20501 | B55: La Paz | C55: Chuma | D55: =IF(Table_1[[#This Row],[Forest cover 2011]]<1000,"Bosque menor a 1000 ha",Table_1[[#This Row],[Forest cover 2011]]) -> 5788.62 | E55: 5788.62 | F55: =AVERAGE(Datos_originales!$H63:$J63) -> 75.78 | G55: =AVERAGE(Datos_originales!$R63:$T63) -> 233.46 | H55: 2.16 | I55: 7.02 | J55: 8.1 | K55: 10.71 | L55: 10.89 | M55: 8.46 | N55: 5.76 | O55: 2.52 | P55: 21.96 | Q55: 1.62 | R55: 4.14 | S55: 34.29 | T55: 39.87 | U55: 23.49 | V55: 25.38 | W55: 49.5 | X55: 17.73 | Y55: 13.68 | Z55: 14.76 | AA55: 9.72 | AB55: 12.69 | AC55: 29.88 | AD55: 6.21 | AE55: 6.75 | AF55: 35.46 | AG55: 156.78 | AH55: =Datos_originales!$H63/Datos_originales!$E63 -> 0.002318257 | AI55: =Datos_originales!$I63/Datos_originales!$E63 -> 0.0037551586 | AJ55: =Datos_originales!$J63/Datos_originales!$E63 -> 0.0044777865 | AK55: =Datos_originales!$K63/Datos_originales!$E63 -> 0.00294899 | AL55: =Datos_originales!$L63/Datos_originales!$E63 -> 0.003262268 | AM55: =Datos_originales!$M63/Datos_originales!$E63 -> 0.00097742728 | AN55: =Datos_originales!$N63/Datos_originales!$E63 -> 0.0036089623 | AO55: =Datos_originales!$O63/Datos_originales!$E63 -> 0.0025396401 | AP55: =Datos_originales!$P63/Datos_originales!$E63 -> 0.0044944947 | AQ55: =Datos_originales!$Q63/Datos_originales!$E63 -> 0.0019840938 | AR55: =Datos_originales!$R63/Datos_originales!$E63 -> 0.0011445089 | AS55: =Datos_originales!$S63/Datos_originales!$E63 -> 0.026152445 | AT55: =Datos_originales!$T63/Datos_originales!$E63 -> 0.0052087684 | AU55: =Datos_originales!$U63/Datos_originales!$E63 -> 0.0032539139 | AV55: =Datos_originales!$V63/Datos_originales!$E63 -> 0.0046573992 | AW55: =Datos_originales!$W63/Datos_originales!$E63 -> 0.0056640658 | AX55: =Datos_originales!$X63/Datos_originales!$E63 -> 0.0033249236 | AY55: =Datos_originales!$Y63/Datos_originales!$E63 -> 0.0034669429 | AZ55: =Datos_originales!$Z63/Datos_originales!$E63 -> 0.0011779252 | BA55: =Datos_originales!$AA63/Datos_originales!$E63 -> 0.0038386994 | BB55: =Datos_originales!$AB63/Datos_originales!$E63 -> 0.0026565972 | BC55: =Datos_originales!$AC63/Datos_originales!$E63 -> 0.0045947436 | BD55: =Datos_originales!$AD63/Datos_originales!$E63 -> 0.0021135821 | BE55: =Datos_originales!$AE63/Datos_originales!$E63 -> 0.0012071645 | BF55: =Datos_originales!$AF63/Datos_originales!$E63 -> 0.02773972 | BG55: =Datos_originales!$AG63/Datos_originales!$E63 -> 0.0063156839
A56: 20502 | B56: La Paz | C56: Ayata | D56: =IF(Table_1[[#This Row],[Forest cover 2011]]<1000,"Bosque menor a 1000 ha",Table_1[[#This Row],[Forest cover 2011]]) -> 34456.23 | E56: 34456.23 | F56: =AVERAGE(Datos_originales!$H96:$J96) -> 0 | G56: =AVERAGE(Datos_originales!$R96:$T96) -> 0 | H56: 37.17 | I56: 34.56 | J56: 40.14 | K56: 37.89 | L56: 33.3 | M56: 54.81 | N56: 72.9 | O56: 68.76 | P56: 100.89 | Q56: 20.97 | R56: 23.22 | S56: 144.9 | T56: 91.08 | U56: 107.19 | V56: 74.97 | W56: 132.3 | X56: 75.69 | Y56: 49.41 | Z56: 62.37 | AA56: 83.43 | AB56: 88.74 | AC56: 123.12 | AD56: 24.48 | AE56: 24.3 | AF56: 160.65 | AG56: 542.7 | AH56: =Datos_originales!$H96/Datos_originales!$E96 -> #DIV/0! | AI56: =Datos_originales!$I96/Datos_originales!$E96 -> #DIV/0! | AJ56: =Datos_originales!$J96/Datos_originales!$E96 -> #DIV/0! | AK56: =Datos_originales!$K96/Datos_originales!$E96 -> #DIV/0! | AL56: =Datos_originales!$L96/Datos_originales!$E96 -> #DIV/0! | AM56: =Datos_originales!$M96/Datos_originales!$E96 -> #DIV/0! | AN56: =Datos_originales!$N96/Datos_originales!$E96 -> #DIV/0! | AO56: =Datos_originales!$O96/Datos_originales!$E96 -> #DIV/0! | AP56: =Datos_originales!$P96/Datos_originales!$E96 -> #DIV/0! | AQ56: =Datos_originales!$Q96/Datos_originales!$E96 -> #DIV/0! | AR56: =Datos_originales!$R96/Datos_originales!$E96 -> #DIV/0! | AS56: =Datos_originales!$S96/Datos_originales!$E96 -> #DIV/0! | AT56: =Datos_originales!$T96/Datos_originales!$E96 -> #DIV/0! | AU56: =Datos_originales!$U96/Datos_originales!$E96 -> #DIV/0! | AV56: =Datos_originales!$V96/Datos_originales!$E96 -> #DIV/0! | AW56: =Datos_originales!$W96/Datos_originales!$E96 -> #DIV/0! | AX56: =Datos_originales!$X96/Datos_originales!$E96 -> #DIV/0! | AY56: =Datos_originales!$Y96/Datos_originales!$E96 -> #DIV/0! | AZ56: =Datos_originales!$Z96/Datos_originales!$E96 -> #DIV/0! | BA56: =Datos_originales!$AA96/Datos_originales!$E96 -> #DIV/0! | BB56: =Datos_originales!$AB96/Datos_originales!$E96 -> #DIV/0! | BC56: =Datos_originales!$AC96/Datos_originales!$E96 -> #DIV/0! | BD56: =Datos_originales!$AD96/Datos_originales!$E96 -> #DIV/0! | BE56: =Datos_originales!$AE96/Datos_originales!$E96 -> #DIV/0! | BF56: =Datos_originales!$AF96/Datos_originales!$E96 -> #DIV/0! | BG56: =Datos_originales!$AG96/Datos_originales!$E96 -> #DIV/0!
A57: 20503 | B57: La Paz | C57: Aucapata | D57: =IF(Table_1[[#This Row],[Forest cover 2011]]<1000,"Bosque menor a 1000 ha",Table_1[[#This Row],[Forest cover 2011]]) -> 5304.06 | E57: 5304.06 | F57: =AVERAGE(Datos_originales!$H53:$J53) -> 0 | G57: =AVERAGE(Datos_originales!$R53:$T53) -> 0 | H57: 5.85 | I57: 5.04 | J57: 3.69 | K57: 3.6 | L57: 4.77 | M57: 5.94 | N57: 5.13 | O57: 2.16 | P57: 2.88 | Q57: 0.27 | R57: 1.17 | S57: 12.87 | T57: 31.41 | U57: 83.07 | V57: 34.2 | W57: 46.35 | X57: 22.23 | Y57: 13.77 | Z57: 8.73 | AA57: 11.61 | AB57: 7.92 | AC57: 10.53 | AD57: 1.98 | AE57: 2.43 | AF57: 15.03 | AG57: 181.8 | AH57: =Datos_originales!$H53/Datos_originales!$E53 -> #DIV/0! | AI57: =Datos_originales!$I53/Datos_originales!$E53 -> #DIV/0! | AJ57: =Datos_originales!$J53/Datos_originales!$E53 -> #DIV/0! | AK57: =Datos_originales!$K53/Datos_originales!$E53 -> #DIV/0! | AL57: =Datos_originales!$L53/Datos_originales!$E53 -> #DIV/0! | AM57: =Datos_originales!$M53/Datos_originales!$E53 -> #DIV/0! | AN57: =Datos_originales!$N53/Datos_originales!$E53 -> #DIV/0! | AO57: =Datos_originales!$O53/Datos_originales!$E53 -> #DIV/0! | AP57: =Datos_originales!$P53/Datos_originales!$E53 -> #DIV/0! | AQ57: =Datos_originales!$Q53/Datos_originales!$E53 -> #DIV/0! | AR57: =Datos_originales!$R53/Datos_originales!$E53 -> #DIV/0! | AS57: =Datos_originales!$S53/Datos_originales!$E53 -> #DIV/0! | AT57: =Datos_originales!$T53/Datos_originales!$E53 -> #DIV/0! | AU57: =Datos_originales!$U53/Datos_originales!$E53 -> #DIV/0! | AV57: =Datos_originales!$V53/Datos_originales!$E53 -> #DIV/0! | AW57: =Datos_originales!$W53/Datos_originales!$E53 -> #DIV/0! | AX57: =Datos_originales!$X53/Datos_originales!$E53 -> #DIV/0! | AY57: =Datos_originales!$Y53/Datos_originales!$E53 -> #DIV/0! | AZ57: =Datos_originales!$Z53/Datos_originales!$E53 -> #DIV/0! | BA57: =Datos_originales!$AA53/Datos_originales!$E53 -> #DIV/0! | BB57: =Datos_originales!$AB53/Datos_originales!$E53 -> #DIV/0! | BC57: =Datos_originales!$AC53/Datos_originales!$E53 -> #DIV/0! | BD57: =Datos_originales!$AD53/Datos_originales!$E53 -> #DIV/0! | BE57: =Datos_originales!$AE53/Datos_originales!$E53 -> #DIV/0! | BF57: =Datos_originales!$AF53/Datos_originales!$E53 -> #DIV/0! | BG57: =Datos_originales!$AG53/Datos_originales!$E53 -> #DIV/0!
A58: 20601 | B58: La Paz | C58: Sorata | D58: =IF(Table_1[[#This Row],[Forest cover 2011]]<1000,"Bosque menor a 1000 ha",Table_1[[#This Row],[Forest cover 2011]]) -> 57828.96 | E58: 57828.96 | F58: =AVERAGE(Datos_originales!$H92:$J92) -> 0 | G58: =AVERAGE(Datos_originales!$R92:$T92) -> 0 | H58: 50.49 | I58: 51.48 | J58: 52.38 | K58: 29.7 | L58: 40.32 | M58: 19.44 | N58: 46.89 | O58: 22.41 | P58: 71.64 | Q58: 8.91 | R58: 22.59 | S58: 205.2 | T58: 166.59 | U58: 330.66 | V58: 131.22 | W58: 189.18 | X58: 83.34 | Y58: 68.49 | Z58: 30.69 | AA58: 72.72 | AB58: 224.46 | AC58: 104.94 | AD58: 34.11 | AE58: 32.76 | AF58: 239.85 | AG58: 947.07 | AH58: =Datos_originales!$H92/Datos_originales!$E92 -> #DIV/0! | AI58: =Datos_originales!$I92/Datos_originales!$E92 -> #DIV/0! | AJ58: =Datos_originales!$J92/Datos_originales!$E92 -> #DIV/0! | AK58: =Datos_originales!$K92/Datos_originales!$E92 -> #DIV/0! | AL58: =Datos_originales!$L92/Datos_originales!$E92 -> #DIV/0! | AM58: =Datos_originales!$M92/Datos_originales!$E92 -> #DIV/0! | AN58: =Datos_originales!$N92/Datos_originales!$E92 -> #DIV/0! | AO58: =Datos_originales!$O92/Datos_originales!$E92 -> #DIV/0! | AP58: =Datos_originales!$P92/Datos_originales!$E92 -> #DIV/0! | AQ58: =Datos_originales!$Q92/Datos_originales!$E92 -> #DIV/0! | AR58: =Datos_originales!$R92/Datos_originales!$E92 -> #DIV/0! | AS58: =Datos_originales!$S92/Datos_originales!$E92 -> #DIV/0! | AT58: =Datos_originales!$T92/Datos_originales!$E92 -> #DIV/0! | AU58: =Datos_originales!$U92/Datos_originales!$E92 -> #DIV/0! | AV58: =Datos_originales!$V92/Datos_originales!$E92 -> #DIV/0! | AW58: =Datos_originales!$W92/Datos_originales!$E92 -> #DIV/0! | AX58: =Datos_originales!$X92/Datos_originales!$E92 -> #DIV/0! | AY58: =Datos_originales!$Y92/Datos_originales!$E92 -> #DIV/0! | AZ58: =Datos_originales!$Z92/Datos_originales!$E92 -> #DIV/0! | BA58: =Datos_originales!$AA92/Datos_originales!$E92 -> #DIV/0! | BB58: =Datos_originales!$AB92/Datos_originales!$E92 -> #DIV/0! | BC58: =Datos_originales!$AC92/Datos_originales!$E92 -> #DIV/0! | BD58: =Datos_originales!$AD92/Datos_originales!$E92 -> #DIV/0! | BE58: =Datos_originales!$AE92/Datos_originales!$E92 -> #DIV/0! | BF58: =Datos_originales!$AF92/Datos_originales!$E92 -> #DIV/0! | BG58: =Datos_originales!$AG92/Datos_originales!$E92 -> #DIV/0!
A59: 20602 | B59: La Paz | C59: Guanay | D59: =IF(Table_1[[#This Row],[Forest cover 2011]]<1000,"Bosque menor a 1000 ha",Table_1[[#This Row],[Forest cover 2011]]) -> 267264.18 | E59: 267264.18 | F59: =AVERAGE(Datos_originales!$H123:$J123) -> 2.97 | G59: =AVERAGE(Datos_originales!$R123:$T123) -> 28.35 | H59: 233.1 | I59: 491.67 | J59: 653.31 | K59: 440.55 | L59: 534.51 | M59: 376.92 | N59: 464.4 | O59: 405.54 | P59: 792.27 | Q59: 529.56 | R59: 240.21 | S59: 4695.75 | T59: 1124.28 | U59: 402.93 | V59: 574.2 | W59: 795.06 | X59: 509.85 | Y59: 575.1 | Z59: 399.42 | AA59: 510.48 | AB59: 558.18 | AC59: 865.71 | AD59: 642.42 | AE59: 255.69 | AF59: 4809.06 | AG59: 2025.63 | AH59: =Datos_originales!$H123/Datos_originales!$E123 -> 0.00023727473 | AI59: =Datos_originales!$I123/Datos_originales!$E123 -> 0.00030506751 | AJ59: =Datos_originales!$J123/Datos_originales!$E123 -> 0.00057623863 | AK59: =Datos_originales!$K123/Datos_originales!$E123 -> 0.0003276651 | AL59: =Datos_originales!$L123/Datos_originales!$E123 -> 0.00022597593 | AM59: =Datos_originales!$M123/Datos_originales!$E123 -> 0.00024857353 | AN59: =Datos_originales!$N123/Datos_originales!$E123 -> 0.00015818315 | AO59: =Datos_originales!$O123/Datos_originales!$E123 -> 0.00010168917 | AP59: =Datos_originales!$P123/Datos_originales!$E123 -> 0.0011411785 | AQ59: =Datos_originales!$Q123/Datos_originales!$E123 -> 4.5195187e-05 | AR59: =Datos_originales!$R123/Datos_originales!$E123 -> 0.00013558556 | AS59: =Datos_originales!$S123/Datos_originales!$E123 -> 0.0022032654 | AT59: =Datos_originales!$T123/Datos_originales!$E123 -> 0.0083385119 | AU59: =Datos_originales!$U123/Datos_originales!$E123 -> 0.0064968081 | AV59: =Datos_originales!$V123/Datos_originales!$E123 -> 0.0023388509 | AW59: =Datos_originales!$W123/Datos_originales!$E123 -> 0.012360884 | AX59: =Datos_originales!$X123/Datos_originales!$E123 -> 0.001999887 | AY59: =Datos_originales!$Y123/Datos_originales!$E123 -> 0.0014688436 | AZ59: =Datos_originales!$Z123/Datos_originales!$E123 -> 0.00089260494 | BA59: =Datos_originales!$AA123/Datos_originales!$E123 -> 0.00058753743 | BB59: =Datos_originales!$AB123/Datos_originales!$E123 -> 0.00089260494 | BC59: =Datos_originales!$AC123/Datos_originales!$E123 -> 0.0029489859 | BD59: =Datos_originales!$AD123/Datos_originales!$E123 -> 0.00073442178 | BE59: =Datos_originales!$AE123/Datos_originales!$E123 -> 0.00039545788 | BF59: =Datos_originales!$AF123/Datos_originales!$E123 -> 0.0028246992 | BG59: =Datos_originales!$AG123/Datos_originales!$E123 -> 0.01925315
A60: 20603 | B60: La Paz | C60: Tacacoma | D60: =IF(Table_1[[#This Row],[Forest cover 2011]]<1000,"Bosque menor a 1000 ha",Table_1[[#This Row],[Forest cover 2011]]) -> 53398.08 | E60: 53398.08 | F60: =AVERAGE(Datos_originales!$H102:$J102) -> 108.24 | G60: =AVERAGE(Datos_originales!$R102:$T102) -> 753.15 | H60: 45.27 | I60: 49.86 | J60: 44.55 | K60: 36.54 | L60: 25.74 | M60: 14.22 | N60: 59.67 | O60: 32.76 | P60: 83.61 | Q60: 62.28 | R60: 22.95 | S60: 396.99 | T60: 339.93 | U60: 206.55 | V60: 108.54 | W60: 147.06 | X60: 60.93 | Y60: 43.02 | Z60: 30.78 | AA60: 85.23 | AB60: 66.15 | AC60: 104.31 | AD60: 104.67 | AE60: 33.3 | AF60: 456.39 | AG60: 736.74 | AH60: =Datos_originales!$H102/Datos_originales!$E102 -> 0.00091342626 | AI60: =Datos_originales!$I102/Datos_originales!$E102 -> 0.00090324623 | AJ60: =Datos_originales!$J102/Datos_originales!$E102 -> 0.0015223771 | AK60: =Datos_originales!$K102/Datos_originales!$E102 -> 0.0015936373 | AL60: =Datos_originales!$L102/Datos_originales!$E102 -> 0.0014501914 | AM60: =Datos_originales!$M102/Datos_originales!$E102 -> 0.001135536 | AN60: =Datos_originales!$N102/Datos_originales!$E102 -> 0.0027921044 | AO60: =Datos_originales!$O102/Datos_originales!$E102 -> 0.0020656205 | AP60: =Datos_originales!$P102/Datos_originales!$E102 -> 0.0026866022 | AQ60: =Datos_originales!$Q102/Datos_originales!$E102 -> 0.00034889736 | AR60: =Datos_originales!$R102/Datos_originales!$E102 -> 0.00157883 | AS60: =Datos_originales!$S102/Datos_originales!$E102 -> 0.020109259 | AT60: =Datos_originales!$T102/Datos_originales!$E102 -> 0.0015455135 | AU60: =Datos_originales!$U102/Datos_originales!$E102 -> 0.0012188271 | AV60: =Datos_originales!$V102/Datos_originales!$E102 -> 0.0010522448 | AW60: =Datos_originales!$W102/Datos_originales!$E102 -> 0.0019804784 | AX60: =Datos_originales!$X102/Datos_originales!$E102 -> 0.0017139467 | AY60: =Datos_originales!$Y102/Datos_originales!$E102 -> 0.0015233025 | AZ60: =Datos_originales!$Z102/Datos_originales!$E102 -> 0.0011771816 | BA60: =Datos_originales!$AA102/Datos_originales!$E102 -> 0.0028874265 | BB60: =Datos_originales!$AB102/Datos_originales!$E102 -> 0.002139657 | BC60: =Datos_originales!$AC102/Datos_originales!$E102 -> 0.0027624897 | BD60: =Datos_originales!$AD102/Datos_originales!$E102 -> 0.00048031229 | BE60: =Datos_originales!$AE102/Datos_originales!$E102 -> 0.0015954882 | BF60: =Datos_originales!$AF102/Datos_originales!$E102 -> 0.020325816 | BG60: =Datos_originales!$AG102/Datos_originales!$E102 -> 0.0039276404
A61: 20604 | B61: La Paz | C61: Quiabaya | D61: =IF(Table_1[[#This Row],[Forest cover 2011]]<1000,"Bosque menor a 1000 ha",Table_1[[#This Row],[Forest cover 2011]]) -> Bosque menor a 1000 ha | E61: 958.5 | F61: =AVERAGE(Datos_originales!$H32:$J32) -> 4.89 | G61: =AVERAGE(Datos_originales!$R32:$T32) -> 95.85 | H61: 2.88 | I61: 0.9 | J61: 0.72 | K61: 0.81 | L61: 0.54 | M61: 0.81 | N61: 2.52 | O61: 1.62 | P61: 8.19 | Q61: 0 | R61: 0.27 | S61: 3.6 | T61: 24.3 | U61: 10.71 | V61: 5.85 | W61: 12.69 | X61: 1.98 | Y61: 1.35 | Z61: 1.62 | AA61: 3.6 | AB61: 2.52 | AC61: 8.82 | AD61: 0.18 | AE61: 0.27 | AF61: 5.4 | AG61: 59.94 | AH61: =Datos_originales!$H32/Datos_originales!$E32 -> 0.00092511692 | AI61: =Datos_originales!$I32/Datos_originales!$E32 -> 0.0030837231 | AJ61: =Datos_originales!$J32/Datos_originales!$E32 -> 0.0043686077 | AK61: =Datos_originales!$K32/Datos_originales!$E32 -> 0.0014904662 | AL61: =Datos_originales!$L32/Datos_originales!$E32 -> 0.00097651231 | AM61: =Datos_originales!$M32/Datos_originales!$E32 -> 0.00066814 | AN61: =Datos_originales!$N32/Datos_originales!$E32 -> 0.00200442 | AO61: =Datos_originales!$O32/Datos_originales!$E32 -> 0.012180706 | AP61: =Datos_originales!$P32/Datos_originales!$E32 -> 0.010998612 | AQ61: =Datos_originales!$Q32/Datos_originales!$E32 -> 0.0015932569 | AR61: =Datos_originales!$R32/Datos_originales!$E32 -> 0.013208614 | AS61: =Datos_originales!$S32/Datos_originales!$E32 -> 0.077658426 | AT61: =Datos_originales!$T32/Datos_originales!$E32 -> 0.073341214 | AU61: =Datos_originales!$U32/Datos_originales!$E32 -> 0.0032379092 | AV61: =Datos_originales!$V32/Datos_originales!$E32 -> 0.013568382 | AW61: =Datos_originales!$W32/Datos_originales!$E32 -> 0.030580254 | AX61: =Datos_originales!$X32/Datos_originales!$E32 -> 0.010124891 | AY61: =Datos_originales!$Y32/Datos_originales!$E32 -> 0.0048825615 | AZ61: =Datos_originales!$Z32/Datos_originales!$E32 -> 0.0099193092 | BA61: =Datos_originales!$AA32/Datos_originales!$E32 -> 0.012180706 | BB61: =Datos_originales!$AB32/Datos_originales!$E32 -> 0.068972606 | BC61: =Datos_originales!$AC32/Datos_originales!$E32 -> 0.076476332 | BD61: =Datos_originales!$AD32/Datos_originales!$E32 -> 0.00200442 | BE61: =Datos_originales!$AE32/Datos_originales!$E32 -> 0.013208614 | BF61: =Datos_originales!$AF32/Datos_originales!$E32 -> 0.086909596 | BG61: =Datos_originales!$AG32/Datos_originales!$E32 -> 0.075705402
A62: 20605 | B62: La Paz | C62: Combaya | D62: =IF(Table_1[[#This Row],[Forest cover 2011]]<1000,"Bosque menor a 1000 ha",Table_1[[#This Row],[Forest cover 2011]]) -> Bosque menor a 1000 ha | E62: 367.56 | F62: =AVERAGE(Datos_originales!$H155:$J155) -> 0.18 | G62: =AVERAGE(Datos_originales!$R155:$T155) -> 2.1 | H62: 0.18 | I62: 0.27 | J62: 0.81 | K62: 0.36 | L62: 1.26 | M62: 0.09 | N62: 0.09 | O62: 0.18 | P62: 0.81 | Q62: 0 | R62: 0 | S62: 0.18 | T62: 1.53 | U62: 3.51 | V62: 2.79 | W62: 6.48 | X62: 0.81 | Y62: 1.71 | Z62: 0.18 | AA62: 0.36 | AB62: 1.71 | AC62: 0.99 | AD62: 0 | AE62: 0 | AF62: 0.18 | AG62: 1.62 | AH62: =Datos_originales!$H155/Datos_originales!$E155 -> 7.5180904e-05 | AI62: =Datos_originales!$I155/Datos_originales!$E155 -> 0 | AJ62: =Datos_originales!$J155/Datos_originales!$E155 -> 3.7590452e-05 | AK62: =Datos_originales!$K155/Datos_originales!$E155 -> 0 | AL62: =Datos_originales!$L155/Datos_originales!$E155 -> 0 | AM62: =Datos_originales!$M155/Datos_originales!$E155 -> 0 | AN62: =Datos_originales!$N155/Datos_originales!$E155 -> 0 | AO62: =Datos_originales!$O155/Datos_originales!$E155 -> 0 | AP62: =Datos_originales!$P155/Datos_originales!$E155 -> 0.00016915703 | AQ62: =Datos_originales!$Q155/Datos_originales!$E155 -> 0.00026313316 | AR62: =Datos_originales!$R155/Datos_originales!$E155 -> 0.00056385678 | AS62: =Datos_originales!$S155/Datos_originales!$E155 -> 0.00071421859 | AT62: =Datos_originales!$T155/Datos_originales!$E155 -> 3.7590452e-05 | AU62: =Datos_originales!$U155/Datos_originales!$E155 -> 0.0024057889 | AV62: =Datos_originales!$V155/Datos_originales!$E155 -> 0.0037026595 | AW62: =Datos_originales!$W155/Datos_originales!$E155 -> 0.016370642 | AX62: =Datos_originales!$X155/Datos_originales!$E155 -> 0.0049995301 | AY62: =Datos_originales!$Y155/Datos_originales!$E155 -> 0.0015975942 | AZ62: =Datos_originales!$Z155/Datos_originales!$E155 -> 0.0090780942 | BA62: =Datos_originales!$AA155/Datos_originales!$E155 -> 0.0061648341 | BB62: =Datos_originales!$AB155/Datos_originales!$E155 -> 0.030373085 | BC62: =Datos_originales!$AC155/Datos_originales!$E155 -> 0.031350437 | BD62: =Datos_originales!$AD155/Datos_originales!$E155 -> 0.0005074711 | BE62: =Datos_originales!$AE155/Datos_originales!$E155 -> 0.0011840992 | BF62: =Datos_originales!$AF155/Datos_originales!$E155 -> 0.0065219434 | BG62: =Datos_originales!$AG155/Datos_originales!$E155 -> 7.5180904e-05
A63: 20606 | B63: La Paz | C63: Tipuani | D63: =IF(Table_1[[#This Row],[Forest cover 2011]]<1000,"Bosque menor a 1000 ha",Table_1[[#This Row],[Forest cover 2011]]) -> 21546.36 | E63: 21546.36 | F63: =AVERAGE(Datos_originales!$H134:$J134) -> 0.27 | G63: =AVERAGE(Datos_originales!$R134:$T134) -> 4.59 | H63: 49.95 | I63: 80.91 | J63: 96.48 | K63: 63.54 | L63: 70.29 | M63: 21.06 | N63: 77.76 | O63: 54.72 | P63: 96.84 | Q63: 42.75 | R63: 24.66 | S63: 563.49 | T63: 112.23 | U63: 70.11 | V63: 100.35 | W63: 122.04 | X63: 71.64 | Y63: 74.7 | Z63: 25.38 | AA63: 82.71 | AB63: 57.24 | AC63: 99 | AD63: 45.54 | AE63: 26.01 | AF63: 597.69 | AG63: 136.08 | AH63: =Datos_originales!$H134/Datos_originales!$E134 -> 0.00049946486 | AI63: =Datos_originales!$I134/Datos_originales!$E134 -> 7.1352123e-05 | AJ63: =Datos_originales!$J134/Datos_originales!$E134 -> 7.1352123e-05 | AK63: =Datos_originales!$K134/Datos_originales!$E134 -> 0 | AL63: =Datos_originales!$L134/Datos_originales!$E134 -> 7.1352123e-05 | AM63: =Datos_originales!$M134/Datos_originales!$E134 -> 0.00021405637 | AN63: =Datos_originales!$N134/Datos_originales!$E134 -> 0 | AO63: =Datos_originales!$O134/Datos_originales!$E134 -> 0 | AP63: =Datos_originales!$P134/Datos_originales!$E134 -> 0.0022832679 | AQ63: =Datos_originales!$Q134/Datos_originales!$E134 -> 0.0024973243 | AR63: =Datos_originales!$R134/Datos_originales!$E134 -> 0.007563325 | AS63: =Datos_originales!$S134/Datos_originales!$E134 -> 0.0032821976 | AT63: =Datos_originales!$T134/Datos_originales!$E134 -> 7.1352123e-05 | AU63: =Datos_originales!$U134/Datos_originales!$E134 -> 0.00057081698 | AV63: =Datos_originales!$V134/Datos_originales!$E134 -> 0.0009275776 | AW63: =Datos_originales!$W134/Datos_originales!$E134 -> 0.024045665 | AX63: =Datos_originales!$X134/Datos_originales!$E134 -> 0.0019265073 | AY63: =Datos_originales!$Y134/Datos_originales!$E134 -> 0.0032821976 | AZ63: =Datos_originales!$Z134/Datos_originales!$E134 -> 0.0054941134 | BA63: =Datos_originales!$AA134/Datos_originales!$E134 -> 0.0045665359 | BB63: =Datos_originales!$AB134/Datos_originales!$E134 -> 0.0061362826 | BC63: =Datos_originales!$AC134/Datos_originales!$E134 -> 0.0060649304 | BD63: =Datos_originales!$AD134/Datos_originales!$E134 -> 0.0026400285 | BE63: =Datos_originales!$AE134/Datos_originales!$E134 -> 0.0078487335 | BF63: =Datos_originales!$AF134/Datos_originales!$E134 -> 0.0052800571 | BG63: =Datos_originales!$AG134/Datos_originales!$E134 -> 0.00014270425
A64: 20607 | B64: La Paz | C64: Mapiri | D64: =IF(Table_1[[#This Row],[Forest cover 2011]]<1000,"Bosque menor a 1000 ha",Table_1[[#This Row],[Forest cover 2011]]) -> 137183.94 | E64: 137183.94 | F64: =AVERAGE(Datos_originales!$H95:$J95) -> 0 | G64: =AVERAGE(Datos_originales!$R95:$T95) -> 0 | H64: 317.34 | I64: 345.6 | J64: 478.8 | K64: 325.08 | L64: 304.74 | M64: 145.44 | N64: 615.06 | O64: 561.24 | P64: 1147.41 | Q64: 603.09 | R64: 130.14 | S64: 2861.64 | T64: 1140.93 | U64: 388.8 | V64: 410.58 | W64: 581.31 | X64: 359.46 | Y64: 336.33 | Z64: 179.37 | AA64: 687.96 | AB64: 633.96 | AC64: 1225.53 | AD64: 732.33 | AE64: 150.48 | AF64: 2974.68 | AG64: 2165.04 | AH64: =Datos_originales!$H95/Datos_originales!$E95 -> 0 | AI64: =Datos_originales!$I95/Datos_originales!$E95 -> 0 | AJ64: =Datos_originales!$J95/Datos_originales!$E95 -> 0 | AK64: =Datos_originales!$K95/Datos_originales!$E95 -> 0 | AL64: =Datos_originales!$L95/Datos_originales!$E95 -> 0 | AM64: =Datos_originales!$M95/Datos_originales!$E95 -> 0 | AN64: =Datos_originales!$N95/Datos_originales!$E95 -> 0 | AO64: =Datos_originales!$O95/Datos_originales!$E95 -> 0 | AP64: =Datos_originales!$P95/Datos_originales!$E95 -> 0 | AQ64: =Datos_originales!$Q95/Datos_originales!$E95 -> 0 | AR64: =Datos_originales!$R95/Datos_originales!$E95 -> 0 | AS64: =Datos_originales!$S95/Datos_originales!$E95 -> 0 | AT64: =Datos_originales!$T95/Datos_originales!$E95 -> 0 | AU64: =Datos_originales!$U95/Datos_originales!$E95 -> 0 | AV64: =Datos_originales!$V95/Datos_originales!$E95 -> 0 | AW64: =Datos_originales!$W95/Datos_originales!$E95 -> 0.018518519 | AX64: =Datos_originales!$X95/Datos_originales!$E95 -> 0 | AY64: =Datos_originales!$Y95/Datos_originales!$E95 -> 0 | AZ64: =Datos_originales!$Z95/Datos_originales!$E95 -> 0 | BA64: =Datos_originales!$AA95/Datos_originales!$E95 -> 0 | BB64: =Datos_originales!$AB95/Datos_originales!$E95 -> 0 | BC64: =Datos_originales!$AC95/Datos_originales!$E95 -> 0 | BD64: =Datos_originales!$AD95/Datos_originales!$E95 -> 0 | BE64: =Datos_originales!$AE95/Datos_originales!$E95 -> 0 | BF64: =Datos_originales!$AF95/Datos_originales!$E95 -> 0 | BG64: =Datos_originales!$AG95/Datos_originales!$E95 -> 0
A65: 20608 | B65: La Paz | C65: Teoponte | D65: =IF(Table_1[[#This Row],[Forest cover 2011]]<1000,"Bosque menor a 1000 ha",Table_1[[#This Row],[Forest cover 2011]]) -> 122949.99 | E65: 122949.99 | F65: =AVERAGE(Datos_originales!$H105:$J105) -> 841.44 | G65: =AVERAGE(Datos_originales!$R105:$T105) -> 1654.11 | H65: 584.82 | I65: 603.45 | J65: 872.82 | K65: 607.59 | L65: 693.63 | M65: 550.53 | N65: 644.67 | O65: 646.83 | P65: 787.95 | Q65: 954.72 | R65: 802.26 | S65: 3733.56 | T65: 1133.64 | U65: 733.5 | V65: 740.07 | W65: 1042.29 | X65: 712.26 | Y65: 777.42 | Z65: 603 | AA65: 721.89 | AB65: 777.96 | AC65: 844.11 | AD65: 1078.38 | AE65: 813.78 | AF65: 3823.29 | AG65: 1659.06 | AH65: =Datos_originales!$H105/Datos_originales!$E105 -> 0.0019167788 | AI65: =Datos_originales!$I105/Datos_originales!$E105 -> 0.0023027165 | AJ65: =Datos_originales!$J105/Datos_originales!$E105 -> 0.0053093617 | AK65: =Datos_originales!$K105/Datos_originales!$E105 -> 0.0018872219 | AL65: =Datos_originales!$L105/Datos_originales!$E105 -> 0.0073450474 | AM65: =Datos_originales!$M105/Datos_originales!$E105 -> 0.0038155517 | AN65: =Datos_originales!$N105/Datos_originales!$E105 -> 0.0041359207 | AO65: =Datos_originales!$O105/Datos_originales!$E105 -> 0.0030345034 | AP65: =Datos_originales!$P105/Datos_originales!$E105 -> 0.004611888 | AQ65: =Datos_originales!$Q105/Datos_originales!$E105 -> 0.0019140609 | AR65: =Datos_originales!$R105/Datos_originales!$E105 -> 0.00099134358 | AS65: =Datos_originales!$S105/Datos_originales!$E105 -> 0.014353758 | AT65: =Datos_originales!$T105/Datos_originales!$E105 -> 0.0033868075 | AU65: =Datos_originales!$U105/Datos_originales!$E105 -> 0.008272521 | AV65: =Datos_originales!$V105/Datos_originales!$E105 -> 0.0066108824 | AW65: =Datos_originales!$W105/Datos_originales!$E105 -> 0.014740036 | AX65: =Datos_originales!$X105/Datos_originales!$E105 -> 0.0079888431 | AY65: =Datos_originales!$Y105/Datos_originales!$E105 -> 0.0096171878 | AZ65: =Datos_originales!$Z105/Datos_originales!$E105 -> 0.0055244133 | BA65: =Datos_originales!$AA105/Datos_originales!$E105 -> 0.005652493 | BB65: =Datos_originales!$AB105/Datos_originales!$E105 -> 0.0046319323 | BC65: =Datos_originales!$AC105/Datos_originales!$E105 -> 0.0059565548 | BD65: =Datos_originales!$AD105/Datos_originales!$E105 -> 0.0044549309 | BE65: =Datos_originales!$AE105/Datos_originales!$E105 -> 0.0027932923 | BF65: =Datos_originales!$AF105/Datos_originales!$E105 -> 0.015371261 | BG65: =Datos_originales!$AG105/Datos_originales!$E105 -> 0.004516083
A66: 20701 | B66: La Paz | C66: Apolo | D66: =IF(Table_1[[#This Row],[Forest cover 2011]]<1000,"Bosque menor a 1000 ha",Table_1[[#This Row],[Forest cover 2011]]) -> 1253903.3 | E66: 1253903.3 | F66: =AVERAGE(Datos_originales!$H161:$J161) -> 0 | G66: =AVERAGE(Datos_originales!$R161:$T161) -> 0 | H66: 281.52 | I66: 365.58 | J66: 513.36 | K66: 428.76 | L66: 567.54 | M66: 324.72 | N66: 440.55 | O66: 489.69 | P66: 1187.01 | Q66: 803.52 | R66: 440.82 | S66: 840.87 | T66: 3662.01 | U66: 2612.7 | V66: 2975.4 | W66: 5211.18 | X66: 3059.28 | Y66: 2124.81 | Z66: 1600.38 | AA66: 2030.76 | AB66: 2216.16 | AC66: 2698.56 | AD66: 5406.48 | AE66: 1316.7 | AF66: 1349.28 | AG66: 5048.73 | AH66: =Datos_originales!$H161/Datos_originales!$E161 -> 0 | AI66: =Datos_originales!$I161/Datos_originales!$E161 -> 0 | AJ66: =Datos_originales!$J161/Datos_originales!$E161 -> 0 | AK66: =Datos_originales!$K161/Datos_originales!$E161 -> 0 | AL66: =Datos_originales!$L161/Datos_originales!$E161 -> 0 | AM66: =Datos_originales!$M161/Datos_originales!$E161 -> 0 | AN66: =Datos_originales!$N161/Datos_originales!$E161 -> 0 | AO66: =Datos_originales!$O161/Datos_originales!$E161 -> 0 | AP66: =Datos_originales!$P161/Datos_originales!$E161 -> 0 | AQ66: =Datos_originales!$Q161/Datos_originales!$E161 -> 0 | AR66: =Datos_originales!$R161/Datos_originales!$E161 -> 0 | AS66: =Datos_originales!$S161/Datos_originales!$E161 -> 0 | AT66: =Datos_originales!$T161/Datos_originales!$E161 -> 0 | AU66: =Datos_originales!$U161/Datos_originales!$E161 -> 0 | AV66: =Datos_originales!$V161/Datos_originales!$E161 -> 0 | AW66: =Datos_originales!$W161/Datos_originales!$E161 -> 0 | AX66: =Datos_originales!$X161/Datos_originales!$E161 -> 0 | AY66: =Datos_originales!$Y161/Datos_originales!$E161 -> 0 | AZ66: =Datos_originales!$Z161/Datos_originales!$E161 -> 0 | BA66: =Datos_originales!$AA161/Datos_originales!$E161 -> 0 | BB66: =Datos_originales!$AB161/Datos_originales!$E161 -> 0 | BC66: =Datos_originales!$AC161/Datos_originales!$E161 -> 0 | BD66: =Datos_originales!$AD161/Datos_originales!$E161 -> 0 | BE66: =Datos_originales!$AE161/Datos_originales!$E161 -> 0 | BF66: =Datos_originales!$AF161/Datos_originales!$E161 -> 0 | BG66: =Datos_originales!$AG161/Datos_originales!$E161 -> 0
A67: 20702 | B67: La Paz | C67: Pelechuco | D67: =IF(Table_1[[#This Row],[Forest cover 2011]]<1000,"Bosque menor a 1000 ha",Table_1[[#This Row],[Forest cover 2011]]) -> 56334.15 | E67: 56334.15 | F67: =AVERAGE(Datos_originales!$H196:$J196) -> 0 | G67: =AVERAGE(Datos_originales!$R196:$T196) -> 0.03 | H67: 0.72 | I67: 0.9 | J67: 0.72 | K67: 2.25 | L67: 0.36 | M67: 0.36 | N67: 1.62 | O67: 0.63 | P67: 1.98 | Q67: 0.36 | R67: 12.06 | S67: 62.1 | T67: 83.16 | U67: 331.65 | V67: 457.47 | W67: 302.67 | X67: 271.71 | Y67: 176.58 | Z67: 179.1 | AA67: 241.11 | AB67: 285.75 | AC67: 167.49 | AD67: 298.62 | AE67: 118.8 | AF67: 79.56 | AG67: 90.63 | AH67: =Datos_originales!$H196/Datos_originales!$E196 -> 0 | AI67: =Datos_originales!$I196/Datos_originales!$E196 -> 0 | AJ67: =Datos_originales!$J196/Datos_originales!$E196 -> 0 | AK67: =Datos_originales!$K196/Datos_originales!$E196 -> 0.020833333 | AL67: =Datos_originales!$L196/Datos_originales!$E196 -> 0 | AM67: =Datos_originales!$M196/Datos_originales!$E196 -> 0 | AN67: =Datos_originales!$N196/Datos_originales!$E196 -> 0 | AO67: =Datos_originales!$O196/Datos_originales!$E196 -> 0 | AP67: =Datos_originales!$P196/Datos_originales!$E196 -> 0.041666667 | AQ67: =Datos_originales!$Q196/Datos_originales!$E196 -> 0 | AR67: =Datos_originales!$R196/Datos_originales!$E196 -> 0 | AS67: =Datos_originales!$S196/Datos_originales!$E196 -> 0 | AT67: =Datos_originales!$T196/Datos_originales!$E196 -> 0.020833333 | AU67: =Datos_originales!$U196/Datos_originales!$E196 -> 0.020833333 | AV67: =Datos_originales!$V196/Datos_originales!$E196 -> 0 | AW67: =Datos_originales!$W196/Datos_originales!$E196 -> 0.020833333 | AX67: =Datos_originales!$X196/Datos_originales!$E196 -> 0.020833333 | AY67: =Datos_originales!$Y196/Datos_originales!$E196 -> 0 | AZ67: =Datos_originales!$Z196/Datos_originales!$E196 -> 0 | BA67: =Datos_originales!$AA196/Datos_originales!$E196 -> 0 | BB67: =Datos_originales!$AB196/Datos_originales!$E196 -> 0.020833333 | BC67: =Datos_originales!$AC196/Datos_originales!$E196 -> 0.083333333 | BD67: =Datos_originales!$AD196/Datos_originales!$E196 -> 0 | BE67: =Datos_originales!$AE196/Datos_originales!$E196 -> 0 | BF67: =Datos_originales!$AF196/Datos_originales!$E196 -> 0 | BG67: =Datos_originales!$AG196/Datos_originales!$E196 -> 0.70833333
A68: 20801 | B68: La Paz | C68: Viacha | D68: =IF(Table_1[[#This Row],[Forest cover 2011]]<1000,"Bosque menor a 1000 ha",Table_1[[#This Row],[Forest cover 2011]]) -> Bosque menor a 1000 ha | E68: 0 | F68: =AVERAGE(Datos_originales!$H249:$J249) -> 21.21 | G68: =AVERAGE(Datos_originales!$R249:$T249) -> 148.68 | H68: 0 | I68: 0 | J68: 0 | K68: 0 | L68: 0 | M68: 0 | N68: 0 | O68: 0 | P68: 0 | Q68: 0 | R68: 0 | S68: 0 | T68: 0 | U68: 0 | V68: 0 | W68: 0 | X68: 0 | Y68: 0 | Z68: 0 | AA68: 0 | AB68: 0 | AC68: 0 | AD68: 0 | AE68: 0 | AF68: 0 | AG68: 0 | AH68: 0 | AI68: 0 | AJ68: 0 | AK68: 0 | AL68: 0 | AM68: 0 | AN68: 0 | AO68: 0 | AP68: 0 | AQ68: 0 | AR68: 0 | AS68: 0 | AT68: 0 | AU68: 0 | AV68: 0 | AW68: 0 | AX68: 0 | AY68: 0 | AZ68: 0 | BA68: 0 | BB68: 0 | BC68: 0 | BD68: 0 | BE68: 0 | BF68: 0 | BG68: 0
A69: 20802 | B69: La Paz | C69: Puerto Mayor de Guaqui | D69: =IF(Table_1[[#This Row],[Forest cover 2011]]<1000,"Bosque menor a 1000 ha",Table_1[[#This Row],[Forest cover 2011]]) -> Bosque menor a 1000 ha | E69: 0 | F69: =AVERAGE(Datos_originales!$H250:$J250) -> 0.09 | G69: =AVERAGE(Datos_originales!$R250:$T250) -> 0.48 | H69: 0 | I69: 0 | J69: 0 | K69: 0 | L69: 0 | M69: 0 | N69: 0 | O69: 0 | P69: 0 | Q69: 0 | R69: 0 | S69: 0 | T69: 0 | U69: 0 | V69: 0 | W69: 0 | X69: 0 | Y69: 0 | Z69: 0 | AA69: 0 | AB69: 0 | AC69: 0 | AD69: 0 | AE69: 0 | AF69: 0 | AG69: 0 | AH69: 0 | AI69: 0 | AJ69: 0 | AK69: 0 | AL69: 0 | AM69: 0 | AN69: 0 | AO69: 0 | AP69: 0 | AQ69: 0 | AR69: 0 | AS69: 0 | AT69: 0 | AU69: 0 | AV69: 0 | AW69: 0 | AX69: 0 | AY69: 0 | AZ69: 0 | BA69: 0 | BB69: 0 | BC69: 0 | BD69: 0 | BE69: 0 | BF69: 0 | BG69: 0
A70: 20803 | B70: La Paz | C70: Tiahuanacu | D70: =IF(Table_1[[#This Row],[Forest cover 2011]]<1000,"Bosque menor a 1000 ha",Table_1[[#This Row],[Forest cover 2011]]) -> Bosque menor a 1000 ha | E70: 0 | F70: =AVERAGE(Datos_originales!$H251:$J251) -> 42.9 | G70: =AVERAGE(Datos_originales!$R251:$T251) -> 200.01 | H70: 0 | I70: 0 | J70: 0 | K70: 0 | L70: 0 | M70: 0 | N70: 0 | O70: 0 | P70: 0 | Q70: 0 | R70: 0 | S70: 0 | T70: 0 | U70: 0 | V70: 0 | W70: 0 | X70: 0 | Y70: 0 | Z70: 0 | AA70: 0 | AB70: 0 | AC70: 0 | AD70: 0 | AE70: 0 | AF70: 0 | AG70: 0 | AH70: 0 | AI70: 0 | AJ70: 0 | AK70: 0 | AL70: 0 | AM70: 0 | AN70: 0 | AO70: 0 | AP70: 0 | AQ70: 0 | AR70: 0 | AS70: 0 | AT70: 0 | AU70: 0 | AV70: 0 | AW70: 0 | AX70: 0 | AY70: 0 | AZ70: 0 | BA70: 0 | BB70: 0 | BC70: 0 | BD70: 0 | BE70: 0 | BF70: 0 | BG70: 0
A71: 20804 | B71: La Paz | C71: Desaguadero | D71: =IF(Table_1[[#This Row],[Forest cover 2011]]<1000,"Bosque menor a 1000 ha",Table_1[[#This Row],[Forest cover 2011]]) -> Bosque menor a 1000 ha | E71: 0 | F71: =AVERAGE(Datos_originales!$H252:$J252) -> 2.22 | G71: =AVERAGE(Datos_originales!$R252:$T252) -> 4.38 | H71: 0 | I71: 0 | J71: 0 | K71: 0 | L71: 0 | M71: 0 | N71: 0 | O71: 0 | P71: 0 | Q71: 0 | R71: 0 | S71: 0 | T71: 0 | U71: 0 | V71: 0 | W71: 0 | X71: 0 | Y71: 0 | Z71: 0 | AA71: 0 | AB71: 0 | AC71: 0 | AD71: 0 | AE71: 0 | AF71: 0 | AG71: 0 | AH71: 0 | AI71: 0 | AJ71: 0 | AK71: 0 | AL71: 0 | AM71: 0 | AN71: 0 | AO71: 0 | AP71: 0 | AQ71: 0 | AR71: 0 | AS71: 0 | AT71: 0 | AU71: 0 | AV71: 0 | AW71: 0 | AX71: 0 | AY71: 0 | AZ71: 0 | BA71: 0 | BB71: 0 | BC71: 0 | BD71: 0 | BE71: 0 | BF71: 0 | BG71: 0
A72: 20805 | B72: La Paz | C72: La (Marka) San Andrés de Machaca | D72: =IF(Table_1[[#This Row],[Forest cover 2011]]<1000,"Bosque menor a 1000 ha",Table_1[[#This Row],[Forest cover 2011]]) -> Bosque menor a 1000 ha | E72: 0 | F72: =AVERAGE(Datos_originales!$H253:$J253) -> 515.16 | G72: =AVERAGE(Datos_originales!$R253:$T253) -> 3029.52 | H72: 0 | I72: 0 | J72: 0 | K72: 0 | L72: 0 | M72: 0 | N72: 0 | O72: 0 | P72: 0 | Q72: 0 | R72: 0 | S72: 0 | T72: 0 | U72: 0 | V72: 0 | W72: 0 | X72: 0 | Y72: 0 | Z72: 0 | AA72: 0 | AB72: 0 | AC72: 0 | AD72: 0 | AE72: 0 | AF72: 0 | AG72: 0 | AH72: 0 | AI72: 0 | AJ72: 0 | AK72: 0 | AL72: 0 | AM72: 0 | AN72: 0 | AO72: 0 | AP72: 0 | AQ72: 0 | AR72: 0 | AS72: 0 | AT72: 0 | AU72: 0 | AV72: 0 | AW72: 0 | AX72: 0 | AY72: 0 | AZ72: 0 | BA72: 0 | BB72: 0 | BC72: 0 | BD72: 0 | BE72: 0 | BF72: 0 | BG72: 0
A73: 20806 | B73: La Paz | C73: Jesús de Machaca | D73: =IF(Table_1[[#This Row],[Forest cover 2011]]<1000,"Bosque menor a 1000 ha",Table_1[[#This Row],[Forest cover 2011]]) -> Bosque menor a 1000 ha | E73: 0 | F73: =AVERAGE(Datos_originales!$H254:$J254) -> 1715.61 | G73: =AVERAGE(Datos_originales!$R254:$T254) -> 864.81 | H73: 0 | I73: 0 | J73: 0 | K73: 0 | L73: 0 | M73: 0 | N73: 0 | O73: 0 | P73: 0 | Q73: 0 | R73: 0 | S73: 0 | T73: 0 | U73: 0 | V73: 0 | W73: 0 | X73: 0 | Y73: 0 | Z73: 0 | AA73: 0 | AB73: 0 | AC73: 0 | AD73: 0 | AE73: 0 | AF73: 0 | AG73: 0 | AH73: 0 | AI73: 0 | AJ73: 0 | AK73: 0 | AL73: 0 | AM73: 0 | AN73: 0 | AO73: 0 | AP73: 0 | AQ73: 0 | AR73: 0 | AS73: 0 | AT73: 0 | AU73: 0 | AV73: 0 | AW73: 0 | AX73: 0 | AY73: 0 | AZ73: 0 | BA73: 0 | BB73: 0 | BC73: 0 | BD73: 0 | BE73: 0 | BF73: 0 | BG73: 0
A74: 20807 | B74: La Paz | C74: Taraco | D74: =IF(Table_1[[#This Row],[Forest cover 2011]]<1000,"Bosque menor a 1000 ha",Table_1[[#This Row],[Forest cover 2011]]) -> Bosque menor a 1000 ha | E74: 0 | F74: =AVERAGE(Datos_originales!$H255:$J255) -> 611.7 | G74: =AVERAGE(Datos_originales!$R255:$T255) -> 489.27 | H74: 0 | I74: 0 | J74: 0 | K74: 0 | L74: 0 | M74: 0 | N74: 0 | O74: 0 | P74: 0 | Q74: 0 | R74: 0 | S74: 0 | T74: 0 | U74: 0 | V74: 0 | W74: 0 | X74: 0 | Y74: 0 | Z74: 0 | AA74: 0 | AB74: 0 | AC74: 0 | AD74: 0 | AE74: 0 | AF74: 0 | AG74: 0 | AH74: 0 | AI74: 0 | AJ74: 0 | AK74: 0 | AL74: 0 | AM74: 0 | AN74: 0 | AO74: 0 | AP74: 0 | AQ74: 0 | AR74: 0 | AS74: 0 | AT74: 0 | AU74: 0 | AV74: 0 | AW74: 0 | AX74: 0 | AY74: 0 | AZ74: 0 | BA74: 0 | BB74: 0 | BC74: 0 | BD74: 0 | BE74: 0 | BF74: 0 | BG74: 0
A75: 20901 | B75: La Paz | C75: Luribay | D75: =IF(Table_1[[#This Row],[Forest cover 2011]]<1000,"Bosque menor a 1000 ha",Table_1[[#This Row],[Forest cover 2011]]) -> Bosque menor a 1000 ha | E75: 468.09 | F75: =AVERAGE(Datos_originales!$H74:$J74) -> 0 | G75: =AVERAGE(Datos_originales!$R74:$T74) -> 0 | H75: 0 | I75: 0 | J75: 0 | K75: 0 | L75: 0 | M75: 0 | N75: 0.09 | O75: 0 | P75: 0 | Q75: 0.9 | R75: 2.88 | S75: 13.77 | T75: 9.45 | U75: 0.54 | V75: 0.81 | W75: 8.46 | X75: 0.54 | Y75: 0.45 | Z75: 0.63 | AA75: 1.08 | AB75: 2.52 | AC75: 15.12 | AD75: 0.9 | AE75: 2.88 | AF75: 17.37 | AG75: 9.72 | AH75: =Datos_originales!$H74/Datos_originales!$E74 -> #DIV/0! | AI75: =Datos_originales!$I74/Datos_originales!$E74 -> #DIV/0! | AJ75: =Datos_originales!$J74/Datos_originales!$E74 -> #DIV/0! | AK75: =Datos_originales!$K74/Datos_originales!$E74 -> #DIV/0! | AL75: =Datos_originales!$L74/Datos_originales!$E74 -> #DIV/0! | AM75: =Datos_originales!$M74/Datos_originales!$E74 -> #DIV/0! | AN75: =Datos_originales!$N74/Datos_originales!$E74 -> #DIV/0! | AO75: =Datos_originales!$O74/Datos_originales!$E74 -> #DIV/0! | AP75: =Datos_originales!$P74/Datos_originales!$E74 -> #DIV/0! | AQ75: =Datos_originales!$Q74/Datos_originales!$E74 -> #DIV/0! | AR75: =Datos_originales!$R74/Datos_originales!$E74 -> #DIV/0! | AS75: =Datos_originales!$S74/Datos_originales!$E74 -> #DIV/0! | AT75: =Datos_originales!$T74/Datos_originales!$E74 -> #DIV/0! | AU75: =Datos_originales!$U74/Datos_originales!$E74 -> #DIV/0! | AV75: =Datos_originales!$V74/Datos_originales!$E74 -> #DIV/0! | AW75: =Datos_originales!$W74/Datos_originales!$E74 -> #DIV/0! | AX75: =Datos_originales!$X74/Datos_originales!$E74 -> #DIV/0! | AY75: =Datos_originales!$Y74/Datos_originales!$E74 -> #DIV/0! | AZ75: =Datos_originales!$Z74/Datos_originales!$E74 -> #DIV/0! | BA75: =Datos_originales!$AA74/Datos_originales!$E74 -> #DIV/0! | BB75: =Datos_originales!$AB74/Datos_originales!$E74 -> #DIV/0! | BC75: =Datos_originales!$AC74/Datos_originales!$E74 -> #DIV/0! | BD75: =Datos_originales!$AD74/Datos_originales!$E74 -> #DIV/0! | BE75: =Datos_originales!$AE74/Datos_originales!$E74 -> #DIV/0! | BF75: =Datos_originales!$AF74/Datos_originales!$E74 -> #DIV/0! | BG75: =Datos_originales!$AG74/Datos_originales!$E74 -> #DIV/0!
A76: 20902 | B76: La Paz | C76: Sapahaqui | D76: =IF(Table_1[[#This Row],[Forest cover 2011]]<1000,"Bosque menor a 1000 ha",Table_1[[#This Row],[Forest cover 2011]]) -> Bosque menor a 1000 ha | E76: 841.86 | F76: =AVERAGE(Datos_originales!$H86:$J86) -> 46.02 | G76: =AVERAGE(Datos_originales!$R86:$T86) -> 427.98 | H76: 0.63 | I76: 0.27 | J76: 0.36 | K76: 0 | L76: 0.18 | M76: 0.18 | N76: 0 | O76: 1.35 | P76: 0.9 | Q76: 3.69 | R76: 9.99 | S76: 66.24 | T76: 14.67 | U76: 3.87 | V76: 3.06 | W76: 17.91 | X76: 0.9 | Y76: 1.89 | Z76: 0.72 | AA76: 0.99 | AB76: 2.52 | AC76: 3.42 | AD76: 4.05 | AE76: 9.99 | AF76: 73.08 | AG76: 15.03 | AH76: =Datos_originales!$H86/Datos_originales!$E86 -> 0.0019553775 | AI76: =Datos_originales!$I86/Datos_originales!$E86 -> 0.0015994229 | AJ76: =Datos_originales!$J86/Datos_originales!$E86 -> 0.0037256586 | AK76: =Datos_originales!$K86/Datos_originales!$E86 -> 0.0027527159 | AL76: =Datos_originales!$L86/Datos_originales!$E86 -> 0.0020313145 | AM76: =Datos_originales!$M86/Datos_originales!$E86 -> 0.0014428028 | AN76: =Datos_originales!$N86/Datos_originales!$E86 -> 0.0019506315 | AO76: =Datos_originales!$O86/Datos_originales!$E86 -> 0.001532978 | AP76: =Datos_originales!$P86/Datos_originales!$E86 -> 0.0038775326 | AQ76: =Datos_originales!$Q86/Datos_originales!$E86 -> 0.0011438009 | AR76: =Datos_originales!$R86/Datos_originales!$E86 -> 0.00081632266 | AS76: =Datos_originales!$S86/Datos_originales!$E86 -> 0.057109364 | AT76: =Datos_originales!$T86/Datos_originales!$E86 -> 0.0097816337 | AU76: =Datos_originales!$U86/Datos_originales!$E86 -> 0.0028096687 | AV76: =Datos_originales!$V86/Datos_originales!$E86 -> 0.0020028381 | AW76: =Datos_originales!$W86/Datos_originales!$E86 -> 0.005818672 | AX76: =Datos_originales!$X86/Datos_originales!$E86 -> 0.0031276548 | AY76: =Datos_originales!$Y86/Datos_originales!$E86 -> 0.0023303164 | AZ76: =Datos_originales!$Z86/Datos_originales!$E86 -> 0.0015567083 | BA76: =Datos_originales!$AA86/Datos_originales!$E86 -> 0.0021025054 | BB76: =Datos_originales!$AB86/Datos_originales!$E86 -> 0.0016658677 | BC76: =Datos_originales!$AC86/Datos_originales!$E86 -> 0.0039487235 | BD76: =Datos_originales!$AD86/Datos_originales!$E86 -> 0.0013716119 | BE76: =Datos_originales!$AE86/Datos_originales!$E86 -> 0.00089225965 | BF76: =Datos_originales!$AF86/Datos_originales!$E86 -> 0.057707367 | BG76: =Datos_originales!$AG86/Datos_originales!$E86 -> 0.012733684
A77: 20903 | B77: La Paz | C77: Yaco | D77: =IF(Table_1[[#This Row],[Forest cover 2011]]<1000,"Bosque menor a 1000 ha",Table_1[[#This Row],[Forest cover 2011]]) -> Bosque menor a 1000 ha | E77: 8.19 | F77: =AVERAGE(Datos_originales!$H328:$J328) -> 54.18 | G77: =AVERAGE(Datos_originales!$R328:$T328) -> 325.44 | H77: 0 | I77: 0 | J77: 0 | K77: 0 | L77: 0 | M77: 0 | N77: 0 | O77: 0 | P77: 0 | Q77: 0 | R77: 0 | S77: 0.27 | T77: 0 | U77: 0 | V77: 0 | W77: 0.09 | X77: 0 | Y77: 0 | Z77: 0.18 | AA77: 0.18 | AB77: 0.27 | AC77: 1.17 | AD77: 0 | AE77: 0 | AF77: 0.27 | AG77: 0 | AH77: =Datos_originales!$H328/Datos_originales!$E328 -> 0.00048707959 | AI77: =Datos_originales!$I328/Datos_originales!$E328 -> 0.00051112333 | AJ77: =Datos_originales!$J328/Datos_originales!$E328 -> 0.00040253871 | AK77: =Datos_originales!$K328/Datos_originales!$E328 -> 0.00023345694 | AL77: =Datos_originales!$L328/Datos_originales!$E328 -> 8.376528e-05 | AM77: =Datos_originales!$M328/Datos_originales!$E328 -> 0.00024741782 | AN77: =Datos_originales!$N328/Datos_originales!$E328 -> 0.00029783211 | AO77: =Datos_originales!$O328/Datos_originales!$E328 -> 0.00021174001 | AP77: =Datos_originales!$P328/Datos_originales!$E328 -> 0.00018614507 | AQ77: =Datos_originales!$Q328/Datos_originales!$E328 -> 0.00050957212 | AR77: =Datos_originales!$R328/Datos_originales!$E328 -> 0.0016031744 | AS77: =Datos_originales!$S328/Datos_originales!$E328 -> 0.0016419546 | AT77: =Datos_originales!$T328/Datos_originales!$E328 -> 0.005168628 | AU77: =Datos_originales!$U328/Datos_originales!$E328 -> 0.046064699 | AV77: =Datos_originales!$V328/Datos_originales!$E328 -> 0.018260056 | AW77: =Datos_originales!$W328/Datos_originales!$E328 -> 0.012328233 | AX77: =Datos_originales!$X328/Datos_originales!$E328 -> 0.0092421026 | AY77: =Datos_originales!$Y328/Datos_originales!$E328 -> 0.0055354889 | AZ77: =Datos_originales!$Z328/Datos_originales!$E328 -> 0.005888389 | BA77: =Datos_originales!$AA328/Datos_originales!$E328 -> 0.010365178 | BB77: =Datos_originales!$AB328/Datos_originales!$E328 -> 0.0074357198 | BC77: =Datos_originales!$AC328/Datos_originales!$E328 -> 0.0093250923 | BD77: =Datos_originales!$AD328/Datos_originales!$E328 -> 0.0023989446 | BE77: =Datos_originales!$AE328/Datos_originales!$E328 -> 0.0029635846 | BF77: =Datos_originales!$AF328/Datos_originales!$E328 -> 0.0053074612 | BG77: =Datos_originales!$AG328/Datos_originales!$E328 -> 0.044267624
A78: 20904 | B78: La Paz | C78: Malla | D78: =IF(Table_1[[#This Row],[Forest cover 2011]]<1000,"Bosque menor a 1000 ha",Table_1[[#This Row],[Forest cover 2011]]) -> Bosque menor a 1000 ha | E78: 222.03 | F78: =AVERAGE(Datos_originales!$H89:$J89) -> 1558.62 | G78: =AVERAGE(Datos_originales!$R89:$T89) -> 2859.99 | H78: 0.09 | I78: 0 | J78: 0 | K78: 0 | L78: 0 | M78: 0 | N78: 0.09 | O78: 0.45 | P78: 0.72 | Q78: 0.27 | R78: 0 | S78: 10.53 | T78: 3.78 | U78: 1.44 | V78: 0.18 | W78: 2.34 | X78: 0.27 | Y78: 0.09 | Z78: 1.08 | AA78: 1.26 | AB78: 5.94 | AC78: 8.73 | AD78: 0.27 | AE78: 0 | AF78: 11.97 | AG78: 3.78 | AH78: =Datos_originales!$H89/Datos_originales!$E89 -> 0.0031993595 | AI78: =Datos_originales!$I89/Datos_originales!$E89 -> 0.0046591384 | AJ78: =Datos_originales!$J89/Datos_originales!$E89 -> 0.0055766398 | AK78: =Datos_originales!$K89/Datos_originales!$E89 -> 0.0049720405 | AL78: =Datos_originales!$L89/Datos_originales!$E89 -> 0.0049464394 | AM78: =Datos_originales!$M89/Datos_originales!$E89 -> 0.0027199211 | AN78: =Datos_originales!$N89/Datos_originales!$E89 -> 0.0048230888 | AO78: =Datos_originales!$O89/Datos_originales!$E89 -> 0.0052055534 | AP78: =Datos_originales!$P89/Datos_originales!$E89 -> 0.006819456 | AQ78: =Datos_originales!$Q89/Datos_originales!$E89 -> 0.005559831 | AR78: =Datos_originales!$R89/Datos_originales!$E89 -> 0.0023933133 | AS78: =Datos_originales!$S89/Datos_originales!$E89 -> 0.012766924 | AT78: =Datos_originales!$T89/Datos_originales!$E89 -> 0.009492571 | AU78: =Datos_originales!$U89/Datos_originales!$E89 -> 0.004061004 | AV78: =Datos_originales!$V89/Datos_originales!$E89 -> 0.0052177075 | AW78: =Datos_originales!$W89/Datos_originales!$E89 -> 0.0077641101 | AX78: =Datos_originales!$X89/Datos_originales!$E89 -> 0.0062293381 | AY78: =Datos_originales!$Y89/Datos_originales!$E89 -> 0.005468805 | AZ78: =Datos_originales!$Z89/Datos_originales!$E89 -> 0.0029800694 | BA78: =Datos_originales!$AA89/Datos_originales!$E89 -> 0.0051054765 | BB78: =Datos_originales!$AB89/Datos_originales!$E89 -> 0.0056384444 | BC78: =Datos_originales!$AC89/Datos_originales!$E89 -> 0.0070739152 | BD78: =Datos_originales!$AD89/Datos_originales!$E89 -> 0.0060346147 | BE78: =Datos_originales!$AE89/Datos_originales!$E89 -> 0.0024897699 | BF78: =Datos_originales!$AF89/Datos_originales!$E89 -> 0.013056811 | BG78: =Datos_originales!$AG89/Datos_originales!$E89 -> 0.013225674
A79: 20905 | B79: La Paz | C79: Cairoma | D79: =IF(Table_1[[#This Row],[Forest cover 2011]]<1000,"Bosque menor a 1000 ha",Table_1[[#This Row],[Forest cover 2011]]) -> 4399.29 | E79: 4399.29 | F79: =AVERAGE(Datos_originales!$H48:$J48) -> 0 | G79: =AVERAGE(Datos_originales!$R48:$T48) -> 0 | H79: 9.09 | I79: 11.16 | J79: 10.98 | K79: 6.84 | L79: 5.13 | M79: 6.66 | N79: 10.89 | O79: 35.55 | P79: 20.16 | Q79: 13.86 | R79: 18.9 | S79: 237.42 | T79: 45.54 | U79: 57.87 | V79: 85.05 | W79: 86.67 | X79: 42.66 | Y79: 17.46 | Z79: 19.89 | AA79: 41.76 | AB79: 114.75 | AC79: 91.89 | AD79: 26.19 | AE79: 19.44 | AF79: 257.85 | AG79: 170.82 | AH79: =Datos_originales!$H48/Datos_originales!$E48 -> #DIV/0! | AI79: =Datos_originales!$I48/Datos_originales!$E48 -> #DIV/0! | AJ79: =Datos_originales!$J48/Datos_originales!$E48 -> #DIV/0! | AK79: =Datos_originales!$K48/Datos_originales!$E48 -> #DIV/0! | AL79: =Datos_originales!$L48/Datos_originales!$E48 -> #DIV/0! | AM79: =Datos_originales!$M48/Datos_originales!$E48 -> #DIV/0! | AN79: =Datos_originales!$N48/Datos_originales!$E48 -> #DIV/0! | AO79: =Datos_originales!$O48/Datos_originales!$E48 -> #DIV/0! | AP79: =Datos_originales!$P48/Datos_originales!$E48 -> #DIV/0! | AQ79: =Datos_originales!$Q48/Datos_originales!$E48 -> #DIV/0! | AR79: =Datos_originales!$R48/Datos_originales!$E48 -> #DIV/0! | AS79: =Datos_originales!$S48/Datos_originales!$E48 -> #DIV/0! | AT79: =Datos_originales!$T48/Datos_originales!$E48 -> #DIV/0! | AU79: =Datos_originales!$U48/Datos_originales!$E48 -> #DIV/0! | AV79: =Datos_originales!$V48/Datos_originales!$E48 -> #DIV/0! | AW79: =Datos_originales!$W48/Datos_originales!$E48 -> #DIV/0! | AX79: =Datos_originales!$X48/Datos_originales!$E48 -> #DIV/0! | AY79: =Datos_originales!$Y48/Datos_originales!$E48 -> #DIV/0! | AZ79: =Datos_originales!$Z48/Datos_originales!$E48 -> #DIV/0! | BA79: =Datos_originales!$AA48/Datos_originales!$E48 -> #DIV/0! | BB79: =Datos_originales!$AB48/Datos_originales!$E48 -> #DIV/0! | BC79: =Datos_originales!$AC48/Datos_originales!$E48 -> #DIV/0! | BD79: =Datos_originales!$AD48/Datos_originales!$E48 -> #DIV/0! | BE79: =Datos_originales!$AE48/Datos_originales!$E48 -> #DIV/0! | BF79: =Datos_originales!$AF48/Datos_originales!$E48 -> #DIV/0! | BG79: =Datos_originales!$AG48/Datos_originales!$E48 -> #DIV/0!
A80: 21001 | B80: La Paz | C80: Inquisivi | D80: =IF(Table_1[[#This Row],[Forest cover 2011]]<1000,"Bosque menor a 1000 ha",Table_1[[#This Row],[Forest cover 2011]]) -> 174734.82 | E80: 174734.82 | F80: =AVERAGE(Datos_originales!$H66:$J66) -> 386.82 | G80: =AVERAGE(Datos_originales!$R66:$T66) -> 1647.9 | H80: 64.35 | I80: 85.5 | J80: 117.72 | K80: 96.12 | L80: 123.03 | M80: 94.95 | N80: 103.05 | O80: 113.04 | P80: 165.87 | Q80: 148.59 | R80: 191.88 | S80: 640.71 | T80: 1968.66 | U80: 301.05 | V80: 299.97 | W80: 621.99 | X80: 155.97 | Y80: 197.28 | Z80: 151.65 | AA80: 162.45 | AB80: 156.6 | AC80: 223.11 | AD80: 209.88 | AE80: 211.68 | AF80: 762.57 | AG80: 4410.18 | AH80: =Datos_originales!$H66/Datos_originales!$E66 -> 0.00022451492 | AI80: =Datos_originales!$I66/Datos_originales!$E66 -> 0.00029155358 | AJ80: =Datos_originales!$J66/Datos_originales!$E66 -> 0.00040940956 | AK80: =Datos_originales!$K66/Datos_originales!$E66 -> 0.00034194024 | AL80: =Datos_originales!$L66/Datos_originales!$E66 -> 0.00045261863 | AM80: =Datos_originales!$M66/Datos_originales!$E66 -> 0.00025896734 | AN80: =Datos_originales!$N66/Datos_originales!$E66 -> 0.00035134288 | AO80: =Datos_originales!$O66/Datos_originales!$E66 -> 0.0003905325 | AP80: =Datos_originales!$P66/Datos_originales!$E66 -> 0.00094665194 | AQ80: =Datos_originales!$Q66/Datos_originales!$E66 -> 0.00064081496 | AR80: =Datos_originales!$R66/Datos_originales!$E66 -> 0.00035155821 | AS80: =Datos_originales!$S66/Datos_originales!$E66 -> 0.00067060195 | AT80: =Datos_originales!$T66/Datos_originales!$E66 -> 0.0029204883 | AU80: =Datos_originales!$U66/Datos_originales!$E66 -> 0.0020836535 | AV80: =Datos_originales!$V66/Datos_originales!$E66 -> 0.0023729102 | AW80: =Datos_originales!$W66/Datos_originales!$E66 -> 0.0041559664 | AX80: =Datos_originales!$X66/Datos_originales!$E66 -> 0.0024398053 | AY80: =Datos_originales!$Y66/Datos_originales!$E66 -> 0.0016945565 | AZ80: =Datos_originales!$Z66/Datos_originales!$E66 -> 0.0012763185 | BA80: =Datos_originales!$AA66/Datos_originales!$E66 -> 0.0016195507 | BB80: =Datos_originales!$AB66/Datos_originales!$E66 -> 0.001767409 | BC80: =Datos_originales!$AC66/Datos_originales!$E66 -> 0.0021521277 | BD80: =Datos_originales!$AD66/Datos_originales!$E66 -> 0.00431172 | BE80: =Datos_originales!$AE66/Datos_originales!$E66 -> 0.001050081 | BF80: =Datos_originales!$AF66/Datos_originales!$E66 -> 0.0010760638 | BG80: =Datos_originales!$AG66/Datos_originales!$E66 -> 0.0040264109
A81: 21002 | B81: La Paz | C81: Quime | D81: =IF(Table_1[[#This Row],[Forest cover 2011]]<1000,"Bosque menor a 1000 ha",Table_1[[#This Row],[Forest cover 2011]]) -> 23813.64 | E81: 23813.64 | F81: =AVERAGE(Datos_originales!$H64:$J64) -> 380.58 | G81: =AVERAGE(Datos_originales!$R64:$T64) -> 1377.57 | H81: 16.29 | I81: 17.19 | J81: 19.62 | K81: 10.89 | L81: 12.15 | M81: 11.97 | N81: 14.76 | O81: 14.22 | P81: 11.34 | Q81: 33.84 | R81: 24.03 | S81: 199.26 | T81: 148.77 | U81: 102.87 | V81: 95.76 | W81: 163.71 | X81: 32.13 | Y81: 25.65 | Z81: 21.78 | AA81: 23.94 | AB81: 28.62 | AC81: 39.78 | AD81: 43.11 | AE81: 30.78 | AF81: 223.02 | AG81: 633.33 | AH81: =Datos_originales!$H64/Datos_originales!$E64 -> 0.0023132445 | AI81: =Datos_originales!$I64/Datos_originales!$E64 -> 0.0025192453 | AJ81: =Datos_originales!$J64/Datos_originales!$E64 -> 0.0034902045 | AK81: =Datos_originales!$K64/Datos_originales!$E64 -> 0.0023696651 | AL81: =Datos_originales!$L64/Datos_originales!$E64 -> 0.0022213971 | AM81: =Datos_originales!$M64/Datos_originales!$E64 -> 0.0010601824 | AN81: =Datos_originales!$N64/Datos_originales!$E64 -> 0.0044834694 | AO81: =Datos_originales!$O64/Datos_originales!$E64 -> 0.0040911494 | AP81: =Datos_originales!$P64/Datos_originales!$E64 -> 0.0083640257 | AQ81: =Datos_originales!$Q64/Datos_originales!$E64 -> 0.0043962143 | AR81: =Datos_originales!$R64/Datos_originales!$E64 -> 0.00094865332 | AS81: =Datos_originales!$S64/Datos_originales!$E64 -> 0.020859876 | AT81: =Datos_originales!$T64/Datos_originales!$E64 -> 0.0083167899 | AU81: =Datos_originales!$U64/Datos_originales!$E64 -> 0.002834151 | AV81: =Datos_originales!$V64/Datos_originales!$E64 -> 0.0029929159 | AW81: =Datos_originales!$W64/Datos_originales!$E64 -> 0.0042374494 | AX81: =Datos_originales!$X64/Datos_originales!$E64 -> 0.0026202776 | AY81: =Datos_originales!$Y64/Datos_originales!$E64 -> 0.0024516718 | AZ81: =Datos_originales!$Z64/Datos_originales!$E64 -> 0.0013075146 | BA81: =Datos_originales!$AA64/Datos_originales!$E64 -> 0.0050148727 | BB81: =Datos_originales!$AB64/Datos_originales!$E64 -> 0.0046212406 | BC81: =Datos_originales!$AC64/Datos_originales!$E64 -> 0.0089334801 | BD81: =Datos_originales!$AD64/Datos_originales!$E64 -> 0.0053383071 | BE81: =Datos_originales!$AE64/Datos_originales!$E64 -> 0.0010969214 | BF81: =Datos_originales!$AF64/Datos_originales!$E64 -> 0.021683879 | BG81: =Datos_originales!$AG64/Datos_originales!$E64 -> 0.015782022
A82: 21003 | B82: La Paz | C82: Cajuata | D82: =IF(Table_1[[#This Row],[Forest cover 2011]]<1000,"Bosque menor a 1000 ha",Table_1[[#This Row],[Forest cover 2011]]) -> 46961.19 | E82: 46961.19 | F82: =AVERAGE(Datos_originales!$H61:$J61) -> 1.5 | G82: =AVERAGE(Datos_originales!$R61:$T61) -> 9.39 | H82: 47.61 | I82: 81.72 | J82: 125.55 | K82: 68.67 | L82: 67.32 | M82: 46.8 | N82: 50.76 | O82: 60.12 | P82: 59.49 | Q82: 103.23 | R82: 149.49 | S82: 379.08 | T82: 830.34 | U82: 107.19 | V82: 146.61 | W82: 266.04 | X82: 90.36 | Y82: 82.62 | Z82: 55.17 | AA82: 57.33 | AB82: 81.27 | AC82: 74.43 | AD82: 112.86 | AE82: 158.04 | AF82: 408.15 | AG82: 1329.66 | AH82: =Datos_originales!$H61/Datos_originales!$E61 -> 0.0030046948 | AI82: =Datos_originales!$I61/Datos_originales!$E61 -> 0.00093896714 | AJ82: =Datos_originales!$J61/Datos_originales!$E61 -> 0.00075117371 | AK82: =Datos_originales!$K61/Datos_originales!$E61 -> 0.00084507042 | AL82: =Datos_originales!$L61/Datos_originales!$E61 -> 0.00056338028 | AM82: =Datos_originales!$M61/Datos_originales!$E61 -> 0.00084507042 | AN82: =Datos_originales!$N61/Datos_originales!$E61 -> 0.002629108 | AO82: =Datos_originales!$O61/Datos_originales!$E61 -> 0.0016901408 | AP82: =Datos_originales!$P61/Datos_originales!$E61 -> 0.0085446009 | AQ82: =Datos_originales!$Q61/Datos_originales!$E61 -> 0 | AR82: =Datos_originales!$R61/Datos_originales!$E61 -> 0.00028169014 | AS82: =Datos_originales!$S61/Datos_originales!$E61 -> 0.0037558685 | AT82: =Datos_originales!$T61/Datos_originales!$E61 -> 0.025352113 | AU82: =Datos_originales!$U61/Datos_originales!$E61 -> 0.011173709 | AV82: =Datos_originales!$V61/Datos_originales!$E61 -> 0.0061032864 | AW82: =Datos_originales!$W61/Datos_originales!$E61 -> 0.013239437 | AX82: =Datos_originales!$X61/Datos_originales!$E61 -> 0.0020657277 | AY82: =Datos_originales!$Y61/Datos_originales!$E61 -> 0.0014084507 | AZ82: =Datos_originales!$Z61/Datos_originales!$E61 -> 0.0016901408 | BA82: =Datos_originales!$AA61/Datos_originales!$E61 -> 0.0037558685 | BB82: =Datos_originales!$AB61/Datos_originales!$E61 -> 0.002629108 | BC82: =Datos_originales!$AC61/Datos_originales!$E61 -> 0.0092018779 | BD82: =Datos_originales!$AD61/Datos_originales!$E61 -> 0.00018779343 | BE82: =Datos_originales!$AE61/Datos_originales!$E61 -> 0.00028169014 | BF82: =Datos_originales!$AF61/Datos_originales!$E61 -> 0.0056338028 | BG82: =Datos_originales!$AG61/Datos_originales!$E61 -> 0.062535211
A83: 21004 | B83: La Paz | C83: Colquiri | D83: =IF(Table_1[[#This Row],[Forest cover 2011]]<1000,"Bosque menor a 1000 ha",Table_1[[#This Row],[Forest cover 2011]]) -> Bosque menor a 1000 ha | E83: 366.03 | F83: =AVERAGE(Datos_originales!$H54:$J54) -> 0 | G83: =AVERAGE(Datos_originales!$R54:$T54) -> 0 | H83: 0 | I83: 0 | J83: 0 | K83: 0 | L83: 0 | M83: 0 | N83: 0 | O83: 0 | P83: 0.45 | Q83: 0 | R83: 0.09 | S83: 0.36 | T83: 1.62 | U83: 9.99 | V83: 4.32 | W83: 6.93 | X83: 0.72 | Y83: 0.81 | Z83: 1.26 | AA83: 1.17 | AB83: 0.36 | AC83: 1.08 | AD83: 0.27 | AE83: 0.36 | AF83: 0.9 | AG83: 12.51 | AH83: =Datos_originales!$H54/Datos_originales!$E54 -> #DIV/0! | AI83: =Datos_originales!$I54/Datos_originales!$E54 -> #DIV/0! | AJ83: =Datos_originales!$J54/Datos_originales!$E54 -> #DIV/0! | AK83: =Datos_originales!$K54/Datos_originales!$E54 -> #DIV/0! | AL83: =Datos_originales!$L54/Datos_originales!$E54 -> #DIV/0! | AM83: =Datos_originales!$M54/Datos_originales!$E54 -> #DIV/0! | AN83: =Datos_originales!$N54/Datos_originales!$E54 -> #DIV/0! | AO83: =Datos_originales!$O54/Datos_originales!$E54 -> #DIV/0! | AP83: =Datos_originales!$P54/Datos_originales!$E54 -> #DIV/0! | AQ83: =Datos_originales!$Q54/Datos_originales!$E54 -> #DIV/0! | AR83: =Datos_originales!$R54/Datos_originales!$E54 -> #DIV/0! | AS83: =Datos_originales!$S54/Datos_originales!$E54 -> #DIV/0! | AT83: =Datos_originales!$T54/Datos_originales!$E54 -> #DIV/0! | AU83: =Datos_originales!$U54/Datos_originales!$E54 -> #DIV/0! | AV83: =Datos_originales!$V54/Datos_originales!$E54 -> #DIV/0! | AW83: =Datos_originales!$W54/Datos_originales!$E54 -> #DIV/0! | AX83: =Datos_originales!$X54/Datos_originales!$E54 -> #DIV/0! | AY83: =Datos_originales!$Y54/Datos_originales!$E54 -> #DIV/0! | AZ83: =Datos_originales!$Z54/Datos_originales!$E54 -> #DIV/0! | BA83: =Datos_originales!$AA54/Datos_originales!$E54 -> #DIV/0! | BB83: =Datos_originales!$AB54/Datos_originales!$E54 -> #DIV/0! | BC83: =Datos_originales!$AC54/Datos_originales!$E54 -> #DIV/0! | BD83: =Datos_originales!$AD54/Datos_originales!$E54 -> #DIV/0! | BE83: =Datos_originales!$AE54/Datos_originales!$E54 -> #DIV/0! | BF83: =Datos_originales!$AF54/Datos_originales!$E54 -> #DIV/0! | BG83: =Datos_originales!$AG54/Datos_originales!$E54 -> #DIV/0!
A84: 21005 | B84: La Paz | C84: Ichoca | D84: =IF(Table_1[[#This Row],[Forest cover 2011]]<1000,"Bosque menor a 1000 ha",Table_1[[#This Row],[Forest cover 2011]]) -> 1748.52 | E84: 1748.52 | F84: =AVERAGE(Datos_originales!$H25:$J25) -> 2.82 | G84: =AVERAGE(Datos_originales!$R25:$T25) -> 13.83 | H84: 0.27 | I84: 0.18 | J84: 0.45 | K84: 0.27 | L84: 0.18 | M84: 0 | N84: 0 | O84: 0.09 | P84: 0.09 | Q84: 0 | R84: 0 | S84: 8.82 | T84: 41.22 | U84: 14.94 | V84: 9.63 | W84: 18.09 | X84: 5.04 | Y84: 4.32 | Z84: 2.34 | AA84: 3.24 | AB84: 4.14 | AC84: 5.85 | AD84: 4.77 | AE84: 3.78 | AF84: 11.97 | AG84: 152.82 | AH84: =Datos_originales!$H25/Datos_originales!$E25 -> 0.010416667 | AI84: =Datos_originales!$I25/Datos_originales!$E25 -> 0.035714286 | AJ84: =Datos_originales!$J25/Datos_originales!$E25 -> 0.023809524 | AK84: =Datos_originales!$K25/Datos_originales!$E25 -> 0.014136905 | AL84: =Datos_originales!$L25/Datos_originales!$E25 -> 0.030505952 | AM84: =Datos_originales!$M25/Datos_originales!$E25 -> 0.010416667 | AN84: =Datos_originales!$N25/Datos_originales!$E25 -> 0.010416667 | AO84: =Datos_originales!$O25/Datos_originales!$E25 -> 0.019345238 | AP84: =Datos_originales!$P25/Datos_originales!$E25 -> 0.009672619 | AQ84: =Datos_originales!$Q25/Datos_originales!$E25 -> 0.0074404762 | AR84: =Datos_originales!$R25/Datos_originales!$E25 -> 0.00074404762 | AS84: =Datos_originales!$S25/Datos_originales!$E25 -> 0.032738095 | AT84: =Datos_originales!$T25/Datos_originales!$E25 -> 0.30952381 | AU84: =Datos_originales!$U25/Datos_originales!$E25 -> 0.01264881 | AV84: =Datos_originales!$V25/Datos_originales!$E25 -> 0.044642857 | AW84: =Datos_originales!$W25/Datos_originales!$E25 -> 0.037946429 | AX84: =Datos_originales!$X25/Datos_originales!$E25 -> 0.015625 | AY84: =Datos_originales!$Y25/Datos_originales!$E25 -> 0.035714286 | AZ84: =Datos_originales!$Z25/Datos_originales!$E25 -> 0.013392857 | BA84: =Datos_originales!$AA25/Datos_originales!$E25 -> 0.01264881 | BB84: =Datos_originales!$AB25/Datos_originales!$E25 -> 0.023065476 | BC84: =Datos_originales!$AC25/Datos_originales!$E25 -> 0.009672619 | BD84: =Datos_originales!$AD25/Datos_originales!$E25 -> 0.009672619 | BE84: =Datos_originales!$AE25/Datos_originales!$E25 -> 0.0014880952 | BF84: =Datos_originales!$AF25/Datos_originales!$E25 -> 0.032738095 | BG84: =Datos_originales!$AG25/Datos_originales!$E25 -> 0.484375
A85: 21006 | B85: La Paz | C85: Villa Libertad Licoma | D85: =IF(Table_1[[#This Row],[Forest cover 2011]]<1000,"Bosque menor a 1000 ha",Table_1[[#This Row],[Forest cover 2011]]) -> 13737.87 | E85: 13737.87 | F85: =AVERAGE(Datos_originales!$H81:$J81) -> 17.7 | G85: =AVERAGE(Datos_originales!$R81:$T81) -> 124.02 | H85: 10.35 | I85: 11.34 | J85: 14.4 | K85: 8.1 | L85: 12.96 | M85: 10.17 | N85: 7.29 | O85: 9.45 | P85: 5.13 | Q85: 7.47 | R85: 6.03 | S85: 51.21 | T85: 151.2 | U85: 17.19 | V85: 21.78 | W85: 46.98 | X85: 10.08 | Y85: 17.73 | Z85: 11.88 | AA85: 8.64 | AB85: 11.7 | AC85: 9.18 | AD85: 9.9 | AE85: 6.75 | AF85: 56.25 | AG85: 261.63 | AH85: =Datos_originales!$H81/Datos_originales!$E81 -> 0.00068406174 | AI85: =Datos_originales!$I81/Datos_originales!$E81 -> 0.00072185521 | AJ85: =Datos_originales!$J81/Datos_originales!$E81 -> 0.00082389756 | AK85: =Datos_originales!$K81/Datos_originales!$E81 -> 0.00045730094 | AL85: =Datos_originales!$L81/Datos_originales!$E81 -> 0.00051021179 | AM85: =Datos_originales!$M81/Datos_originales!$E81 -> 0.0005026531 | AN85: =Datos_originales!$N81/Datos_originales!$E81 -> 0.00061981285 | AO85: =Datos_originales!$O81/Datos_originales!$E81 -> 0.00059713677 | AP85: =Datos_originales!$P81/Datos_originales!$E81 -> 0.00047619767 | AQ85: =Datos_originales!$Q81/Datos_originales!$E81 -> 0.0014210343 | AR85: =Datos_originales!$R81/Datos_originales!$E81 -> 0.0010090855 | AS85: =Datos_originales!$S81/Datos_originales!$E81 -> 0.0083674734 | AT85: =Datos_originales!$T81/Datos_originales!$E81 -> 0.00624726 | AU85: =Datos_originales!$U81/Datos_originales!$E81 -> 0.0043197932 | AV85: =Datos_originales!$V81/Datos_originales!$E81 -> 0.0040212248 | AW85: =Datos_originales!$W81/Datos_originales!$E81 -> 0.0068746315 | AX85: =Datos_originales!$X81/Datos_originales!$E81 -> 0.0013492267 | AY85: =Datos_originales!$Y81/Datos_originales!$E81 -> 0.0010771138 | AZ85: =Datos_originales!$Z81/Datos_originales!$E81 -> 0.00091460188 | BA85: =Datos_originales!$AA81/Datos_originales!$E81 -> 0.0010053062 | BB85: =Datos_originales!$AB81/Datos_originales!$E81 -> 0.0012018322 | BC85: =Datos_originales!$AC81/Datos_originales!$E81 -> 0.0016704712 | BD85: =Datos_originales!$AD81/Datos_originales!$E81 -> 0.001810307 | BE85: =Datos_originales!$AE81/Datos_originales!$E81 -> 0.0012925365 | BF85: =Datos_originales!$AF81/Datos_originales!$E81 -> 0.0093652209 | BG85: =Datos_originales!$AG81/Datos_originales!$E81 -> 0.026595262
A86: 21101 | B86: La Paz | C86: Chulumani | D86: =IF(Table_1[[#This Row],[Forest cover 2011]]<1000,"Bosque menor a 1000 ha",Table_1[[#This Row],[Forest cover 2011]]) -> 18963.09 | E86: 18963.09 | F86: =AVERAGE(Datos_originales!$H108:$J108) -> 0 | G86: =AVERAGE(Datos_originales!$R108:$T108) -> 0 | H86: 37.08 | I86: 30.33 | J86: 70.65 | K86: 52.2 | L86: 38.52 | M86: 27.36 | N86: 36.99 | O86: 29.07 | P86: 73.53 | Q86: 21.69 | R86: 15.48 | S86: 1082.97 | T86: 185.49 | U86: 53.28 | V86: 37.98 | W86: 110.34 | X86: 59.31 | Y86: 44.19 | Z86: 29.52 | AA86: 39.87 | AB86: 31.59 | AC86: 74.88 | AD86: 26.01 | AE86: 16.92 | AF86: 1094.31 | AG86: 241.47 | AH86: =Datos_originales!$H108/Datos_originales!$E108 -> #DIV/0! | AI86: =Datos_originales!$I108/Datos_originales!$E108 -> #DIV/0! | AJ86: =Datos_originales!$J108/Datos_originales!$E108 -> #DIV/0! | AK86: =Datos_originales!$K108/Datos_originales!$E108 -> #DIV/0! | AL86: =Datos_originales!$L108/Datos_originales!$E108 -> #DIV/0! | AM86: =Datos_originales!$M108/Datos_originales!$E108 -> #DIV/0! | AN86: =Datos_originales!$N108/Datos_originales!$E108 -> #DIV/0! | AO86: =Datos_originales!$O108/Datos_originales!$E108 -> #DIV/0! | AP86: =Datos_originales!$P108/Datos_originales!$E108 -> #DIV/0! | AQ86: =Datos_originales!$Q108/Datos_originales!$E108 -> #DIV/0! | AR86: =Datos_originales!$R108/Datos_originales!$E108 -> #DIV/0! | AS86: =Datos_originales!$S108/Datos_originales!$E108 -> #DIV/0! | AT86: =Datos_originales!$T108/Datos_originales!$E108 -> #DIV/0! | AU86: =Datos_originales!$U108/Datos_originales!$E108 -> #DIV/0! | AV86: =Datos_originales!$V108/Datos_originales!$E108 -> #DIV/0! | AW86: =Datos_originales!$W108/Datos_originales!$E108 -> #DIV/0! | AX86: =Datos_originales!$X108/Datos_originales!$E108 -> #DIV/0! | AY86: =Datos_originales!$Y108/Datos_originales!$E108 -> #DIV/0! | AZ86: =Datos_originales!$Z108/Datos_originales!$E108 -> #DIV/0! | BA86: =Datos_originales!$AA108/Datos_originales!$E108 -> #DIV/0! | BB86: =Datos_originales!$AB108/Datos_originales!$E108 -> #DIV/0! | BC86: =Datos_originales!$AC108/Datos_originales!$E108 -> #DIV/0! | BD86: =Datos_originales!$AD108/Datos_originales!$E108 -> #DIV/0! | BE86: =Datos_originales!$AE108/Datos_originales!$E108 -> #DIV/0! | BF86: =Datos_originales!$AF108/Datos_originales!$E108 -> #DIV/0! | BG86: =Datos_originales!$AG108/Datos_originales!$E108 -> #DIV/0!
A87: 21102 | B87: La Paz | C87: Irupana | D87: =IF(Table_1[[#This Row],[Forest cover 2011]]<1000,"Bosque menor a 1000 ha",Table_1[[#This Row],[Forest cover 2011]]) -> 75065.94 | E87: 75065.94 | F87: =AVERAGE(Datos_originales!$H59:$J59) -> 459.36 | G87: =AVERAGE(Datos_originales!$R59:$T59) -> 2020.08 | H87: 44.28 | I87: 75.06 | J87: 103.14 | K87: 60.12 | L87: 51.93 | M87: 52.83 | N87: 59.22 | O87: 29.52 | P87: 51.93 | Q87: 36.99 | R87: 74.34 | S87: 909.27 | T87: 1444.41 | U87: 170.19 | V87: 200.97 | W87: 316.89 | X87: 112.23 | Y87: 74.07 | Z87: 65.43 | AA87: 75.69 | AB87: 42.84 | AC87: 67.14 | AD87: 60.39 | AE87: 82.62 | AF87: 972.99 | AG87: 2210.13 | AH87: =Datos_originales!$H59/Datos_originales!$E59 -> 0.00087217075 | AI87: =Datos_originales!$I59/Datos_originales!$E59 -> 0.0018396405 | AJ87: =Datos_originales!$J59/Datos_originales!$E59 -> 0.0024444353 | AK87: =Datos_originales!$K59/Datos_originales!$E59 -> 0.001648369 | AL87: =Datos_originales!$L59/Datos_originales!$E59 -> 0.0019999313 | AM87: =Datos_originales!$M59/Datos_originales!$E59 -> 0.00141029 | AN87: =Datos_originales!$N59/Datos_originales!$E59 -> 0.0017376066 | AO87: =Datos_originales!$O59/Datos_originales!$E59 -> 0.0015173751 | AP87: =Datos_originales!$P59/Datos_originales!$E59 -> 0.0029643703 | AQ87: =Datos_originales!$Q59/Datos_originales!$E59 -> 0.0019814103 | AR87: =Datos_originales!$R59/Datos_originales!$E59 -> 0.00089877364 | AS87: =Datos_originales!$S59/Datos_originales!$E59 -> 0.017569695 | AT87: =Datos_originales!$T59/Datos_originales!$E59 -> 0.0042066243 | AU87: =Datos_originales!$U59/Datos_originales!$E59 -> 0.0015076094 | AV87: =Datos_originales!$V59/Datos_originales!$E59 -> 0.0021484361 | AW87: =Datos_originales!$W59/Datos_originales!$E59 -> 0.0029748094 | AX87: =Datos_originales!$X59/Datos_originales!$E59 -> 0.001907663 | AY87: =Datos_originales!$Y59/Datos_originales!$E59 -> 0.0021518035 | AZ87: =Datos_originales!$Z59/Datos_originales!$E59 -> 0.0014944764 | BA87: =Datos_originales!$AA59/Datos_originales!$E59 -> 0.0019100203 | BB87: =Datos_originales!$AB59/Datos_originales!$E59 -> 0.0020884954 | BC87: =Datos_originales!$AC59/Datos_originales!$E59 -> 0.0032391546 | BD87: =Datos_originales!$AD59/Datos_originales!$E59 -> 0.0024036891 | BE87: =Datos_originales!$AE59/Datos_originales!$E59 -> 0.00095669386 | BF87: =Datos_originales!$AF59/Datos_originales!$E59 -> 0.017993657 | BG87: =Datos_originales!$AG59/Datos_originales!$E59 -> 0.0075791301
A88: 21103 | B88: La Paz | C88: Yanacachi | D88: =IF(Table_1[[#This Row],[Forest cover 2011]]<1000,"Bosque menor a 1000 ha",Table_1[[#This Row],[Forest cover 2011]]) -> 21799.26 | E88: 21799.26 | F88: =AVERAGE(Datos_originales!$H100:$J100) -> 0 | G88: =AVERAGE(Datos_originales!$R100:$T100) -> 0 | H88: 8.19 | I88: 2.34 | J88: 12.42 | K88: 9.36 | L88: 14.76 | M88: 4.86 | N88: 12.33 | O88: 6.93 | P88: 39.69 | Q88: 6.12 | R88: 4.77 | S88: 189.99 | T88: 42.39 | U88: 78.75 | V88: 29.34 | W88: 91.98 | X88: 25.38 | Y88: 23.31 | Z88: 13.95 | AA88: 46.35 | AB88: 25.47 | AC88: 52.92 | AD88: 13.86 | AE88: 6.12 | AF88: 210.6 | AG88: 319.5 | AH88: =Datos_originales!$H100/Datos_originales!$E100 -> #DIV/0! | AI88: =Datos_originales!$I100/Datos_originales!$E100 -> #DIV/0! | AJ88: =Datos_originales!$J100/Datos_originales!$E100 -> #DIV/0! | AK88: =Datos_originales!$K100/Datos_originales!$E100 -> #DIV/0! | AL88: =Datos_originales!$L100/Datos_originales!$E100 -> #DIV/0! | AM88: =Datos_originales!$M100/Datos_originales!$E100 -> #DIV/0! | AN88: =Datos_originales!$N100/Datos_originales!$E100 -> #DIV/0! | AO88: =Datos_originales!$O100/Datos_originales!$E100 -> #DIV/0! | AP88: =Datos_originales!$P100/Datos_originales!$E100 -> #DIV/0! | AQ88: =Datos_originales!$Q100/Datos_originales!$E100 -> #DIV/0! | AR88: =Datos_originales!$R100/Datos_originales!$E100 -> #DIV/0! | AS88: =Datos_originales!$S100/Datos_originales!$E100 -> #DIV/0! | AT88: =Datos_originales!$T100/Datos_originales!$E100 -> #DIV/0! | AU88: =Datos_originales!$U100/Datos_originales!$E100 -> #DIV/0! | AV88: =Datos_originales!$V100/Datos_originales!$E100 -> #DIV/0! | AW88: =Datos_originales!$W100/Datos_originales!$E100 -> #DIV/0! | AX88: =Datos_originales!$X100/Datos_originales!$E100 -> #DIV/0! | AY88: =Datos_originales!$Y100/Datos_originales!$E100 -> #DIV/0! | AZ88: =Datos_originales!$Z100/Datos_originales!$E100 -> #DIV/0! | BA88: =Datos_originales!$AA100/Datos_originales!$E100 -> #DIV/0! | BB88: =Datos_originales!$AB100/Datos_originales!$E100 -> #DIV/0! | BC88: =Datos_originales!$AC100/Datos_originales!$E100 -> #DIV/0! | BD88: =Datos_originales!$AD100/Datos_originales!$E100 -> #DIV/0! | BE88: =Datos_originales!$AE100/Datos_originales!$E100 -> #DIV/0! | BF88: =Datos_originales!$AF100/Datos_originales!$E100 -> #DIV/0! | BG88: =Datos_originales!$AG100/Datos_originales!$E100 -> #DIV/0!
A89: 21104 | B89: La Paz | C89: Palos Blancos | D89: =IF(Table_1[[#This Row],[Forest cover 2011]]<1000,"Bosque menor a 1000 ha",Table_1[[#This Row],[Forest cover 2011]]) -> 348032.16 | E89: 348032.16 | F89: =AVERAGE(Datos_originales!$H107:$J107) -> 0.42 | G89: =AVERAGE(Datos_originales!$R107:$T107) -> 7.08 | H89: 1113.48 | I89: 1621.53 | J89: 1940.85 | K89: 1730.43 | L89: 1721.52 | M89: 946.62 | N89: 1678.59 | O89: 1811.7 | P89: 2373.39 | Q89: 1935 | R89: 832.95 | S89: 4443.3 | T89: 3303.72 | U89: 1413.36 | V89: 1815.93 | W89: 2702.16 | X89: 2168.01 | Y89: 1903.32 | Z89: 1037.16 | AA89: 1776.87 | AB89: 1962.36 | AC89: 2461.95 | AD89: 2100.24 | AE89: 866.52 | AF89: 4544.19 | AG89: 4602.96 | AH89: =Datos_originales!$H107/Datos_originales!$E107 -> 0 | AI89: =Datos_originales!$I107/Datos_originales!$E107 -> 0.00011532091 | AJ89: =Datos_originales!$J107/Datos_originales!$E107 -> 3.1451156e-05 | AK89: =Datos_originales!$K107/Datos_originales!$E107 -> 0 | AL89: =Datos_originales!$L107/Datos_originales!$E107 -> 0 | AM89: =Datos_originales!$M107/Datos_originales!$E107 -> 0 | AN89: =Datos_originales!$N107/Datos_originales!$E107 -> 0 | AO89: =Datos_originales!$O107/Datos_originales!$E107 -> 0 | AP89: =Datos_originales!$P107/Datos_originales!$E107 -> 1.0483719e-05 | AQ89: =Datos_originales!$Q107/Datos_originales!$E107 -> 0 | AR89: =Datos_originales!$R107/Datos_originales!$E107 -> 5.2418594e-05 | AS89: =Datos_originales!$S107/Datos_originales!$E107 -> 0.0016669113 | AT89: =Datos_originales!$T107/Datos_originales!$E107 -> 0.00075482775 | AU89: =Datos_originales!$U107/Datos_originales!$E107 -> 0.0097498585 | AV89: =Datos_originales!$V107/Datos_originales!$E107 -> 0.011385319 | AW89: =Datos_originales!$W107/Datos_originales!$E107 -> 0.00670958 | AX89: =Datos_originales!$X107/Datos_originales!$E107 -> 0.0054095989 | AY89: =Datos_originales!$Y107/Datos_originales!$E107 -> 0.0032918877 | AZ89: =Datos_originales!$Z107/Datos_originales!$E107 -> 0.0050426687 | BA89: =Datos_originales!$AA107/Datos_originales!$E107 -> 0.0056926593 | BB89: =Datos_originales!$AB107/Datos_originales!$E107 -> 0.0051894408 | BC89: =Datos_originales!$AC107/Datos_originales!$E107 -> 0.0027677018 | BD89: =Datos_originales!$AD107/Datos_originales!$E107 -> 0.0074644078 | BE89: =Datos_originales!$AE107/Datos_originales!$E107 -> 0.0017402973 | BF89: =Datos_originales!$AF107/Datos_originales!$E107 -> 0.0017717485 | BG89: =Datos_originales!$AG107/Datos_originales!$E107 -> 0.0018031996
A90: 21105 | B90: La Paz | C90: La Asunta | D90: =IF(Table_1[[#This Row],[Forest cover 2011]]<1000,"Bosque menor a 1000 ha",Table_1[[#This Row],[Forest cover 2011]]) -> 263953.26 | E90: 263953.26 | F90: =AVERAGE(Datos_originales!$H117:$J117) -> 782.7 | G90: =AVERAGE(Datos_originales!$R117:$T117) -> 1688.64 | H90: 340.2 | I90: 757.26 | J90: 832.23 | K90: 628.02 | L90: 728.37 | M90: 448.29 | N90: 430.83 | O90: 674.91 | P90: 1060.65 | Q90: 1088.64 | R90: 222.12 | S90: 4654.17 | T90: 2504.52 | U90: 414.45 | V90: 841.59 | W90: 948.87 | X90: 666.27 | Y90: 756.63 | Z90: 464.4 | AA90: 453.87 | AB90: 745.47 | AC90: 1090.35 | AD90: 1110.51 | AE90: 233.82 | AF90: 4739.04 | AG90: 2920.14 | AH90: =Datos_originales!$H117/Datos_originales!$E117 -> 0.0061457662 | AI90: =Datos_originales!$I117/Datos_originales!$E117 -> 0.0091565805 | AJ90: =Datos_originales!$J117/Datos_originales!$E117 -> 0.0096111151 | AK90: =Datos_originales!$K117/Datos_originales!$E117 -> 0.0075084151 | AL90: =Datos_originales!$L117/Datos_originales!$E117 -> 0.0058831674 | AM90: =Datos_originales!$M117/Datos_originales!$E117 -> 0.0026546349 | AN90: =Datos_originales!$N117/Datos_originales!$E117 -> 0.0086113299 | AO90: =Datos_originales!$O117/Datos_originales!$E117 -> 0.0084518609 | AP90: =Datos_originales!$P117/Datos_originales!$E117 -> 0.010769414 | AQ90: =Datos_originales!$Q117/Datos_originales!$E117 -> 0.006898231 | AR90: =Datos_originales!$R117/Datos_originales!$E117 -> 0.00400487 | AS90: =Datos_originales!$S117/Datos_originales!$E117 -> 0.024566831 | AT90: =Datos_originales!$T117/Datos_originales!$E117 -> 0.02517797 | AU90: =Datos_originales!$U117/Datos_originales!$E117 -> 0.0066146244 | AV90: =Datos_originales!$V117/Datos_originales!$E117 -> 0.0093657046 | AW90: =Datos_originales!$W117/Datos_originales!$E117 -> 0.010620449 | AX90: =Datos_originales!$X117/Datos_originales!$E117 -> 0.0075934016 | AY90: =Datos_originales!$Y117/Datos_originales!$E117 -> 0.005947146 | AZ90: =Datos_originales!$Z117/Datos_originales!$E117 -> 0.0026966507 | BA90: =Datos_originales!$AA117/Datos_originales!$E117 -> 0.0087077753 | BB90: =Datos_originales!$AB117/Datos_originales!$E117 -> 0.0087192342 | BC90: =Datos_originales!$AC117/Datos_originales!$E117 -> 0.01086013 | BD90: =Datos_originales!$AD117/Datos_originales!$E117 -> 0.0070128196 | BE90: =Datos_originales!$AE117/Datos_originales!$E117 -> 0.004065029 | BF90: =Datos_originales!$AF117/Datos_originales!$E117 -> 0.024749218 | BG90: =Datos_originales!$AG117/Datos_originales!$E117 -> 0.02603643
A91: 21201 | B91: La Paz | C91: Pucarani | D91: =IF(Table_1[[#This Row],[Forest cover 2011]]<1000,"Bosque menor a 1000 ha",Table_1[[#This Row],[Forest cover 2011]]) -> Bosque menor a 1000 ha | E91: 0.9 | F91: =AVERAGE(Datos_originales!$H320:$J320) -> 501.63 | G91: =AVERAGE(Datos_originales!$R320:$T320) -> 1214.58 | H91: 0 | I91: 0 | J91: 0 | K91: 0 | L91: 0 | M91: 0 | N91: 0 | O91: 0 | P91: 0 | Q91: 0 | R91: 0 | S91: 0 | T91: 0 | U91: 0 | V91: 0 | W91: 0.09 | X91: 0.09 | Y91: 0 | Z91: 0 | AA91: 0 | AB91: 0 | AC91: 0 | AD91: 0 | AE91: 0 | AF91: 0 | AG91: 0 | AH91: =Datos_originales!$H320/Datos_originales!$E320 -> 0.00038295324 | AI91: =Datos_originales!$I320/Datos_originales!$E320 -> 0.00055916844 | AJ91: =Datos_originales!$J320/Datos_originales!$E320 -> 0.0004523385 | AK91: =Datos_originales!$K320/Datos_originales!$E320 -> 0.00039696373 | AL91: =Datos_originales!$L320/Datos_originales!$E320 -> 0.00040688782 | AM91: =Datos_originales!$M320/Datos_originales!$E320 -> 0.00079959837 | AN91: =Datos_originales!$N320/Datos_originales!$E320 -> 0.00034442441 | AO91: =Datos_originales!$O320/Datos_originales!$E320 -> 0.00049328581 | AP91: =Datos_originales!$P320/Datos_originales!$E320 -> 0.00082895367 | AQ91: =Datos_originales!$Q320/Datos_originales!$E320 -> 0.00094312244 | AR91: =Datos_originales!$R320/Datos_originales!$E320 -> 0.00047952551 | AS91: =Datos_originales!$S320/Datos_originales!$E320 -> 0.0016715008 | AT91: =Datos_originales!$T320/Datos_originales!$E320 -> 0.0012253336 | AU91: =Datos_originales!$U320/Datos_originales!$E320 -> 0.0096854146 | AV91: =Datos_originales!$V320/Datos_originales!$E320 -> 0.0052792006 | AW91: =Datos_originales!$W320/Datos_originales!$E320 -> 0.0066729102 | AX91: =Datos_originales!$X320/Datos_originales!$E320 -> 0.0039307749 | AY91: =Datos_originales!$Y320/Datos_originales!$E320 -> 0.0018683982 | AZ91: =Datos_originales!$Z320/Datos_originales!$E320 -> 0.0024959511 | BA91: =Datos_originales!$AA320/Datos_originales!$E320 -> 0.002640059 | BB91: =Datos_originales!$AB320/Datos_originales!$E320 -> 0.0021616176 | BC91: =Datos_originales!$AC320/Datos_originales!$E320 -> 0.0018775717 | BD91: =Datos_originales!$AD320/Datos_originales!$E320 -> 0.0020059178 | BE91: =Datos_originales!$AE320/Datos_originales!$E320 -> 0.0030210941 | BF91: =Datos_originales!$AF320/Datos_originales!$E320 -> 0.0045492377 | BG91: =Datos_originales!$AG320/Datos_originales!$E320 -> 0.011575412
A92: 21202 | B92: La Paz | C92: Laja | D92: =IF(Table_1[[#This Row],[Forest cover 2011]]<1000,"Bosque menor a 1000 ha",Table_1[[#This Row],[Forest cover 2011]]) -> Bosque menor a 1000 ha | E92: 0 | F92: =AVERAGE(Datos_originales!$H256:$J256) -> 1596.33 | G92: =AVERAGE(Datos_originales!$R256:$T256) -> 975 | H92: 0 | I92: 0 | J92: 0 | K92: 0 | L92: 0 | M92: 0 | N92: 0 | O92: 0 | P92: 0 | Q92: 0 | R92: 0 | S92: 0 | T92: 0 | U92: 0 | V92: 0 | W92: 0 | X92: 0 | Y92: 0 | Z92: 0 | AA92: 0 | AB92: 0 | AC92: 0 | AD92: 0 | AE92: 0 | AF92: 0 | AG92: 0 | AH92: 0 | AI92: 0 | AJ92: 0 | AK92: 0 | AL92: 0 | AM92: 0 | AN92: 0 | AO92: 0 | AP92: 0 | AQ92: 0 | AR92: 0 | AS92: 0 | AT92: 0 | AU92: 0 | AV92: 0 | AW92: 0 | AX92: 0 | AY92: 0 | AZ92: 0 | BA92: 0 | BB92: 0 | BC92: 0 | BD92: 0 | BE92: 0 | BF92: 0 | BG92: 0
A93: 21203 | B93: La Paz | C93: Batallas | D93: =IF(Table_1[[#This Row],[Forest cover 2011]]<1000,"Bosque menor a 1000 ha",Table_1[[#This Row],[Forest cover 2011]]) -> Bosque menor a 1000 ha | E93: 7.38 | F93: =AVERAGE(Datos_originales!$H327:$J327) -> 224.82 | G93: =AVERAGE(Datos_originales!$R327:$T327) -> 1121.28 | H93: 0 | I93: 0 | J93: 0 | K93: 0 | L93: 0 | M93: 0 | N93: 0 | O93: 0 | P93: 0 | Q93: 0 | R93: 0 | S93: 0.54 | T93: 0 | U93: 0 | V93: 0 | W93: 0.36 | X93: 0 | Y93: 0 | Z93: 0 | AA93: 0.18 | AB93: 0 | AC93: 0 | AD93: 0 | AE93: 0.09 | AF93: 0.54 | AG93: 0 | AH93: =Datos_originales!$H327/Datos_originales!$E327 -> 0.00024116362 | AI93: =Datos_originales!$I327/Datos_originales!$E327 -> 0.00012225171 | AJ93: =Datos_originales!$J327/Datos_originales!$E327 -> 0.00021863949 | AK93: =Datos_originales!$K327/Datos_originales!$E327 -> 0.00016333884 | AL93: =Datos_originales!$L327/Datos_originales!$E327 -> 0.00011883425 | AM93: =Datos_originales!$M327/Datos_originales!$E327 -> 0.00023891121 | AN93: =Datos_originales!$N327/Datos_originales!$E327 -> 0.00026555183 | AO93: =Datos_originales!$O327/Datos_originales!$E327 -> 0.00033079416 | AP93: =Datos_originales!$P327/Datos_originales!$E327 -> 0.00037755117 | AQ93: =Datos_originales!$Q327/Datos_originales!$E327 -> 0.00034865814 | AR93: =Datos_originales!$R327/Datos_originales!$E327 -> 0.00068496683 | AS93: =Datos_originales!$S327/Datos_originales!$E327 -> 0.00094026629 | AT93: =Datos_originales!$T327/Datos_originales!$E327 -> 0.00127774 | AU93: =Datos_originales!$U327/Datos_originales!$E327 -> 0.0071263269 | AV93: =Datos_originales!$V327/Datos_originales!$E327 -> 0.00272045 | AW93: =Datos_originales!$W327/Datos_originales!$E327 -> 0.0023619278 | AX93: =Datos_originales!$X327/Datos_originales!$E327 -> 0.0012010803 | AY93: =Datos_originales!$Y327/Datos_originales!$E327 -> 0.0014107101 | AZ93: =Datos_originales!$Z327/Datos_originales!$E327 -> 0.0036556677 | BA93: =Datos_originales!$AA327/Datos_originales!$E327 -> 0.0010044213 | BB93: =Datos_originales!$AB327/Datos_originales!$E327 -> 0.0017822031 | BC93: =Datos_originales!$AC327/Datos_originales!$E327 -> 0.0019169596 | BD93: =Datos_originales!$AD327/Datos_originales!$E327 -> 0.00055191907 | BE93: =Datos_originales!$AE327/Datos_originales!$E327 -> 0.0017380868 | BF93: =Datos_originales!$AF327/Datos_originales!$E327 -> 0.0018974645 | BG93: =Datos_originales!$AG327/Datos_originales!$E327 -> 0.017596401
A94: 21204 | B94: La Paz | C94: Puerto Pérez | D94: =IF(Table_1[[#This Row],[Forest cover 2011]]<1000,"Bosque menor a 1000 ha",Table_1[[#This Row],[Forest cover 2011]]) -> Bosque menor a 1000 ha | E94: 0 | F94: =AVERAGE(Datos_originales!$H257:$J257) -> 1785.15 | G94: =AVERAGE(Datos_originales!$R257:$T257) -> 1275.81 | H94: 0 | I94: 0 | J94: 0 | K94: 0 | L94: 0 | M94: 0 | N94: 0 | O94: 0 | P94: 0 | Q94: 0 | R94: 0 | S94: 0 | T94: 0 | U94: 0 | V94: 0 | W94: 0 | X94: 0 | Y94: 0 | Z94: 0 | AA94: 0 | AB94: 0 | AC94: 0 | AD94: 0 | AE94: 0 | AF94: 0 | AG94: 0 | AH94: 0 | AI94: 0 | AJ94: 0 | AK94: 0 | AL94: 0 | AM94: 0 | AN94: 0 | AO94: 0 | AP94: 0 | AQ94: 0 | AR94: 0 | AS94: 0 | AT94: 0 | AU94: 0 | AV94: 0 | AW94: 0 | AX94: 0 | AY94: 0 | AZ94: 0 | BA94: 0 | BB94: 0 | BC94: 0 | BD94: 0 | BE94: 0 | BF94: 0 | BG94: 0
A95: 21301 | B95: La Paz | C95: Sicasica | D95: =IF(Table_1[[#This Row],[Forest cover 2011]]<1000,"Bosque menor a 1000 ha",Table_1[[#This Row],[Forest cover 2011]]) -> Bosque menor a 1000 ha | E95: 4.86 | F95: =AVERAGE(Datos_originales!$H324:$J324) -> 149.46 | G95: =AVERAGE(Datos_originales!$R324:$T324) -> 220.56 | H95: 0 | I95: 0 | J95: 0 | K95: 0 | L95: 0 | M95: 0 | N95: 0 | O95: 0 | P95: 0 | Q95: 0 | R95: 0 | S95: 0 | T95: 0 | U95: 0 | V95: 0 | W95: 0.09 | X95: 0 | Y95: 0 | Z95: 0 | AA95: 0 | AB95: 0 | AC95: 0 | AD95: 0 | AE95: 0 | AF95: 0 | AG95: 0 | AH95: =Datos_originales!$H324/Datos_originales!$E324 -> 0.0018789259 | AI95: =Datos_originales!$I324/Datos_originales!$E324 -> 0.0017320647 | AJ95: =Datos_originales!$J324/Datos_originales!$E324 -> 0.0019742175 | AK95: =Datos_originales!$K324/Datos_originales!$E324 -> 0.00082735519 | AL95: =Datos_originales!$L324/Datos_originales!$E324 -> 0.00088116691 | AM95: =Datos_originales!$M324/Datos_originales!$E324 -> 0.00097757957 | AN95: =Datos_originales!$N324/Datos_originales!$E324 -> 0.00049663733 | AO95: =Datos_originales!$O324/Datos_originales!$E324 -> 0.00071748959 | AP95: =Datos_originales!$P324/Datos_originales!$E324 -> 0.00078923855 | AQ95: =Datos_originales!$Q324/Datos_originales!$E324 -> 0.00074551653 | AR95: =Datos_originales!$R324/Datos_originales!$E324 -> 0.00021524688 | AS95: =Datos_originales!$S324/Datos_originales!$E324 -> 0.0047769112 | AT95: =Datos_originales!$T324/Datos_originales!$E324 -> 0.0032500036 | AU95: =Datos_originales!$U324/Datos_originales!$E324 -> 0.032985463 | AV95: =Datos_originales!$V324/Datos_originales!$E324 -> 0.012510104 | AW95: =Datos_originales!$W324/Datos_originales!$E324 -> 0.017688361 | AX95: =Datos_originales!$X324/Datos_originales!$E324 -> 0.0072870037 | AY95: =Datos_originales!$Y324/Datos_originales!$E324 -> 0.0040852064 | AZ95: =Datos_originales!$Z324/Datos_originales!$E324 -> 0.012744409 | BA95: =Datos_originales!$AA324/Datos_originales!$E324 -> 0.0030941739 | BB95: =Datos_originales!$AB324/Datos_originales!$E324 -> 0.0044630095 | BC95: =Datos_originales!$AC324/Datos_originales!$E324 -> 0.0036412597 | BD95: =Datos_originales!$AD324/Datos_originales!$E324 -> 0.0030246671 | BE95: =Datos_originales!$AE324/Datos_originales!$E324 -> 0.00251794 | BF95: =Datos_originales!$AF324/Datos_originales!$E324 -> 0.010422657 | BG95: =Datos_originales!$AG324/Datos_originales!$E324 -> 0.083876776
A96: 21302 | B96: La Paz | C96: Umala | D96: =IF(Table_1[[#This Row],[Forest cover 2011]]<1000,"Bosque menor a 1000 ha",Table_1[[#This Row],[Forest cover 2011]]) -> Bosque menor a 1000 ha | E96: 0 | F96: =AVERAGE(Datos_originales!$H258:$J258) -> 1300.14 | G96: =AVERAGE(Datos_originales!$R258:$T258) -> 1074.21 | H96: 0 | I96: 0 | J96: 0 | K96: 0 | L96: 0 | M96: 0 | N96: 0 | O96: 0 | P96: 0 | Q96: 0 | R96: 0 | S96: 0 | T96: 0 | U96: 0 | V96: 0 | W96: 0 | X96: 0 | Y96: 0 | Z96: 0 | AA96: 0 | AB96: 0 | AC96: 0 | AD96: 0 | AE96: 0 | AF96: 0 | AG96: 0 | AH96: 0 | AI96: 0 | AJ96: 0 | AK96: 0 | AL96: 0 | AM96: 0 | AN96: 0 | AO96: 0 | AP96: 0 | AQ96: 0 | AR96: 0 | AS96: 0 | AT96: 0 | AU96: 0 | AV96: 0 | AW96: 0 | AX96: 0 | AY96: 0 | AZ96: 0 | BA96: 0 | BB96: 0 | BC96: 0 | BD96: 0 | BE96: 0 | BF96: 0 | BG96: 0
A97: 21303 | B97: La Paz | C97: Ayo Ayo | D97: =IF(Table_1[[#This Row],[Forest cover 2011]]<1000,"Bosque menor a 1000 ha",Table_1[[#This Row],[Forest cover 2011]]) -> Bosque menor a 1000 ha | E97: 6.39 | F97: =AVERAGE(Datos_originales!$H326:$J326) -> 286.26 | G97: =AVERAGE(Datos_originales!$R326:$T326) -> 502.35 | H97: 0 | I97: 0 | J97: 0 | K97: 0 | L97: 0 | M97: 0 | N97: 0 | O97: 0 | P97: 0 | Q97: 0 | R97: 0 | S97: 0 | T97: 0 | U97: 0 | V97: 0 | W97: 0.45 | X97: 0 | Y97: 0 | Z97: 0 | AA97: 0 | AB97: 0 | AC97: 0 | AD97: 0 | AE97: 0 | AF97: 0 | AG97: 0 | AH97: =Datos_originales!$H326/Datos_originales!$E326 -> 0.00029326361 | AI97: =Datos_originales!$I326/Datos_originales!$E326 -> 0.00027190316 | AJ97: =Datos_originales!$J326/Datos_originales!$E326 -> 0.00056091829 | AK97: =Datos_originales!$K326/Datos_originales!$E326 -> 0.00039050676 | AL97: =Datos_originales!$L326/Datos_originales!$E326 -> 0.00028547472 | AM97: =Datos_originales!$M326/Datos_originales!$E326 -> 0.00047665663 | AN97: =Datos_originales!$N326/Datos_originales!$E326 -> 0.00018882164 | AO97: =Datos_originales!$O326/Datos_originales!$E326 -> 0.00026682858 | AP97: =Datos_originales!$P326/Datos_originales!$E326 -> 0.00046910376 | AQ97: =Datos_originales!$Q326/Datos_originales!$E326 -> 0.00080862868 | AR97: =Datos_originales!$R326/Datos_originales!$E326 -> 0.00034341936 | AS97: =Datos_originales!$S326/Datos_originales!$E326 -> 0.00097490973 | AT97: =Datos_originales!$T326/Datos_originales!$E326 -> 0.00065780739 | AU97: =Datos_originales!$U326/Datos_originales!$E326 -> 0.0094722376 | AV97: =Datos_originales!$V326/Datos_originales!$E326 -> 0.0032339246 | AW97: =Datos_originales!$W326/Datos_originales!$E326 -> 0.0041020321 | AX97: =Datos_originales!$X326/Datos_originales!$E326 -> 0.002207325 | AY97: =Datos_originales!$Y326/Datos_originales!$E326 -> 0.0025803657 | AZ97: =Datos_originales!$Z326/Datos_originales!$E326 -> 0.0036869786 | BA97: =Datos_originales!$AA326/Datos_originales!$E326 -> 0.0016291767 | BB97: =Datos_originales!$AB326/Datos_originales!$E326 -> 0.0027262305 | BC97: =Datos_originales!$AC326/Datos_originales!$E326 -> 0.0021164546 | BD97: =Datos_originales!$AD326/Datos_originales!$E326 -> 0.001168806 | BE97: =Datos_originales!$AE326/Datos_originales!$E326 -> 0.0014029448 | BF97: =Datos_originales!$AF326/Datos_originales!$E326 -> 0.002861946 | BG97: =Datos_originales!$AG326/Datos_originales!$E326 -> 0.021775738
A98: 21304 | B98: La Paz | C98: Calamarca | D98: =IF(Table_1[[#This Row],[Forest cover 2011]]<1000,"Bosque menor a 1000 ha",Table_1[[#This Row],[Forest cover 2011]]) -> Bosque menor a 1000 ha | E98: 16.11 | F98: =AVERAGE(Datos_originales!$H116:$J116) -> 444.51 | G98: =AVERAGE(Datos_originales!$R116:$T116) -> 2364.51 | H98: 0 | I98: 0 | J98: 0 | K98: 0 | L98: 0 | M98: 0 | N98: 0.18 | O98: 0 | P98: 0.63 | Q98: 0 | R98: 0 | S98: 4.86 | T98: 0.18 | U98: 0.09 | V98: 0.18 | W98: 0.27 | X98: 0 | Y98: 0 | Z98: 0 | AA98: 0.18 | AB98: 0.18 | AC98: 0.9 | AD98: 0 | AE98: 0 | AF98: 5.67 | AG98: 0.18 | AH98: =Datos_originales!$H116/Datos_originales!$E116 -> 0.0026058698 | AI98: =Datos_originales!$I116/Datos_originales!$E116 -> 0.0025465876 | AJ98: =Datos_originales!$J116/Datos_originales!$E116 -> 0.0042925459 | AK98: =Datos_originales!$K116/Datos_originales!$E116 -> 0.0031859436 | AL98: =Datos_originales!$L116/Datos_originales!$E116 -> 0.0034893668 | AM98: =Datos_originales!$M116/Datos_originales!$E116 -> 0.0017574323 | AN98: =Datos_originales!$N116/Datos_originales!$E116 -> 0.005146083 | AO98: =Datos_originales!$O116/Datos_originales!$E116 -> 0.0062756332 | AP98: =Datos_originales!$P116/Datos_originales!$E116 -> 0.0096814949 | AQ98: =Datos_originales!$Q116/Datos_originales!$E116 -> 0.0069411244 | AR98: =Datos_originales!$R116/Datos_originales!$E116 -> 0.00040668908 | AS98: =Datos_originales!$S116/Datos_originales!$E116 -> 0.045308861 | AT98: =Datos_originales!$T116/Datos_originales!$E116 -> 0.0045258503 | AU98: =Datos_originales!$U116/Datos_originales!$E116 -> 0.0027410079 | AV98: =Datos_originales!$V116/Datos_originales!$E116 -> 0.0027371832 | AW98: =Datos_originales!$W116/Datos_originales!$E116 -> 0.0046527016 | AX98: =Datos_originales!$X116/Datos_originales!$E116 -> 0.0033312808 | AY98: =Datos_originales!$Y116/Datos_originales!$E116 -> 0.003571597 | AZ98: =Datos_originales!$Z116/Datos_originales!$E116 -> 0.0017956789 | BA98: =Datos_originales!$AA116/Datos_originales!$E116 -> 0.0051843296 | BB98: =Datos_originales!$AB116/Datos_originales!$E116 -> 0.0063833612 | BC98: =Datos_originales!$AC116/Datos_originales!$E116 -> 0.0097688247 | BD98: =Datos_originales!$AD116/Datos_originales!$E116 -> 0.0071068598 | BE98: =Datos_originales!$AE116/Datos_originales!$E116 -> 0.00041943795 | BF98: =Datos_originales!$AF116/Datos_originales!$E116 -> 0.045537703 | BG98: =Datos_originales!$AG116/Datos_originales!$E116 -> 0.005525362
A99: 21305 | B99: La Paz | C99: Patacamaya | D99: =IF(Table_1[[#This Row],[Forest cover 2011]]<1000,"Bosque menor a 1000 ha",Table_1[[#This Row],[Forest cover 2011]]) -> Bosque menor a 1000 ha | E99: 0 | F99: =AVERAGE(Datos_originales!$H259:$J259) -> 939.12 | G99: =AVERAGE(Datos_originales!$R259:$T259) -> 506.52 | H99: 0 | I99: 0 | J99: 0 | K99: 0 | L99: 0 | M99: 0 | N99: 0 | O99: 0 | P99: 0 | Q99: 0 | R99: 0 | S99: 0 | T99: 0 | U99: 0 | V99: 0 | W99: 0 | X99: 0 | Y99: 0 | Z99: 0 | AA99: 0 | AB99: 0 | AC99: 0 | AD99: 0 | AE99: 0 | AF99: 0 | AG99: 0 | AH99: 0 | AI99: 0 | AJ99: 0 | AK99: 0 | AL99: 0 | AM99: 0 | AN99: 0 | AO99: 0 | AP99: 0 | AQ99: 0 | AR99: 0 | AS99: 0 | AT99: 0 | AU99: 0 | AV99: 0 | AW99: 0 | AX99: 0 | AY99: 0 | AZ99: 0 | BA99: 0 | BB99: 0 | BC99: 0 | BD99: 0 | BE99: 0 | BF99: 0 | BG99: 0
A100: 21306 | B100: La Paz | C100: Colquencha | D100: =IF(Table_1[[#This Row],[Forest cover 2011]]<1000,"Bosque menor a 1000 ha",Table_1[[#This Row],[Forest cover 2011]]) -> Bosque menor a 1000 ha | E100: 0 | F100: =AVERAGE(Datos_originales!$H260:$J260) -> 771.9 | G100: =AVERAGE(Datos_originales!$R260:$T260) -> 437.79 | H100: 0 | I100: 0 | J100: 0 | K100: 0 | L100: 0 | M100: 0 | N100: 0 | O100: 0 | P100: 0 | Q100: 0 | R100: 0 | S100: 0 | T100: 0 | U100: 0 | V100: 0 | W100: 0 | X100: 0 | Y100: 0 | Z100: 0 | AA100: 0 | AB100: 0 | AC100: 0 | AD100: 0 | AE100: 0 | AF100: 0 | AG100: 0 | AH100: 0 | AI100: 0 | AJ100: 0 | AK100: 0 | AL100: 0 | AM100: 0 | AN100: 0 | AO100: 0 | AP100: 0 | AQ100: 0 | AR100: 0 | AS100: 0 | AT100: 0 | AU100: 0 | AV100: 0 | AW100: 0 | AX100: 0 | AY100: 0 | AZ100: 0 | BA100: 0 | BB100: 0 | BC100: 0 | BD100: 0 | BE100: 0 | BF100: 0 | BG100: 0
...

Sheet Datos_procesados
A1: ID | B1: Municipio | C1: Sin bosque 2011 | D1: Forest cover 2011 | E1: Forest Loss 2012 | F1: Forest Loss 2013 | G1: Forest Loss 2014 | H1: Forest Loss Promedio 2012-2014 | I1: Forest Loss 2022 | J1: Forest Loss 2023 | K1: Forest Loss 2024 | L1: Forest Loss Promedio 2022-2024 | M1: Tasa promedio de pérdida de bosque 2012-2014 | N1: Tasa promedio de pérdida de bosque 2022-2024 | P1: Departamento | Q1: Forest cover 2011 | R1: Forest Loss Promedio 2012-2014 | S1: Forest Loss Promedio 2022-2024 | T1: Tasa promedio de pérdida de bosque 2012-2014 | U1: Tasa promedio de pérdida de bosque 2022-2024
A2: 10101 | B2: Sucre | C2: =IF(D2<1000,"Bosque menor a 1000 ha",D2) -> 17890.56 | D2: 17890.56 | E2: 34.56 | F2: 19.53 | G2: 233.73 | H2: =AVERAGE(E2:G2) -> 95.94 | I2: 1.08 | J2: 44.64 | K2: 527.58 | L2: =AVERAGE(I2:K2) -> 191.1 | M2: =IF(D2<1000,"",(H2/D2)*100) -> 0.53626046 | N2: =IF(D2<1000,"",(L2/D2)*100) -> 1.0681611 | P2: Chuquisaca | Q2: =SUM(D2:D30) -> 2722839.8 | R2: =SUM(H2:H30) -> 7056.54 | S2: =SUM(L2:L30) -> 15128.85 | T2: =IF(Q2=0,0,(R2/Q2)*100) -> 0.25916105 | U2: =IF(Q2=0,0,(S2/Q2)*100) -> 0.55562763
A3: 10102 | B3: Yotala | C3: =IF(Table_1[[#This Row],[Forest cover 2011]]<1000,"Bosque menor a 1000 ha",Table_1[[#This Row],[Forest cover 2011]]) -> 1252.89 | D3: 1252.89 | E3: 3.69 | F3: 3.96 | G3: 24.03 | H3: =AVERAGE(E3:G3) -> 10.56 | I3: 0.18 | J3: 2.52 | K3: 8.73 | L3: =AVERAGE(I3:K3) -> 3.81 | M3: =IF(D3<1000,"",(H3/D3)*100) -> 0.84285133 | N3: =IF(D3<1000,"",(L3/D3)*100) -> 0.30409693 | P3: La Paz | Q3: =SUM(D31:D117) -> 6682190.1 | R3: =SUM(H31:H117) -> 22673.07 | S3: =SUM(L31:L117) -> 37850.85 | T3: =IF(Q3=0,0,(R3/Q3)*100) -> 0.33930597 | U3: =IF(Q3=0,0,(S3/Q3)*100) -> 0.56644377
A4: 10103 | B4: Poroma | C4: =IF(Table_1[[#This Row],[Forest cover 2011]]<1000,"Bosque menor a 1000 ha",Table_1[[#This Row],[Forest cover 2011]]) -> 26070.66 | D4: 26070.66 | E4: 53.46 | F4: 32.49 | G4: 270 | H4: =AVERAGE(E4:G4) -> 118.65 | I4: 1.98 | J4: 67.23 | K4: 3.51 | L4: =AVERAGE(I4:K4) -> 24.24 | M4: =IF(D4<1000,"",(H4/D4)*100) -> 0.45510931 | N4: =IF(D4<1000,"",(L4/D4)*100) -> 0.092978083 | P4: Cochabamba | Q4: =SUM(D118:D165) -> 2540511 | R4: =SUM(H118:H165) -> 19222.95 | S4: =SUM(L118:L165) -> 20813.22 | T4: =IF(Q4=0,0,(R4/Q4)*100) -> 0.75665683 | U4: =IF(Q4=0,0,(S4/Q4)*100) -> 0.81925329
A5: 10201 | B5: Azurduy | C5: =IF(Table_1[[#This Row],[Forest cover 2011]]<1000,"Bosque menor a 1000 ha",Table_1[[#This Row],[Forest cover 2011]]) -> 93727.26 | D5: 93727.26 | E5: 43.74 | F5: 80.46 | G5: 544.41 | H5: =AVERAGE(E5:G5) -> 222.87 | I5: 174.51 | J5: 572.31 | K5: 252.36 | L5: =AVERAGE(I5:K5) -> 333.06 | M5: =IF(D5<1000,"",(H5/D5)*100) -> 0.23778568 | N5: =IF(D5<1000,"",(L5/D5)*100) -> 0.35535019 | P5: Oruro | Q5: =SUM(D166:D200) -> 0 | R5: =SUM(H166:H200) -> 0 | S5: =SUM(L166:L200) -> 0 | T5: =IF(Q5=0,0,(R5/Q5)*100) -> 0 | U5: =IF(Q5=0,0,(S5/Q5)*100) -> 0
A6: 10202 | B6: Tarvita | C6: =IF(Table_1[[#This Row],[Forest cover 2011]]<1000,"Bosque menor a 1000 ha",Table_1[[#This Row],[Forest cover 2011]]) -> 39639.24 | D6: 39639.24 | E6: 20.52 | F6: 43.11 | G6: 417.69 | H6: =AVERAGE(E6:G6) -> 160.44 | I6: 169.74 | J6: 182.88 | K6: 45 | L6: =AVERAGE(I6:K6) -> 132.54 | M6: =IF(D6<1000,"",(H6/D6)*100) -> 0.40475044 | N6: =IF(D6<1000,"",(L6/D6)*100) -> 0.33436564 | P6: Potosi | Q6: =SUM(D201:D242) -> 42890.04 | R6: =SUM(H201:H242) -> 274.32 | S6: =SUM(L201:L242) -> 240.12 | T6: =IF(Q6=0,0,(R6/Q6)*100) -> 0.63958905 | U6: =IF(Q6=0,0,(S6/Q6)*100) -> 0.55985026
A7: 10301 | B7: Zudáñez | C7: =IF(Table_1[[#This Row],[Forest cover 2011]]<1000,"Bosque menor a 1000 ha",Table_1[[#This Row],[Forest cover 2011]]) -> 9395.1 | D7: 9395.1 | E7: 8.73 | F7: 6.93 | G7: 143.28 | H7: =AVERAGE(E7:G7) -> 52.98 | I7: 0.81 | J7: 39.15 | K7: 4.32 | L7: =AVERAGE(I7:K7) -> 14.76 | M7: =IF(D7<1000,"",(H7/D7)*100) -> 0.56391097 | N7: =IF(D7<1000,"",(L7/D7)*100) -> 0.15710317 | P7: Tarija | Q7: =SUM(D243:D253) -> 2593653.8 | R7: =SUM(H243:H253) -> 11051.19 | S7: =SUM(L243:L253) -> 26395.92 | T7: =IF(Q7=0,0,(R7/Q7)*100) -> 0.42608577 | U7: =IF(Q7=0,0,(S7/Q7)*100) -> 1.0177118
